audit_id,row_id,user_id,text,conversation_history,model_label_id,model_label_name,model_is_crisis,source_file,human_label_id,human_is_crisis,human_note
A0000,campus_17173_t0,campus_17173,因网课课表的事，学习委员兼舍友很生气，怎么办？因为网课的事情有一节课程课程表里没有，就在群里问，里面也有老师，然后学习委员也就是我舍友就很生气，说我应该去问她，不然老师怎么想她。和是又吵架了怎么办。,,4,愤怒,0,时序性对话_campus/17173.json,,,
A0001,cpcd_d1c5b146b5_s6_t51,cpcd_d1c5b146b5,"是的...那个声音几乎每天都在我脑子里响。我试过按你说的，在图书馆闭馆就回宿舍，但躺在床上反而更焦虑。我总觉得别人都在熬夜，我如果睡了，差距就会越来越大。

模拟测试的成绩出来，我甚至不敢看错题。好像一翻开，就证明我之前的熬夜都是白费力气。有时候我会想，是不是我天生就不适合学习，再怎么拼命也没用。","我听到你内心的挣扎，那种“如果我休息了，就等于放弃了”的信念，一定让你每次想要停下来时都感到强烈的恐惧和自责。

我注意到，这个想法背后似乎有一个很深的信念在影响你——就是“努力必须是持续且痛苦的，任何中断都意味着失败”。当这个信念被激活时，休息就变成了一个危险的信号，让你无法真正放松。

如果我们一起退一步看，你觉得有没有可能，“放弃”和“有策略的暂停”其实是两件不同的事？比如，就像长跑运动员在比赛中调整呼吸和步伐，是为了更好地完成全程，而不是退出比赛。对你来说，什么样的短暂调整，可能会让你觉得是在“为了更好地前进”，而不是“放弃”呢？
我明白您的意思...但对我来说，休息真的就是放弃。每次我停下来，脑子里就会自动出现“你又偷懒了”的声音。就像上周，我实在撑不住趴在图书馆桌上睡了二十分钟，醒来后整个人都慌了，觉得那二十分钟完全浪费了，必须用熬夜补回来。
我听到你内心的挣扎，那种“休息就是放弃”的信念，以及醒来后感到慌乱、觉得必须用熬夜补回来的感受，一定让你非常疲惫和煎熬。

我注意到，当你趴在桌上睡了二十分钟后，那个“你又偷懒了”的声音会立刻出现，并让你觉得必须用熬夜来“弥补”——这背后似乎有一个很深的信念在影响你，就是“努力必须是持续且痛苦的，任何中断都必须被惩罚性地补偿”。当这个信念被激活时，短暂的休息就变成了需要被“还债”的错误。

如果我们一起退一步看，你觉得有没有可能，那二十分钟的睡眠其实是你的身体在极度疲惫下发出的求救信号？就像手机电量耗尽时会自动关机一样，大脑在过度消耗后也需要强制休息来防止彻底死机。对你来说，如果暂时放下“必须补偿”的想法，你觉得那二十分钟的睡眠，有没有可能反而是身体在帮你避免更严重的崩溃呢？
我明白你的意思...但每次我稍微放松一点，那个声音就会变得特别响。它说如果我不熬夜补上，之前的努力就都白费了。
我听到那个声音在你放松时变得特别响亮，告诉你“如果不熬夜补上，努力就白费了”，这一定让你感到非常焦虑和矛盾，好像永远被困在“拼命”和“崩溃”之间。

我注意到，这个声音背后似乎有一个根深蒂固的信念在运作，那就是“努力必须是一个不间断的、痛苦的过程，任何中断都会让之前的积累归零”。当这个信念被触发时，休息就不再是恢复，而是一种需要被“惩罚性补偿”的过错。

如果我们一起退一步看，你觉得有没有可能，这个信念本身，就像一台设定错误的警报器，在你最需要喘息的时候，反而发出了最刺耳的警告？我们是否可以尝试，暂时不去听从那个“必须补偿”的命令，而是去倾听一下你身体发出的那个更微弱、但更真实的信号——比如疲惫、空白和无法集中——看看它真正需要的是什么？",5,恐惧,0,CPCD/conversation_9_consultation_events_张悦_496_张悦.json,,,
A0002,campus_12210_t4,campus_12210,听起来还挺困难的，但我愿意付出努力。学习之外，我还需要做些什么呢？,"怎样能成为一名真正的心理咨询师？几年前，开始对心理学产生了浓厚的兴趣，也在断断续续的学习中，可是不知道如何才能成为一名真正的心理咨询师呢？
心理咨询师是一个非常有价值的职业。首先，你需要有真正的兴趣和热情。这个职业需要耐心、同理心和善于倾听，确保你真正想要帮助他人。
是的，我对帮助他人解决心理问题充满了热情。但是我不知道如何开始我的职业生涯。
没有关系，作为心理咨询师，你需要取得相关的专业证书。这通常需要一年以上的专业学习并通过考试，确保你有足够的理论和技能来帮助他人。",0,中性,0,时序性对话_campus/12210.json,,,
A0003,campus_10546_t10,campus_10546,感觉你说得有道理，我会尝试着写下来我的想法，并试着去实现一些小目标。谢谢你的建议。,"这个问题还挺有意思的，也许你的想法已经接近答案了。我觉得你可以尝试一下去思考一下自己的内心，看看你真正想要什么，或者有没有潜在的原因导致你无法坚持去做某事。有时候我们自己并不太了解自己，但潜意识里可能早已知道。
潜意识里的东西怎么找呢？
这需要一些方法和时间，但是我可以跟你分享一些思考路径，比如把自己置身于环境之中，比如社交网络、电视节目、文学作品、新闻和社交场合等，去看看自己在这些场景中最自然的反应和习惯，以此来理解自己的内心需求和渴望。不过，这个过程可能会比较漫长，需要你耐心和付出。
这个方法好像可行性不太高，我不太愿意去尝试。有没有其他方法可以帮助我解决这个问题？
当然，这个只是一个思考方向，你完全可以选择其他方法。比如，你可以先写下所有你想要做的事情，在这些事情里找到你真正感兴趣的，并制定一些能够激发你兴趣的小目标，一步一步地去实现。在这个过程中，不断地评估和调整你的目标是非常重要的。此外，你也可以寻求一些心灵导师的帮助，让他们帮你认识自己，并帮你寻找自己心灵深处的答案。",1,高兴,0,时序性对话_campus/10546.json,,,
A0004,campus_12998_t2,campus_12998,你的意思是我应该主动聆听他的感受，但不能让他一直沉溺于悲伤中？,"我有一个学弟，他患有重度抑郁症，最近在学校宿舍试图自杀。他接受治疗已经一年多了，但这是他第一次出现如此严重的情况。我不知道该如何与他相处，能对他和周围的人产生最好的影响，所以请你给些建议，非常感谢！
看得出来你是个善良的人，愿意接纳他，只是不知道如何相处。其实，交谈并不是最重要的，真诚善意的陪伴才是最关键的。首先，你可以尝试成为一个好的倾听者，让你的学弟跟你倾诉他的感受，但不要让他总是陷入自怜之中。不断谈论抑郁症可能会让他感到更加沮丧，你需要倾听他说话，但要设定一些界限。",0,中性,0,时序性对话_campus/12998.json,,,
A0005,cpcd_d1c5b146b5_s12_t9,cpcd_d1c5b146b5,我没想到她们会这么做。那天我按照你说的，回去跟她们道歉，也简单说了家里的情况。说完我就想赶紧回床上躲着，结果她们把我叫住了。,"嗯，听起来事情的发展和你的预想不太一样。你愿意具体说说她们是怎么回应的吗？
她们……她们没有怪我。反而凑了钱，说让我先去上大师课。
嗯，这确实出乎意料。你当时听到她们这么说，心里是什么感觉？
我…我当时愣住了。她们把钱塞给我的时候，我手都在抖。
嗯，听起来这件事让你很意外。你愿意多说说当时的具体情况吗？",2,惊讶,0,CPCD/conversation_8_consultation_events_张悦_134_张悦.json,,,
A0006,79874001,anon_0089,我从来没有意识到自己在冷静下来之前会有一段愤怒，这让我感到纳闷。,我从来没有意识到自己在冷静下来之前会有一段愤怒，这让我感到纳闷。也许我一直在回避我的真实感受？,4,愤怒,0,时序性对话_merged.json,,,
A0007,cpcd_305be79653_s2_t53,cpcd_305be79653,嗯...我好像确实总是这样想。但就算问了，答案也还是“没有证据”，可我还是不敢说。,"我听到你说，那种“一张嘴整个房间都会突然安静”的感觉特别真实，而且即使有人接话，你也担心自己不知道接下来该说什么，可能还是会冷场。这种对“冷场”的层层担忧，确实像一张无形的网，让你在开口前就感到被困住了。

我想和你一起看看，这种“我不知道接下来该说什么”的担心，会不会也是一种常见的预测？它让我们在还没开始对话时，就已经在脑海里预演了一连串的困难，而忽略了对话其实是两个人（或更多人）共同参与、自然流动的过程。

如果下次再遇到类似场合，当这个“接下来该说什么”的念头冒出来时，你愿不愿意试着先把它当作一个“想法”来观察，而不是急着去应对它？我们可以一起练习，如何更温和地看待这些自动产生的担忧。
嗯...其实我也知道对话是两个人的事。但每次话到嘴边，就会想“万一我说完没人接怎么办”。上周聚餐就是这样，我看着他们聊得那么开心，总觉得插话会打断那种气氛。
我听到你再次提到上周聚餐的场景，那种“插话会打断气氛”的念头让你把话又咽了回去。我能感受到，即使你明白对话是双方的事，但那个“万一没人接”的担忧依然非常真实，像一道无形的屏障挡在你面前。

我想和你一起看看，这种“插话会打断气氛”的想法，会不会是一种叫做“读心术”的认知习惯？它让你在还没尝试前，就已经在心里假设了别人的反应——好像你能预知大家一定会觉得你的加入是种打扰。

如果下次再遇到类似场合，当这个念头出现时，你愿不愿意试着先停一下，问问自己：“我有没有确切的证据，能证明我开口就一定会打断气氛？还是说，这更多是我内心担忧的一种放大？”
嗯...我好像确实总是这样。还没开口就觉得别人会嫌我烦。但有时候看他们聊得那么开心，我又觉得自己的话题可能很无聊。
我听到你提到，还没开口就觉得别人会嫌你烦，同时又担心自己的话题可能很无聊。这种“我可能会打扰别人”和“我的话题不够有趣”的想法叠加在一起，确实会让人在社交时感到格外犹豫和紧张。

我想和你一起看看，这种“别人会嫌我烦”和“我的话题很无聊”的想法，会不会像一种叫做“双重预测”的思维习惯？它让你在开口前，就同时预判了别人的反应和对话的结果，而忽略了其实你并没有确切的证据来证明这些预测。

如果下次再遇到类似场合，当这些念头一起出现时，你愿不愿意试着先在心里停一下，问问自己：“我有没有实际的依据，能证明大家一定会觉得我烦或我的话题无聊？还是说，这更多是我对自己的一种苛刻的预先判断？”",3,悲伤,0,CPCD/conversation_6_consultation_events_张伟_687_张伟.json,,,
A0008,566902009,anon_0735,父母很虚伪，以前令我厌恶，现在我理解了，同样我也虚伪的可以，表里不一，特别恶心。,越来越暴躁，发完脾气就很崩溃？我应该是爱我的母亲的，但是她性格急躁，小的时候给我带来了很多不好的记忆。父亲呢，更爱弟弟。母亲在我长大后脾气克制了很多。可是她一发脾气，她给我带来的回忆全部涌上来了。我经常控制不住自己，很烦躁，大吼大叫。在同学眼里我又是个很温柔的人，其实并不是。我很病态。父母很虚伪，以前令我厌恶，现在我理解了，同样我也虚伪的可以，表里不一，特别恶心。觉得这个世界很讨厌。遇到有人讨厌这个世界，我会极力劝解他们，可心里又会想，如果离去，何尝不是一种解脱。看见别人不好过，会心想，这个人死了多好。,6,厌恶,0,时序性对话_merged.json,,,
A0009,cpcd_d1c5b146b5_s6_t15,cpcd_d1c5b146b5,我当时觉得只是有点累，休息一下就好了。而且那节解剖实验很重要，我不想错过任何细节。,"听起来当时的情况确实很突然。能多和我聊聊晕倒之前，你身体还有哪些感觉吗？
其实那几天一直有点乏力，但我以为是没睡好。上课前就觉得眼前有点发黑，但我还是坚持去了实验室。
听起来那几天身体已经有些不适了。能多和我聊聊你当时坚持去上课的想法吗？
我当时觉得只是有点累，休息一下就好了。解剖课很重要，不能随便请假。
听起来你当时身体已经很不舒服了。能多和我聊聊你坚持去上课时，心里具体是怎么想的吗？",5,恐惧,0,CPCD/conversation_9_consultation_events_张悦_390_张悦.json,,,
A0010,cpcd_305be79653_s15_t3,cpcd_305be79653,老师，说实话，我到现在还有点懵。市场营销策划案……我以为最多就是个及格分，没想到老师给了那么好的评语。还有高数，我补考前觉得自己肯定过不了，结果居然过了。,"你好，张伟。距离上次见面过了一周，这一周过得怎么样？
老师好。这一周…有点不太真实。我的期末成绩都出来了。
嗯，听起来这一周对你来说有些特别。你愿意和我具体说说，成绩出来后发生了什么吗？",2,惊讶,0,CPCD/conversation_7_consultation_events_张伟_889_张伟.json,,,
A0011,slang_95_1_85f40200,slang_015,刷到Huh猫和吐舌羊笑出猪叫，明天考试也不慌了,,1,高兴,0,梗数据集_hot_speech_synth.txt,,,
A0012,151985002,anon_0609,我有时会想自己死了会怎么样，还担心意外发生，还会想到他人的死亡，我感觉胸闷难受。,可是为什么我会胡思乱想呢？我有时会想自己死了会怎么样，还担心意外发生，还会想到他人的死亡，我感觉胸闷难受。,2,惊讶,0,时序性对话_merged.json,,,
A0013,268580003,anon_0378,可我却很反感，因为我一点都不觉得自己幸福，我接受了父母的打骂，为什么大家总是觉得独生子女过得很幸福呢？！！,我是一位26岁的女性，每次看到别家父母责骂小孩时，都会联想到自己，感觉很难受。我是独生女，其他人一听到我是独生子女，大多都会说“哇，那你一定独享幸福”之类的话。可我却很反感，因为我一点都不觉得自己幸福，我接受了父母的打骂，为什么大家总是觉得独生子女过得很幸福呢？！！从小到大，我父母从来没有认真对待过我的情绪。小时候，我也不是个乖巧的孩子，经常发脾气，而且能够将情绪深埋心底。我妈妈比较强势，我爸爸则装作大度。只要我不按照我妈的意思去做事，她就会立刻大声呵斥我并强迫我去配合。我讨厌我父母之间不和谐，但我也讨厌他们统一战线地指责我，我感觉无论他们之间感情好坏，都没有人会站在我这边，我感到特别孤立无援。每次看电视剧，我总是想着父母什么时候能理解和包容我。或许，那样我也能逐渐振作起来，成为别人家的孩子。我总觉得内心很苦，父母不够爱我，他们只喜欢别人家的孩子，而我常常暗自陷入哀伤之中。从初中开始，我就开始无法忍受别人教训孩子成绩不好或爱玩耍，仿佛自己也被鞭打一样。现在已经成年了，虽然我知道有些孩子确实不懂事，但我仍然觉得小孩子不被倾听真的很可怜。当我看到学生被家长扇耳光并选择跳楼时，我又会被触动，我该怎么走出这个困境呢？,6,厌恶,0,时序性对话_merged.json,,,
A0014,campus_13159_t2,campus_13159,是的，有一件事情一直在我心里憋着，让我一直很生气，甚至陷入了抑郁的情绪。我真的想让他付出代价。他不喜欢我却利用我，我跟他闹翻了，把他当工具人的行为都暴露了。但是我没有选择一个好的解决方法，反而让问题更加棘手。,"一个人越不喜欢你，越能伤害地下去手，这两天情绪差？
嗯，听你说起来，你最近情绪确实比较低落，看来这两天发生了什么事情让你很气愤吧？",4,愤怒,0,时序性对话_campus/13159.json,,,
A0015,cpcd_305be79653_s15_t3,cpcd_305be79653,老师，说实话，我到现在还有点懵。市场营销策划案……我以为最多就是个及格分，没想到老师给了那么好的评语。还有高数，我补考前觉得自己肯定过不了，结果居然过了。,"你好，张伟。距离上次见面过了一周，这一周过得怎么样？
老师好。这一周…有点不太真实。我的期末成绩都出来了。
嗯，听起来这一周对你来说有些特别。你愿意和我具体说说，成绩出来后发生了什么吗？",2,惊讶,0,CPCD/conversation_7_consultation_events_张伟_889_张伟.json,,,
A0016,cpcd_d1c5b146b5_s6_t27,cpcd_d1c5b146b5,是的…您说得对。我最近晚上总是睡不着，脑子里不停地想实验数据、想还没回复的简历、想那门课万一挂科怎么办。白天在实验室也集中不了精神，做错了好几个步骤。我感觉自己像一台快要散架的机器，但不敢停下来。,"听起来你心里压着很多对未来的担忧，好像每一步都关系到能否顺利毕业和帮到家里，这种紧迫感让你在实验时也停不下来。能和我多说说，这种“来不及了”的感觉，是从什么时候开始变得这么强烈的吗？
可能就是最近这两周吧。晚上躺在床上，脑子里全是那些没做完的实验和没回音的简历，越想越清醒。白天在实验室也集中不了精神，数据总出错，越错越着急。
听起来这两周你一直处在这种紧绷的状态里，晚上睡不好，白天又被“来不及了”的感觉追赶着。这种喘不过气的感受，是不是让你觉得特别疲惫？
是的…特别累。我感觉自己像一台快没电的机器，晚上明明身体很累，脑子却停不下来，一直在想实验数据、招聘信息，还有那门课。白天在实验室，注意力也很难集中，效率特别低。
听起来这两周你一直处在一种高度紧张和疲惫的状态里，像被一个无形的时钟追赶着，连休息的时间都被担忧填满了。这种“来不及了”的感觉，似乎让你把实验、求职和毕业都看成了必须立刻完美完成的任务，一旦出现波动，就会触发“一切都完了”的警报。",5,恐惧,0,CPCD/conversation_9_consultation_events_张悦_316_张悦.json,,,
A0017,cpcd_d1c5b146b5_s4_t47,cpcd_d1c5b146b5,嗯……您说得对，我确实把聚餐想得太严重了。其实室友们平时都挺好的，只是我总觉得……如果去了，万一我说错话或者接不上话题，她们会不会觉得我很无趣？而且最近学习压力这么大，我总担心稍微放松一点就会落后更多。上次小测验的事，我现在想起来还是很难受。,"听起来，当你尝试融入却感到尴尬时，那种“硬凑上去”和“浪费时间”的感觉会立刻涌上来，让你想要离开。这确实会让人感到挫败，好像自己的努力又一次落空了。

我注意到，当你发现自己“完全插不上话”时，心里可能很快地冒出一个念头：“我在这里是多余的”或者“这样的社交没有意义”，这个想法就像一堵墙，一下子隔开了你和周围的人。我们可以一起试着慢下来看看：这个“插不上话就等于社交失败”的想法，有没有可能把一次简单的相处，变成了一场对自己是否“够好”的评判呢？

如果下次再遇到类似的情境，当你感到尴尬、想要离开前，可以试着先在心里问自己一句：“我坐在这里，哪怕只是安静地听着，是不是也算一种陪伴呢？”你愿意想象一下，如果试着这样调整内心的对话，可能会带来怎样不同的体验吗？
嗯……其实我试过。上周在图书馆，我鼓起勇气坐在了平时总在一起讨论的几个同学旁边。他们一开始在聊一个比赛，我完全听不懂，就只是低头看书。后来他们话题转到食堂新开的窗口，我其实知道那个窗口，但就是不知道怎么自然地接话。最后他们收拾东西走了，我才松了口气，又觉得自己很失败。
听起来，当你鼓起勇气尝试靠近同学，却发现自己“完全听不懂”或“不知道怎么接话”时，那种“很失败”的感觉一下子就淹没了你，这一定让你感到既挫败又孤单。

我注意到，在那个情境里，当你发现自己暂时无法参与讨论时，心里似乎很快地得出了一个结论：“我在这里是多余的”或者“我又搞砸了”。我们可以一起试着慢下来看看：这个“听不懂或接不上话就等于失败”的想法，有没有可能把一次普通的社交尝试，变成了一场对自己社交能力的严厉审判呢？

如果下次再遇到类似的情况，当你感到自己“插不上话”而开始自我批评时，可以试着先在心里对自己说：“没关系，我可以先当个安静的听众，这本身也是一种参与的方式。”你愿意想象一下，如果试着用这样更温和的眼光看待自己的尝试，你内心的感受可能会有什么不同吗？
嗯…您说得对。我好像总是立刻就觉得，自己又搞砸了。那天晚上，她们聊得那么开心，我坐在旁边，却觉得像隔着一层玻璃。其实…我并不是完全不想去。我只是不知道去了该说什么，万一她们聊的话题我都不懂呢？而且，我最近确实…学习上也有点吃力。我怕如果去聚餐，回来更没时间复习了。
我听到你内心的这种拉扯——既想尝试融入，又担心自己“搞砸”或耽误学习，这种矛盾一定让你感到很累。你提到“怕去了不知道该说什么”，以及“怕聚餐回来更没时间复习”，这两个担忧听起来都很真实，也让你在社交和学习之间感到左右为难。

我注意到，当你想到聚餐时，脑海里似乎很快地浮现出两个画面：一个是“自己坐在那里插不上话的尴尬”，另一个是“复习时间被挤占后的焦虑”。这两个画面好像形成了一种自动的联想：“去社交=尴尬+耽误学习”，所以选择回避似乎就成了更安全的选择。

我们可以一起试着慢下来看看：这个“去了就会尴尬且耽误学习”的想法，有没有可能把一次简单的聚餐，想象成了一场必须“表现完美”的考验，同时又放大了它对学习的影响呢？如果试着把聚餐看作一次短暂的放松和观察的机会，而不是对自己的社交能力或时间管理能力的考试，你内心的压力会不会有所不同？",1,高兴,0,CPCD/conversation_10_consultation_events_张悦_966_张悦.json,,,
A0018,campus_10875_t6,campus_10875,我试着和他沟通，可是每次谈话后，他好像总是不太开心，你觉得我该怎么办？,"看到你说这些，说明你对这段感情非常在乎，再多细节和描述让我更了解一下吧，你现在需要一个聆听和理解的人在你身边，我可以为你提供支持，不管你做出下一步是什么。
我们俩平时做的事儿挺多的，基本上每天都会视频，只是这个男朋友说话真的好直白啊，就觉得和女孩子想法不一样，所以有时候就不爽了。而且他身边也没有一个女孩子，就觉得他有些宅。
我知道你现在的感受很混乱，你的情绪可能还不太稳定。在这种情况下，我们可以尝试一些方法去调整你的情绪，比如深呼吸、放松肌肉等方式。好的沟通也是维持感情的必要条件，但是良好的沟通也不是一蹴而就的。对于你的男友，作为一个男人可能真的和女孩子想法不大一样。我们可以想着如何改善你们之间的沟通，和他更多地交流，尝试了解他的想法和想做的事情。
我尽力想和他交流了，可有时候感觉他完全不在听我说，咋办？
这个问题我能理解，这种沟通困境非常常见，而且也是我们需要长期解决的。首先，不要太把自己的情绪压抑在心里，我们可以微调一下你们的交流模式，找到一个互相理解和支持的节奏。同时，你也可以试着提出一些开放性问题，来引导你的男友更多地参与进来。",1,高兴,0,时序性对话_campus/10875.json,,,
A0019,cpcd_305be79653_s15_t3,cpcd_305be79653,老师，说实话，我到现在还有点懵。市场营销策划案……我以为最多就是个及格分，没想到老师给了那么好的评语。还有高数，我补考前觉得自己肯定过不了，结果居然过了。,"你好，张伟。距离上次见面过了一周，这一周过得怎么样？
老师好。这一周…有点不太真实。我的期末成绩都出来了。
嗯，听起来这一周对你来说有些特别。你愿意和我具体说说，成绩出来后发生了什么吗？",2,惊讶,0,CPCD/conversation_7_consultation_events_张伟_889_张伟.json,,,
A0020,cpcd_414d6625ac_s2_t9,cpcd_414d6625ac,其实我想研究的是新媒体环境下，调查报道如何突破困境。我觉得现在很多媒体都只追求流量，真正有深度的内容越来越少了。,"听起来导师的建议让你有些为难。能多说说你原本的想法是什么吗？
其实我一直想做点真正有意义的研究。调查报道现在越来越难做，但我觉得它特别重要。
嗯，我理解你的想法。能多说说你觉得调查报道重要在哪里吗？
我觉得调查报道是新闻的良心。它不只是报道事件，更是挖掘真相、推动社会进步的力量。但现在大家都只关注流量和点击率，真正需要被看见的议题反而被淹没了。
嗯，我理解你对调查报道的坚持。能具体说说你原本想做的题目是什么吗？",5,恐惧,0,CPCD/conversation_2_consultation_events_张思雨_508_张思雨.json,,,
A0021,cpcd_305be79653_s9_t7,cpcd_305be79653,看到那些病例分析题，我脑子里一片空白。明明复习的时候都看过，但就是不知道怎么组织答案。,"嗯，听起来这让你很不好受。能具体说说这门课的情况吗？
这门课我真的很努力了。平时笔记记得很全，课后也花了很多时间复习。可是考试的时候，那些病例分析题……我明明背过知识点，但一看到题目就不知道该怎么组织答案。
听起来这让你很挫败。能具体说说考试时看到题目，你脑海里最先浮现的是什么吗？
看到题目的时候，我脑子里一片空白。明明复习过的内容，但就是想不起来具体的步骤。
嗯，听起来这让你很挫败。能具体说说考试时看到题目，你脑海里最先浮现的是什么吗？",5,恐惧,0,CPCD/conversation_6_consultation_events_张伟_643_张伟.json,,,
A0022,446551001,anon_0080,谢谢你的夸奖，但我昨天晚上和爸爸争吵了很久，他很生气。,谢谢你的夸奖，但我昨天晚上和爸爸争吵了很久，他很生气。他觉得他是长辈，是家里的支柱，所以可以命令别人闭嘴，让孩子去打扫卫生，或者帮他拿东西。我很烦他的这种理念和做法。,4,愤怒,0,时序性对话_merged.json,,,
A0023,cpcd_414d6625ac_s11_t55,cpcd_414d6625ac,嗯…您说得对。我确实一直在想，她虽然借给我了，但最后那句话…是不是在暗示我本来就不该开这个口。,"我听到你说“看吧，你就不该开这个口”，那个瞬间整个人僵住的感觉，一定让你非常难受。当那个熟悉的“警报”响起，它好像瞬间就把你拉回了一个“自己总是打扰别人”的结论里，让你连呼吸都变得困难。

我们能不能一起，试着像慢放镜头一样，回顾一下那个“警报”响起前的时刻？在你开口向室友借笔记之前，你心里是不是已经预先有了“我可能会打扰她”这个担心？而当她说出那句话时，这个预先存在的担心，是不是立刻就被你当成了“证据”，来证明那个“不该开口”的念头是对的？
是的…我确实在开口前就想了很久。我一直在想，她会不会觉得我平时都不怎么说话，现在突然要借笔记很麻烦…所以当她那么说的时候，我脑子里立刻就觉得，她果然觉得我打扰她了。
我听到你开口前就已经在担心“会打扰她”，而当她说了那句话，这个担心立刻变成了“果然如此”的证据。这种预先存在的担心，好像为那个“警报”准备好了燃料，让它一触即发，让你整个人都僵住了。

我们能不能一起看看，这个“我可能会打扰她”的担心，它背后是不是连着一个更深的想法，比如“我的需求对别人来说是一种负担”？
嗯……您说得对。我确实在开口前就一直在想，她会不会觉得我麻烦，毕竟平时我们也不怎么说话。她虽然借给我了，但补上那句话的时候，我心里一下子就沉下去了。好像……好像我本来就不该开口，现在反而印证了，我确实给她添了额外的麻烦。
我听到你心里那种“印证了”的感觉，它让你觉得开口求助反而坐实了自己是个“麻烦”。这种预先存在的担心，像一层厚厚的滤镜，让你很难看到室友借出笔记这个行为本身所包含的善意和接纳。

我们能不能一起停在这里，看看“我的需求对别人来说是一种负担”这个信念？当它主导你的想法时，是不是会让你把一次普通的、甚至带有互助性质的交流，都体验成一次对别人的打扰和消耗？",3,悲伤,0,CPCD/conversation_3_consultation_events_张思雨_922_张思雨.json,,,
A0024,campus_11741_t6,campus_11741,你说得对，我确实需要更加自信一些。但我总觉得自己还不够完美，这种矛盾让我很困扰。,"朋友希望以下回答对你有帮助。你是从小品学兼优的孩子，为你点赞！可以看得出来你对自己有着很高要求，也比较追求完美呢！你的困扰让我感受到了，什么是“比我优秀的人，还比我努力”。我的建议是：1、明确目标，分清主次从题中可以了解到，你现在大学，应该是大三或大四，既有考研目标，还有一份实习工作。在做权衡之前，先明确自己的目标。
嗯，确实是这样。我一直觉得两者都很重要，但有时候无法做到兼顾。毕业后到底是读研还是就业，我一直没有明确的决定。
你可以想一想自己内心的真实想法。想一想，你目前对于工作和学习的重要性分别有多少，然后再根据这个比例来做决定。如果你对研究和学术有浓厚的兴趣，而且希望在这方面深造，那读研可能会更适合你。但如果你对实践和职业发展更感兴趣，那就先找一份合适的工作，再考虑是否进一步深造。
确实，我一直对学术研究比较感兴趣，但也怕自己不够优秀，读研会很吃力。
你已经有很多优秀的经历了，包括担任班干部、拿到奖学金和兼职工作等。这些经历已经证明了你的综合能力很强，是同届里出色的学生。所以，不要低估自己的能力。另外，即使你决定读研究生，研究生期间也有时间可以增加工作经历。",1,高兴,0,时序性对话_campus/11741.json,,,
A0025,cpcd_305be79653_s10_t7,cpcd_305be79653,就是感觉心脏跳得特别快，浑身发冷。明明知道是梦，但那种交白卷的恐慌感会持续很久。,"听起来这一周对你来说很煎熬。能和我具体说说是什么样的噩梦吗？
就是梦见考试铃响了，我一个字都写不出来。卷子上一片空白，监考老师一直盯着我看。
听起来这个梦让你很不安。能多和我聊聊梦里的感受吗？
就是那种……明明知道题目，但手就是动不了。醒来之后心慌得厉害，一整天都没精神。
听起来这个梦让你感到非常无助和焦虑。能和我多说说醒来后那种心慌的感觉吗？",5,恐惧,0,CPCD/conversation_7_consultation_events_张伟_853_张伟.json,,,
A0026,campus_12725_t10,campus_12725,其实我现在想起了一些自己的兴趣爱好，可能是之前太多的学习压力和负面情绪让我有些迷失了自己。,"嗯，从你的话里我感觉无论是面试结果如何，你都在为考研担忧，这好像有些超前了。我觉得你应该完全专注于考研这件事，先不要考虑面试了。只有先确定好你的优先事项，才能更好地处理工作面试。对于姐姐的同学，或许你需要跟你姐姐沟通一下，想办法让她的同学给你提供一些具体面试时间，并尽力避免打扰考研备考。
我知道了，但是我现在心情非常复杂，不知道自己应该如何调整。
其实我有另外一点感受，我感觉让你焦虑的不是这个面试本身，而是你现在为考研感到的焦虑，因为学习让你觉得难受，而考研的结果又让你担忧。此时刚好有个面试，就让你的焦虑和担忧有了个发泄口。为此你的注意力反而转移到要去应对面试的焦虑了。这只是我个人的感觉，你可以去思考，并确认是否如此。如果是的话，我们就需要找到问题所在，看看该怎样去面对。
嗯，我好像明白了，其实我不是真心想找工作，而是我的焦虑情绪让我需要找一个新的发泄口吧。
很好，你这么想就往好的方向转变了。下一步怎么做呢？",7,绝望,1,时序性对话_campus/12725.json,,,
A0027,campus_12984_t4,campus_12984,谢谢你的鼓励。可是我感觉自己养成了一些不好的习惯，如过度逃避现实，总是让自己陷入困境。,"我30岁了，总是想得到父母的同情，不愿意回归社会，不知道怎么办？
我能理解你的感受，通过你的描述，我认识到你从小到大经历了很多不易的事情。你提到了你的妹妹是一个早产儿，父母对她的照顾比较多，而你常常吃不饱。也许是因为父母觉得照顾妹妹已经很费心力，而你本身的健康状况比较好，所以他们没有过多关注你的需求。同时，父母劝说你像妹妹一样安静地存钱，也许是因为妹妹的这些习惯比较符合他们的观念。但这并不意味着你身上没有优点，也不代表你不值得被爱。
谢谢你的理解与鼓励。我确实觉得自己就像个背负了很多不公平待遇的人。
我理解你会有这样的感觉，但一个人的幸福与否并不取决于他人的态度。你曾听说过苏东坡吗？尽管他被贬到广西做官，失去了朝廷的重视，但他并没有沮丧放弃自己，反而还发明了东坡肘子，过得很开心。不要让别人的评判左右了你的价值观。你需要相信自己的优点和能力。你说你曾经在学校受到过霸凌，甚至被老师打过，这些经历很不幸，但你能够坚持读完中专，我认为这显示出你的顽强与生命力。你已经长大了，可以给自己一些爱和支持。",0,中性,0,时序性对话_campus/12984.json,,,
A0028,slang_36_1_2b225711,slang_036,刷到瑞你看见了吗笑出猪叫，明天考试也不慌了,,1,高兴,0,梗数据集_hot_speech_synth.txt,,,
A0029,305447001,anon_0016,他说他不认识那个女生，但是我很难相信，我感到无语和生气。,他说他不认识那个女生，但是我很难相信，我感到无语和生气。,4,愤怒,0,时序性对话_merged.json,,,
A0030,335298002,anon_0692,我会努力实现自己的目标的。,谢谢你的支持和鼓励！我会努力实现自己的目标的。,1,高兴,0,时序性对话_merged.json,,,
A0031,27941001,anon_0420,谢谢你的建议，听你说这些我感觉放心多了。,谢谢你的建议，听你说这些我感觉放心多了。我会尝试着多关注孩子的身心健康。,0,中性,0,时序性对话_merged.json,,,
A0032,campus_13998_t0,campus_13998,我是大一女生，在宿舍被孤立了，真的很生气，该怎么办？这是由一堆堆小事组成的。刚到上海时，室友没经我同意就用了我的晾衣杆，还没放回原位，我也没说什么就当她没注意。但后来我发现另外三个人也把我的晾衣杆当成公用的，当时我也没太在意。但后来上海室友说我和另一个人总不倒垃圾（其实我们倒了很多次，他都不在），就自行制订了一个带有惩罚性质的值日表，也没跟我们商量。我回到宿舍后发现他又把晾衣杆扔地下了，我就生气了，于是在宿舍群里发了很多文字表达以后垃圾我自己处理，晾衣杆我收起来，你们要用的时候告诉我。但晚上回来时，他们三个就抱团了，不跟我说话。大晚上我躺在床上要睡觉，他们开始嗨。每天都在宿舍里大声发语音微信和打电话，严重影响我的生活和学习。今天我和他们说小点声，他们竟然说宿舍是公共环境，想怎样就怎样。我真的很生气，求助该怎么办？,,4,愤怒,0,时序性对话_campus/13998.json,,,
A0033,slang_169_3_1ac4cab0,slang_009,秋招碰壁，刷到脸都不要了更焦虑了,,3,悲伤,0,梗数据集_hot_speech_synth.txt,,,
A0034,376222001,anon_0690,我感觉好无助，不知道该怎么面对这些压力。,我感觉好无助，不知道该怎么面对这些压力。,7,绝望,1,时序性对话_merged.json,,,
A0035,cpcd_c2b5330737_s1_t21,cpcd_c2b5330737,是的……我总觉得他们聊得那么开心，我插进去会显得很突兀。,"嗯，我明白了。你能具体说说，当你觉得可能会打扰他们时，心里是什么感觉吗？
就是…有点尴尬吧。明明大家都在一个宿舍，他们聊得那么开心，我却插不上话。感觉我走过去的话，气氛会突然冷下来。
听起来，当你觉得可能会打扰到他们时，心里会感到尴尬和不安，甚至担心自己会让热闹的气氛冷下来。这种担心让你在想要加入时又退缩了，是这样吗？
嗯……差不多吧。其实我也不是完全不想加入，就是每次看到他们聊得那么开心，总觉得突然插话会显得很突兀。而且他们聊的游戏和综艺我都不太了解，怕接不上话反而让大家尴尬。
听起来，当你担心自己会打断他们或者让气氛变冷时，心里会感到一种被孤立和不安的情绪，是这样吗？",1,高兴,0,CPCD/conversation_8_consultation_events_张宇轩_157_张宇轩.json,,,
A0036,305447001,anon_0016,他说他不认识那个女生，但是我很难相信，我感到无语和生气。,他说他不认识那个女生，但是我很难相信，我感到无语和生气。,4,愤怒,0,时序性对话_merged.json,,,
A0037,307068005,anon_0322,学习时也注意力难以集中，经常在心里自言自语，感到很烦躁。,是的，我感觉你说的很准确。我似乎陷入了一个自我否定和恐惧的恶性循环中。除了社交困扰之外，我还发现自己在生活中总是过度放大事情的难度，即使最后把事情处理得很好，也不会增强自信，只是松了一口气。还经常怀疑别人，听到一点笑声就觉得对方在笑我，总是往消极的方向想。学习时也注意力难以集中，经常在心里自言自语，感到很烦躁。这些问题是不是都与我的心理有关呢？,7,绝望,1,时序性对话_merged.json,,,
A0038,cpcd_d1c5b146b5_s15_t35,cpcd_d1c5b146b5,我理解不了。它只是让我什么都做不好。,"听起来，当你说“不知道该怎么停下来”时，那种无力感一定很强烈。我们之前谈到过，你的身体反应其实是在发出警报，而不是在否定你。现在，你愿意和我一起探索一下，有没有可能“停下来”的第一步，不是去“控制”身体，而是学着去“倾听”它发出的信号呢？
我试过了……但每次一停下来，就会觉得更糟糕。身体在报警，可我不知道该怎么关掉它。
听起来，当身体发出警报而你却不知道如何回应时，那种感觉一定很无助。你提到“一停下来就觉得更糟糕”，这让我想到，或许那个“必须掌控一切”的信念，让你把身体的信号也当成了需要被“关掉”或“克服”的敌人，而不是一个需要被倾听的伙伴。我们可以一起看看，有没有可能“关掉警报”的第一步，其实是先试着去理解它想告诉你什么，而不是立刻让它消失？
我……我不知道该怎么理解。它只是让我什么都做不了。
听起来，当身体发出警报却让你感到“什么都做不了”时，那种无力感一定非常真实。我们之前谈到过，你的身体反应其实是在发出警报，而不是在否定你。现在，你愿意和我一起探索一下，有没有可能“关掉警报”的第一步，不是去“控制”它，而是先试着去“理解”它想告诉你什么呢？",5,恐惧,0,CPCD/conversation_9_consultation_events_张悦_630_张悦.json,,,
A0039,cpcd_305be79653_s13_t19,cpcd_305be79653,嗯...有点意外。我一直觉得他家庭挺和睦的，没想到他也有过类似的烦恼。,"嗯，听起来那晚的氛围让你难得地放松了一些。你愿意多说说，后来具体聊了些什么吗？
就是……聊了些家里的事。他说他爸妈以前也特别希望他学医，但他自己不喜欢，后来吵了几次，现在关系反而比以前好了。
嗯，听起来那晚的对话触及了一些平时不太会聊的话题。你愿意多说说，当听到室友和他父母的故事时，你心里想到了什么吗？
就是…有点意外。我一直以为他是那种特别独立、什么都自己搞定的人。没想到他也和家里有过矛盾。
听起来那晚的对话让你对室友有了不一样的了解。当他说出和家里有过矛盾时，你心里是什么感觉？",2,惊讶,0,CPCD/conversation_7_consultation_events_张伟_883_张伟.json,,,
A0040,114545003,anon_0047,可能我应该感谢他的关心，但并不意味着我应该跟他爱一场。,你说得对，也许我并没有那么喜欢他。或许我更需要的是一份关心和温暖，而他只是给了我这种感觉。可能我应该感谢他的关心，但并不意味着我应该跟他爱一场。,0,中性,0,时序性对话_merged.json,,,
A0041,campus_10095_t6,campus_10095,我不知道该如何表达更好的意见，而且我还很生气。,"我理解你的感受。你感觉不开心，也有可能会影响你的学习和生活。你能和我说说是什么让你感到烦恼吗？
就是我的室友总是会做些让人不舒服的事情，比如不洗碗就放在桌子上，还总是在半夜打游戏声音很大。
我能感受到你的不满。那你有和她谈过这些事情吗？
我提醒过几次，但是效果不大，她还是会继续这样做。
那你是否觉得你们之间的沟通出现了问题呢？你是否能和她进行深入的沟通呢？",4,愤怒,0,时序性对话_campus/10095.json,,,
A0042,campus_12607_t0,campus_12607,我来到大学，疯了一样参加活动，感受当下太痛苦。我小学很优秀，初中学习得过奖学金。可是它像梦魇缠着我。让我不断逼迫自己去追求优秀。跟别人比别人比我厉害我会难受觉得自己不好。除非超过或者我不差。来到大学，疯了一样参加活动。期待重新展示风采。痛苦万分。不停下来。马不停蹄一边找咨询师，一边试。一边去听别的系的课。一边加入各种社团。面试想加入比赛。参加辩论社。电视台。想展现自己。可是我真的很痛苦。因为我太想好了。一旦有人比我强或者有落差我就会怀疑打击自己想让自己平衡心态别那么自负。对于三本学校的焦虑，对于学习奖学金和同学竞争的焦虑。可是为什么就不能找到一个咨询师我们能好好工作呢。能说说呢。有这么难吗。我一次一次尝试。可是总是不满意。或是因为各种原因。我想让一个人陪我帮我分析听听，可是没找到这个人，还逼着自己把自己推到展示的地方。加入辩论赛把自己推向巅峰和原先一样展示闪光的位置。可是我的心害怕痛苦。我还不停想好。却没找到咨询师怎么办怎么办呢我急。,,7,绝望,1,时序性对话_campus/12607.json,,,
A0043,campus_14618_t0,campus_14618,我是一名20岁的女生，正在准备考研，但是经常因为压力和报复性熬夜而感到疲惫不堪，该怎么调整呢？,,7,绝望,1,时序性对话_campus/14618.json,,,
A0044,slang_57_1_c5893723,slang_057,刷到你爸爸喜欢吃什么笑出猪叫，明天考试也不慌了,,1,高兴,0,梗数据集_hot_speech_synth.txt,,,
A0045,campus_13644_t8,campus_13644,听起来很不错，我会尝试寻找一些可以信任的人来倾诉我的困扰。但我还是感觉很焦虑，不知道自己该如何面对未来的选择和压力。,"我明白你的困惑。你现在可能迷茫，不确定自己应该朝着什么方向去发展。但这是一种常见的困境，许多人都会面临这样的问题。
是的，我也听说过很多人都有类似的经历。但我感觉自己特别无助，不知道如何去解决这个问题。
我了解你的感受。首先，你需要意识到你并不孤单，许多人都遇到过类似的迷茫。其次，你可以尝试寻找一些帮助和支持。有时候，与他人交流可以帮助你更好地理清思路。
确实，我一直觉得跟别人交流可能有助于我解决问题。但我不知道该如何开始，怎样才能找到可以信任的人去倾诉呢？
首先，你可以寻找一些亲近的朋友或者亲人，向他们倾诉你的困惑和忧虑。他们可能会给你一些建议或者提供一些帮助。另外，如果你觉得有需要，你还可以考虑寻找一位专业的心理咨询师或者辅导员，他们会有更丰富的经验和专业知识来帮助你。",0,中性,0,时序性对话_campus/13644.json,,,
A0046,campus_16828_t0,campus_16828,为什么我如此地憎恨、厌恶、恶心我自己？,,6,厌恶,0,时序性对话_campus/16828.json,,,
A0047,219714004,anon_0085,这让我感觉到问题不全是我一个人的错，但又无法压制自己的愤怒与厌倦。,我明白了，我确实需要找到一种平衡的方式来释放情绪。但是，我有时候会感到内疚和焦虑，担心给舍友带来麻烦和影响他们的生活。我也发现其他宿舍也存在类似的问题，他们的作息时间也不协调，有时候也会拖延做衣服。这让我感觉到问题不全是我一个人的错，但又无法压制自己的愤怒与厌倦。,4,愤怒,0,时序性对话_merged.json,,,
A0048,cpcd_2978e7ae37_s7_t31,cpcd_2978e7ae37,我就是学不会。做了例题又怎么样？整理笔记又怎么样？结果还不是一样。我甚至开始怀疑，是不是我根本就不适合学这些。别人轻轻松松就能考好，我拼尽全力却连及格都做不到。,"我听到你反复提到“全都是笑话”这几个字，这背后那种对自己过去所有付出的彻底否定，一定让你感到非常痛苦和疲惫。当努力没有换来期待的结果，反而好像证明了自己不行时，那种失望和无力感确实会淹没一切。

我注意到，当成绩和讲座的现实摆在你面前时，你心里似乎有一个很强烈的声音在说：“连这个都做不到，所以之前的一切计划、一切努力都白费了，未来的目标也根本不可能实现。” 这个想法听起来非常绝对，它把“高数不及格”这件事，变成了对你整个人、过去所有努力以及全部未来的一个最终判决。你觉得，这个想法在多大程度上反映了全部的事实呢？
全都是笑话。我每天列计划，早起去图书馆，笔记做得比谁都整齐，结果呢？高数58分，讲座上那些公司要求的GPA我连边都够不着。我之前还觉得只要按计划来，一步一步总能走到目标，现在看，根本就是自欺欺人。
我听到你反复用“笑话”这个词来形容自己过去的努力和计划，这背后那种被现实狠狠打击、甚至觉得一切都被否定的感觉，一定非常痛苦。当拼尽全力却看不到成效，甚至好像离目标更远时，那种失望和无力感确实会让人喘不过气。

我注意到，当高数成绩和讲座信息放在一起时，你心里似乎形成了一个非常牢固的链条：“高数不及格 → 所以GPA不可能高 → 所以进名企的要求我永远达不到 → 所以我过去的努力和计划全是白费，未来也没有希望。” 这个链条把一次考试的不理想，直接推导成了对你整个人生路径的彻底否定。

我想邀请你一起看看这个链条的第一个环节。我们能不能先停在这里，看看“高数58分”这件事，它是否真的意味着“我所有的计划和方法都是笑话，我永远也学不好高数”？
老师，我知道你想让我别想那么远。但事实就是，58分啊，离及格线就差两分。我从小到大都没考过这么低的分。我考前把课本例题都做了，笔记也整理了，可结果呢？这还不够说明问题吗？我就是学不会。
我听到你反复强调“我就是学不会”，这个结论让你感到非常挫败和绝望。当付出了那么多努力，却只换来一个不及格的分数时，那种“我做什么都没用”的感觉确实会让人想要放弃。

我注意到，你刚才提到“考前把课本例题都做了，笔记也整理了”，但结果依然不理想。这似乎让你得出了一个非常绝对的结论：“我所有的努力都是无效的，所以我就是学不会。” 我想邀请你暂时停在这个想法上——我们能不能一起看看，“做了例题和整理了笔记”这件事，和你最终“学不会”这个结论之间，是不是真的能画上等号？",5,恐惧,0,CPCD/conversation_10_consultation_events_张哲_161_张哲.json,,,
A0049,campus_16049_t2,campus_16049,可是我感觉很委屈啊，那些人根本不了解我的情况，就乱说话，我很生气！,"最近我遇到了很多麻烦，好像都是因为误解引起的。我去打印简历表，也帮了几个舍友打印，但因为部门给发的信息相同，我打印了好多份，店铺工作人员误以为我在印假证件，后来我也没能解释清楚，现在有人对我恶言相向、甚至传我坏话，我该怎么办呢？
听起来你现在受到了很多指责和不公正对待，这肯定很难受。但是不要担心，这种情况每个人都可能会遇到。你需要学习如何面对这些误解和挫折。",4,愤怒,0,时序性对话_campus/16049.json,,,
A0050,slang_106_1_8a58d8cb,slang_026,刷到菜就多练笑出猪叫，明天考试也不慌了,,1,高兴,0,梗数据集_hot_speech_synth.txt,,,
A0051,cpcd_305be79653_s2_t45,cpcd_305be79653,嗯……其实这周我试着按上次说的，记笔记只记重点了。有一节电路课，老师讲得特别快，但我没像以前那样拼命想把每个字都记下来，就只写了几个关键的公式和例题。下课的时候，居然能看懂自己写的东西了。,"听起来，你这一周在课堂上努力调整笔记方法，确实感受到了一些变化，这很不容易。但回到宿舍，那种“听不懂、插不上话”的感觉依然让你感到孤立，甚至让你担心提问会显得自己“笨”，这种矛盾一定让你很困扰。

我注意到，当你面对陌生的宿舍话题时，心里可能会快速闪过一个念头：“如果我问了，别人会觉得我很笨、很奇怪。”这种想法听起来像是一个预判——好像“不知道”就等于“会被评价”。你觉得，这种担心会不会把“一次提问”和“别人对你整个人的看法”过度联系起来了呢？

我们可以试着一起想一想：当别人聊到一个你不熟悉的话题时，除了担心被评价，有没有可能对方其实并没有你想的那么在意？或者，他们也许只是分享自己感兴趣的东西，并不是在考验谁懂得更多？

或许我们可以探索一个小小的尝试：下次再遇到这种情况，如果你感到好奇，能不能先试着问一个最简单的问题，比如“你刚才提到的那个东西，我挺感兴趣的，能再稍微解释一下吗？”——从这样一个小问题开始，你觉得自己可能会有什么不一样的体验？

你已经在课堂笔记上迈出了改变的步伐，这证明了你的努力和勇气。社交中的适应也需要时间，允许自己慢慢来。下一次，我们可以继续聊聊，当你试着用这种更轻松的心态去面对宿舍聊天时，感受会不会有些不同？
嗯…其实我试了您上次说的笔记方法，上课的时候确实感觉轻松了一点。但一回到宿舍，看到他们聊得那么开心，我就又不知道该说什么了。您说得对，我确实很怕问出来显得自己什么都不懂。他们会不会觉得我连这个都不知道，很没见识？
听起来，你不仅在课堂上努力适应，回到宿舍还要面对那种“插不上话”的尴尬，这种两边拉扯的感觉一定很累人。我注意到，当你担心提问会显得“没见识”时，心里好像有个声音在说：“如果我问了，别人就会觉得我懂得少，从而看不起我。”你觉得，这种担心会不会把“一次提问”和“别人对你整个人的评价”过度绑在一起了呢？
嗯……可能吧。但我就是觉得，他们聊的那些东西，我连听都没听过，问了也只会显得我很无知。而且，上学期数学和电路课我就已经跟不上了，现在连宿舍里的话题都参与不进去，感觉我好像真的什么都不行。
我听到你刚才说，上学期在数学和电路课上已经感到吃力，现在又觉得连宿舍里的话题都参与不进去，这种“好像什么都不行”的感觉，一定让你非常沮丧和无力。

我注意到，当你把课堂上的困难和宿舍里的沉默放在一起时，心里可能会形成一个很强烈的念头：“我在学习上跟不上，在社交上也融不进去，这说明我这个人可能真的什么都不行。”听起来，这个想法把几件不同的事情，都归结到了一个关于你个人能力的、很绝对的结论上。

我们可以一起想一想：把“暂时跟不上某些课程”和“暂时不了解某些话题”，直接等同于“我这个人什么都不行”，这种联系会不会过于严厉和绝对了？它有没有可能忽略了你已经做出的努力，比如这周在笔记方法上的尝试和感受到的那一点轻松？

或许我们可以试着做一个小的区分：当“我什么都不行”这个念头出现时，能不能先停一下，问问自己：“这是不是我把几件不同的事混在一起，然后给自己贴的一个整体标签？有没有哪件事，哪怕是很小的一件，是我最近做得还不错的？”

你愿意和我分享一下，除了感到困难的部分，这周有没有哪一个很小的时刻，让你觉得“嗯，这里我好像处理得还行”？",2,惊讶,0,CPCD/conversation_7_consultation_events_张伟_853_张伟.json,,,
A0052,campus_10992_t4,campus_10992,我现在觉得很无助，不知道该怎么办。,"十分敏感，疑神疑鬼，我是不是个让人特别讨厌的人啊？我发现我最近总是心神不宁，十分敏感，还疑神疑鬼，我呢，还是个内向，脾气还有点冷淡的女生，我也不喜欢社交，但是不排斥也不害怕社交。我也特别讨厌给别人带东西比如带饭，占位什么什么的。我总是能搪塞就搪塞。导致我同学对我感觉很不好，觉得我不近人情。现在，无论是做什么事情，我的舍友总会说是我弄的，比如掉发，垃圾袋等等。无论青红皂白就说是我。我试着解释，我发现我越解释，她们就越看我不顺眼。我慢慢的变得注意起来，每次我都到外面梳头，垃圾认真倒，就连她们说有什么味道，我也总是打量下自己是不是我。我知道这样过太累，太在意别人的想法，可是每次她们嘀嘀咕咕，然后指着我说，是某某干的吧。我解释又解释，她们反而冷眼相待，导致我的心又冷了一节。我一直思考，要不要做些改变，可是事实上我就是这样的人……
看来你这段时间的心境很糟糕呀。你有没有想过为什么会如此敏感呢？是不是有什么事情让你感到失落或者不满意呢？
其实我并不知道，可能就是最近成绩不太好，觉得自己被孤立了吧。
这是非常正常的事情，我们都会出现成绩不佳或者朋友圈子变小的情况。不要对自己太苛求了，每个人都会经历这样的事情。那么你现在的感受是什么呢？",7,绝望,1,时序性对话_campus/10992.json,,,
A0053,campus_14535_t10,campus_14535,我还没有和他们好好谈过这个问题，我想尽可能给他们解释我为什么想重读，并且让他们了解我重新选择学校和专业的决心和意义。,"嗯，你考虑的很周到，但是重读是需要一定的勇气和毅力的。这涉及到你未来的人生规划，考虑清楚再做决定，你是否已做好充分的考虑和准备了呢？
我觉得自己已经充分考虑过了，但是我担心重读的压力会让我无法应对。
这也是很正常的担心，你需要有效地面对这些压力。你可以考虑预先制定一个复读计划，让学习和生活更加有规律，这样可以减轻压力。同时，要学会和身边的人沟通，获得支持和鼓励，增强自信心。请问你家人和朋友对你的计划有何看法呢？
家人好像反对，他们觉得我会浪费时间和金钱。至于朋友，我还没有告诉他们。
那么家庭的反对对你的影响怎么样呢？对于这样的反对态度，你想给他们说些什么，或是以什么方式去沟通和解决？",1,高兴,0,时序性对话_campus/14535.json,,,
A0054,165685003,anon_0395,无论我怎么努力，似乎都无法达到他们的要求。,从小到大，我父母总是对我要求很高，他们期望我成为他们心目中完美的形象。在他们的期待下，我感到非常压抑和焦虑。无论我怎么努力，似乎都无法达到他们的要求。当我在与前男友交往时，他似乎找到了一个可以将情绪发泄的对象，而我也在这种关系中变得越来越脆弱和自卑。,0,中性,0,时序性对话_merged.json,,,
A0055,557889002,anon_0605,一方面我愤怒地想要离开他，但另一方面我又不想让孩子失去爸爸。,我不确定，我觉得自己很矛盾。一方面我愤怒地想要离开他，但另一方面我又不想让孩子失去爸爸。,4,愤怒,0,时序性对话_merged.json,,,
A0056,campus_16829_t4,campus_16829,现在开学两三个星期吧，我对自己的厌恶之情不但没有得到缓解，这种痛恨之情反而加剧，我感到自己一无是处，恶心、绝望，这让我想杀了我自己。,"为什么我如此地憎恨、厌恶、恶心我自己？
很高兴在这里看到你讨厌自己，厌恶自己，老实说看到这样的你，我现在的感觉真的很心疼。
我是大一新生，目前就读于某211。在我读大学之前，我总是觉得，离开了学业繁重的初高中，我就能快乐起来，尽情地去享受生活。
从你的描述里面，我一点都不觉得你哪里不好？语言逻辑清楚，即时描述的是很糟糕的心态，前后保持基本的连贯，而且言语上也保持克制。",6,厌恶,0,时序性对话_campus/16829.json,,,
A0057,campus_14814_t2,campus_14814,可是我觉得一点儿事情都会让我不开心，总是想家，有时候甚至会想哭。,"第一次离开家，没有精神支柱咋办？
第一次离开家去外面上课，是人生的一次里程碑，每个人都需要经历离开家独立的一天，也见证了你的成长。初次来到一个新环境，周围没有熟悉的人，离开了自己的家人和父母。需要一段时间的适应，很正常的。",1,高兴,0,时序性对话_campus/14814.json,,,
A0058,campus_14360_t2,campus_14360,谢谢你愿意帮助我。我真的不希望被人看作傻子，但又害怕自己没有其他交往的方式。,"从小在班里扮演小丑，如果不演啥子，我该怎么交往？我小时候是没有父母的人，我对班里的环境感觉恐惧，对周围的人感觉恐惧，不知道怎么和人交往，后来我扮演小丑，让大家笑了，我觉得得到了大家的关注和喜爱，但我傻子的名称也传出来了，我不知道该怎么办，如果不扮演傻子，我该怎么和人交往？
从你的描述来看，你通过扮演小丑来吸引大家的关注和喜爱，这也是一种做朋友的方式。但是你担心自己被贴上傻子的标签，你希望知道如果不扮演傻子，该如何与人交往。我可以告诉你一些建议，帮助你更好地与人建立关系。",0,中性,0,时序性对话_campus/14360.json,,,
A0059,cpcd_305be79653_s2_t45,cpcd_305be79653,嗯……其实这周我试着按上次说的，记笔记只记重点了。有一节电路课，老师讲得特别快，但我没像以前那样拼命想把每个字都记下来，就只写了几个关键的公式和例题。下课的时候，居然能看懂自己写的东西了。,"听起来，你这一周在课堂上努力调整笔记方法，确实感受到了一些变化，这很不容易。但回到宿舍，那种“听不懂、插不上话”的感觉依然让你感到孤立，甚至让你担心提问会显得自己“笨”，这种矛盾一定让你很困扰。

我注意到，当你面对陌生的宿舍话题时，心里可能会快速闪过一个念头：“如果我问了，别人会觉得我很笨、很奇怪。”这种想法听起来像是一个预判——好像“不知道”就等于“会被评价”。你觉得，这种担心会不会把“一次提问”和“别人对你整个人的看法”过度联系起来了呢？

我们可以试着一起想一想：当别人聊到一个你不熟悉的话题时，除了担心被评价，有没有可能对方其实并没有你想的那么在意？或者，他们也许只是分享自己感兴趣的东西，并不是在考验谁懂得更多？

或许我们可以探索一个小小的尝试：下次再遇到这种情况，如果你感到好奇，能不能先试着问一个最简单的问题，比如“你刚才提到的那个东西，我挺感兴趣的，能再稍微解释一下吗？”——从这样一个小问题开始，你觉得自己可能会有什么不一样的体验？

你已经在课堂笔记上迈出了改变的步伐，这证明了你的努力和勇气。社交中的适应也需要时间，允许自己慢慢来。下一次，我们可以继续聊聊，当你试着用这种更轻松的心态去面对宿舍聊天时，感受会不会有些不同？
嗯…其实我试了您上次说的笔记方法，上课的时候确实感觉轻松了一点。但一回到宿舍，看到他们聊得那么开心，我就又不知道该说什么了。您说得对，我确实很怕问出来显得自己什么都不懂。他们会不会觉得我连这个都不知道，很没见识？
听起来，你不仅在课堂上努力适应，回到宿舍还要面对那种“插不上话”的尴尬，这种两边拉扯的感觉一定很累人。我注意到，当你担心提问会显得“没见识”时，心里好像有个声音在说：“如果我问了，别人就会觉得我懂得少，从而看不起我。”你觉得，这种担心会不会把“一次提问”和“别人对你整个人的评价”过度绑在一起了呢？
嗯……可能吧。但我就是觉得，他们聊的那些东西，我连听都没听过，问了也只会显得我很无知。而且，上学期数学和电路课我就已经跟不上了，现在连宿舍里的话题都参与不进去，感觉我好像真的什么都不行。
我听到你刚才说，上学期在数学和电路课上已经感到吃力，现在又觉得连宿舍里的话题都参与不进去，这种“好像什么都不行”的感觉，一定让你非常沮丧和无力。

我注意到，当你把课堂上的困难和宿舍里的沉默放在一起时，心里可能会形成一个很强烈的念头：“我在学习上跟不上，在社交上也融不进去，这说明我这个人可能真的什么都不行。”听起来，这个想法把几件不同的事情，都归结到了一个关于你个人能力的、很绝对的结论上。

我们可以一起想一想：把“暂时跟不上某些课程”和“暂时不了解某些话题”，直接等同于“我这个人什么都不行”，这种联系会不会过于严厉和绝对了？它有没有可能忽略了你已经做出的努力，比如这周在笔记方法上的尝试和感受到的那一点轻松？

或许我们可以试着做一个小的区分：当“我什么都不行”这个念头出现时，能不能先停一下，问问自己：“这是不是我把几件不同的事混在一起，然后给自己贴的一个整体标签？有没有哪件事，哪怕是很小的一件，是我最近做得还不错的？”

你愿意和我分享一下，除了感到困难的部分，这周有没有哪一个很小的时刻，让你觉得“嗯，这里我好像处理得还行”？",2,惊讶,0,CPCD/conversation_7_consultation_events_张伟_853_张伟.json,,,
A0060,campus_10006_t6,campus_10006,我一直觉得自己很难与人交流，总是担心被别人拒绝或嘲笑。我害怕打扰别人，也害怕他们对我的负面评价。这让我更加放大了自己的负面情绪和孤独感。,"你这个年纪的孩子开始关注外表，也会去和他人攀比。你担心独处，害怕同学发现你的伤疤，只能在和别人在一起时感到快乐，这可能是因为你缺少存在感，缺少来自家人、同学或朋友的肯定。学习压力或同学间的排斥，以及家庭关系不和谐，这些因素都可能导致你产生嗜睡和恶心等应激反应，以逃离现实中那个渺小的自己。你需要对自己有信心，发现自己的长处或寻找一个爱好，并慢慢建立自己的存在感。加油！
我觉得自己真的很差，没有长处，也没有特别喜欢的爱好。我尝试过一些活动，但总觉得不太适合我，做得不好。我现在的状态让我感到无助和绝望，我真的不知道该怎么办。
别太过自责了。每个人都有自己的长处，只是有时候我们没有发现或认识到它们。或许你可以开始探索一些新的事物，不要过于焦虑成败。重要的是找到自己感兴趣的领域，通过不断尝试和努力，慢慢培养出自己的专长和爱好。同时，你也可以尝试将注意力转移到一些积极的方面，例如学习其他领域的知识或参与公益活动，这样也能帮助你树立起自己的存在感。
虽然你这么说，但我还是觉得很难接受自己现在的状态。我对自己没有信心，也没有恢复的希望。每天都感到很沮丧，也不知道该如何走出这种困境。
当我们陷入低谷时，往往看不到未来的希望。但要相信，这只是一段过渡的时期。你可以寻求专业心理咨询的帮助，他们能够提供更专业的指导和支持，帮助你找到走出困境的方法。此外，你也可以将注意力转移到一些积极的事物上，例如与亲朋好友交流，参加一些团体活动，这样能够增加你的社交圈子，让你感到更多的快乐和安慰。",5,恐惧,0,时序性对话_campus/10006.json,,,
A0061,cpcd_d1c5b146b5_s11_t19,cpcd_d1c5b146b5,她根本什么都不懂。我只是最近状态不好，需要更努力一点而已。,"听起来这件事让你感到被误解了。你愿意多说说当时她是怎么提起心理咨询的吗？
她只是很随意地说了一句，说我最近状态不好，可以去试试。但我真的不需要。我只是需要更努力一点，把该做的事情做好。
听起来这件事让你感到被误解了。你愿意多说说当时她是怎么提起心理咨询的吗？
她突然就发消息问我最近怎么样，说感觉我状态不太好，建议我去看看心理老师。我当时就火了，直接回她“我没病！我只是不够努力！”然后就把她拉黑了。
听起来朋友的这句话让你感到被冒犯了，好像她把你最近的状态简单地归结为“有病”，这让你觉得她并不真正理解你。",3,悲伤,0,CPCD/conversation_9_consultation_events_张悦_700_张悦.json,,,
A0062,280282001,anon_0523,我听你这么说，可能我是自己给自己太大的压力了。,我听你这么说，可能我是自己给自己太大的压力了。我因为不想学，所以觉得有压力，我因为讨厌父母的安排，所以内心抗拒一切。我因为明知父母年老有代沟，所以给自己找好台阶不好沟通。,7,绝望,1,时序性对话_merged.json,,,
A0063,campus_16829_t4,campus_16829,现在开学两三个星期吧，我对自己的厌恶之情不但没有得到缓解，这种痛恨之情反而加剧，我感到自己一无是处，恶心、绝望，这让我想杀了我自己。,"为什么我如此地憎恨、厌恶、恶心我自己？
很高兴在这里看到你讨厌自己，厌恶自己，老实说看到这样的你，我现在的感觉真的很心疼。
我是大一新生，目前就读于某211。在我读大学之前，我总是觉得，离开了学业繁重的初高中，我就能快乐起来，尽情地去享受生活。
从你的描述里面，我一点都不觉得你哪里不好？语言逻辑清楚，即时描述的是很糟糕的心态，前后保持基本的连贯，而且言语上也保持克制。",6,厌恶,0,时序性对话_campus/16829.json,,,
A0064,cpcd_305be79653_s2_t9,cpcd_305be79653,就是觉得…至少自己还能控制点什么。虽然计划表上的东西都完成了，但好像也没什么用。,"嗯，听起来你大部分时间都在独自学习。可以和我多说说在图书馆自习时，你通常是怎么安排时间的吗？
我一般会先列一个详细的计划表，把每门课要复习的内容和时间都写清楚。这样比较有条理。
嗯，听起来你习惯用计划表来安排学习。可以多和我聊聊，当你按照计划表学习时，心里通常会有什么样的感受吗？
感觉…比较踏实吧。至少知道自己在做什么，不会像上周小组讨论那样完全不知道该说什么。
嗯，听起来计划表能给你带来踏实感。可以多和我聊聊，当你按照计划表学习时，具体是什么样的感受或想法吗？",3,悲伤,0,CPCD/conversation_3_consultation_events_张伟_21_张伟.json,,,
A0065,cpcd_c2b5330737_s12_t13,cpcd_c2b5330737,就是……明明坐在电脑前，手放在键盘上，但脑子里一片空白。胃里像有东西在搅，心跳得很快，眼睛盯着屏幕上的字数统计，那个数字一直停在三位数。我试过深呼吸，但没过几分钟又开始坐立不安，总觉得下一秒就要崩溃。,"听起来这几天胃里的不适感一直伴随着你。能多说说这种身体感觉和写论文时的思绪是怎么交织在一起的吗？
胃里一直像有块石头压着……每次打开文档，那些字就变得模糊不清。我盯着屏幕，脑子里全是“来不及了”“写不完怎么办”，然后胃就开始绞痛。
听起来胃里的不适和那些焦虑的念头紧紧缠绕在一起。能多说说这种绞痛的感觉具体是怎么影响你继续写论文的吗？
就是……每次我打开文档，那些字就开始模糊。胃里像有只手在攥着，越着急越疼。然后我就会想，完了，我连坐都坐不住，怎么可能写完五千字。
听起来胃痛和焦虑的念头让你完全无法集中。能多说说这种“坐不住”的感觉具体是怎样的吗？",7,绝望,1,CPCD/conversation_8_consultation_events_张宇轩_157_张宇轩.json,,,
A0066,cpcd_305be79653_s3_t5,cpcd_305be79653,就是感觉像戴了个很重的头盔，里面塞满了东西。明明眼睛在看黑板，但那些公式和数字就是进不去。,"你好，张伟。距离上次见面过了一周，这一周过得怎么样？
还行吧，就是有点累。上课老走神。
听起来这一周不太轻松。能具体说说上课走神时，你都在想些什么吗？
就是觉得脑子很重，像灌了铅一样。其实也没想什么具体的事，就是盯着黑板，但那些公式和图表好像都飘过去了，抓不住。有时候会突然想到我爸说的话，然后就更烦了，只能强迫自己继续看笔记。
嗯，听起来这种走神的感觉让你很困扰。你能多描述一下“脑子很重”具体是一种什么样的感受吗？",5,恐惧,0,CPCD/conversation_6_consultation_events_张伟_715_张伟.json,,,
A0067,215177002,anon_0775,这件事情对我来说确实是个巨大的压力和负担，但我希望能够做出正确的选择，为大家都着想。,谢谢你的建议，我会好好考虑的。这件事情对我来说确实是个巨大的压力和负担，但我希望能够做出正确的选择，为大家都着想。,7,绝望,1,时序性对话_merged.json,,,
A0068,cpcd_1fed6de375_s12_t9,cpcd_1fed6de375,嗯...就是觉得特别现实。我拿着简历，看到那些公司，很多都写着“硕士及以上”。我投了几个技术岗，人家一看是物理专业，就问我有没有编程经验或者项目经历。我...我其实没有，就是按部就班上专业课。感觉周围其他专业的同学，好像目标都更明确一些。,"听起来这次招聘会让你感到很受挫。能多说说你在现场的具体感受吗？
嗯…就是感觉…特别迷茫。我拿着简历转了好几圈，发现能投的岗位特别少。很多公司一看是物理专业，就直接说他们需要的是硕士或者有项目经验的。
听起来这次招聘会让你感到迷茫和受挫。能多说说你当时在现场具体是怎么想的吗？
嗯...就是，我拿着简历转了好几圈，发现招我们这个专业的公司很少。大部分都写着“硕士及以上”，或者要求有项目经验。我投了几份，对方也只是收下，没多问什么。
听起来这次招聘会让你感到迷茫和受挫。能多说说你当时在现场具体是怎么想的吗？",5,恐惧,0,CPCD/conversation_8_consultation_events_张宇_231_张宇.json,,,
A0069,cpcd_305be79653_s7_t13,cpcd_305be79653,就是觉得…我爸妈辛苦工作供我读书，我却在为一些小事烦恼。他们肯定希望我把所有时间都用来学习。,"听起来有点烦，能具体说说走神时心里在想什么吗？
就是...会突然想到我妈。想到她打电话时说的话，还有她平时省吃俭用的样子。然后就会觉得，我坐在这里发呆，太对不起她了。
嗯，听起来走神时想到妈妈会让你感到内疚。能多说说这种“对不起她”的感觉具体是什么样的吗？
就是觉得……我坐在这里，却什么都学不进去，很浪费。她省吃俭用给我生活费，我连考试都考不好。
嗯，听起来这种内疚感让你很不好受。能多说说“浪费”具体指的是什么吗？",3,悲伤,0,CPCD/conversation_7_consultation_events_张伟_881_张伟.json,,,
A0070,fixed_10,slang_fixed_010,网课挂机被点名，社死,,2,惊讶,0,campus_hot_speech_fixed.txt,,,
A0071,campus_12124_t4,campus_12124,我并不喜欢警察，而上这个学校是意外之中，我觉得很难爱上警校的一切。,"您好，我是一名21岁女生，已经上了一年多，但是我感到很迷茫和很不舒服。我不太适应学校的军事化管理，也感觉一切都变得很无望。您能够给我一些建议吗？
你好，很抱歉听到你的不适。很多人在面对与自己期望不符的环境时会感到迷茫和沮丧。想问一下，你目前最深刻的感受是什么？
我感觉每天都在向我证明我失败了，让我觉得非常累。
理解。事实上, 常常有人选择去一所'不适合'或不是'梦想'的学校去学习。这是正常的，因为在这个年纪我们并不清楚自己想做什么。但这并不意味着你必须'按部就班'学习。我认为你可以试着探索一下，在这个学校你可以做什么不一样的事情，感受一下你所做的是否与你的内心态度相符合。另外，你可以先问问自己，是否可以因为自己的压力减少一些学习的要求。",2,惊讶,0,时序性对话_campus/12124.json,,,
A0072,223928001,anon_0350,最近我感到非常讨厌自己，因为父母给我带来了很多羞耻感，我应该怎么治愈呢？,最近我感到非常讨厌自己，因为父母给我带来了很多羞耻感，我应该怎么治愈呢？我是一名在镇上工作的老师，最近交了一个男朋友，我们的关系还不错。但是父母觉得非常自豪，在外面张扬，而且一直嘲笑我。他们甚至在白天把我捆在树上打我，看到这情景他们竟然表示很满意。他们对他很推崇，甚至让他在我家留宿，明明只有15分钟的车程，还想让他把我调到城里工作。我不同意，因为他们帮我的条件是订婚。父母这种追捧让我很尴尬，他们说我没本事考试，也没抓住机会。男友则认为他们一切都是为了我好，让我别小气。之后就挂断了电话。想到我家人爷爷三个月前去世了，现在没有人再支持我了。想起我的童年经历，我真的很讨厌父母，他们给我留下的只有羞耻和自卑。我的工作是我自己考上的，为什么他们看不起我呢？我感到非常痛苦，对婚姻也不再相信。我讨厌自己，也许真的没有人在我背后支持我了。,6,厌恶,0,时序性对话_merged.json,,,
A0073,cpcd_305be79653_s9_t29,cpcd_305be79653,嗯……可能吧。但我总觉得，那些工作谁都能做，他们只是不想让我碰核心部分。,"听起来，当组长这样安排时，你心里除了感到被边缘化，还有一种“这很合理”的无奈感，是这样吗？
嗯……其实我确实觉得，他们这么安排是对的。我最近状态这么差，作业也跟不上，如果硬要参与核心部分，可能反而会拖累整个小组的进度。
听起来，你一方面理解小组的安排是出于现实考虑，另一方面又因为这种“合理”而感到更加无力，这种矛盾的心情一定很不好受。我注意到，当你说“如果硬要参与核心部分，可能反而会拖累整个小组的进度”时，这里面似乎有一个“要么完美参与，要么就是拖累”的想法在影响你。我们可以一起看看，这种想法是否让你忽略了自己在小组里可能存在的其他价值呢？
嗯……可能吧。但我现在确实跟不上他们的进度，连讨论都插不上话。上次开会的时候，他们说的那些软件和计算方法，我有一半都没听懂。
听起来，当你在小组讨论中发现自己跟不上进度，甚至有一半的内容都没听懂时，那种“被排除在外”的感觉一定让你很受挫。这让我想到，你刚才提到“要么完美参与，要么就是拖累”的想法，似乎在这种情境下又出现了——好像如果自己不能完全跟上，就失去了在小组中的所有价值。我们可以一起看看，这种想法会不会让你忽略了，其实整理资料和校对格式这些“基础工作”，本身也是项目推进中不可或缺的一环呢？",3,悲伤,0,CPCD/conversation_6_consultation_events_张伟_771_张伟.json,,,
A0074,485438002,anon_0243,可我不知道该如何控制这些负面想法和情绪，我感觉好无助。,谢谢你的理解和支持，我真的好需要安慰和鼓励。可我不知道该如何控制这些负面想法和情绪，我感觉好无助。,7,绝望,1,时序性对话_merged.json,,,
A0075,campus_14273_t0,campus_14273,高一，面临着选文科还是理科。我都不知道该怎么办了我现在是高一，所在的班级是理科班平时注重学的都是理科可我物理真的很差，化学我挺感兴趣的但成绩也不是很好。文科政治挺不错但地理又不行，而且这几个月都没好好学文科心思都在理科上。我都不知道该怎么办了，怕选理科学不懂，选文科又落了几个月的课程,,0,中性,0,时序性对话_campus/14273.json,,,
A0076,campus_15187_t0,campus_15187,我的同事优秀又自命不凡，非常令我讨厌，如何相处？我25了，公司有同龄实习的男生，我们都是重点毕业，起初相处甚欢，后来越来越厌恶。,,6,厌恶,0,时序性对话_campus/15187.json,,,
A0077,fixed_13,slang_fixed_013,家教被放鸽子，烦死了,,4,愤怒,0,campus_hot_speech_fixed.txt,,,
A0078,cpcd_305be79653_s1_t23,cpcd_305be79653,嗯……其实也不是第一次了。高中时班里组织小组活动，我经常不知道该说什么，就坐在角落里假装记笔记。,"嗯，我能感受到那种“明明在身边，却好像隔着一层玻璃”的孤独感。可以多说说，当你只能点头的时候，心里具体是什么滋味吗？
就是……感觉自己是透明的。他们聊得那么开心，我站在旁边却像在看一场电影，怎么都进不去那个画面。
我能感受到那种“像在看电影却进不去画面”的疏离感，心里一定很不好受。可以多说说，当你觉得自己是透明的时候，身体上有什么感觉吗？
就是…胸口有点闷，好像被什么东西堵住了。我明明就坐在那里，但感觉他们说话的声音都隔着一层玻璃。
我能感受到那种胸口发闷、像被堵住的感觉，这一定让你很难受。可以多说说，这种“隔着玻璃”的感觉，以前在其他场合也出现过吗？",3,悲伤,0,CPCD/conversation_6_consultation_events_张伟_637_张伟.json,,,
A0079,cpcd_d1c5b146b5_s2_t17,cpcd_d1c5b146b5,就是觉得很无力吧。明明花了那么多时间，却还是跟不上别人的节奏。,"嗯，听起来记下了笔记却无法理解，这确实很让人困扰。你能具体说说，是哪个公式的推导步骤让你觉得特别难连起来吗？
就是那个关于材料力学里的应力分析公式……我明明每一步都抄下来了，可就是不明白它们是怎么从上一个步骤变到下一个的。
嗯，听起来记下了步骤却无法理解，这确实很让人困扰。你能具体说说，是哪个公式的推导步骤让你觉得特别难连起来吗？
就是那个应力分析的公式...我明明每一步都抄下来了，可看着它们就是串不成一个整体。
嗯，听起来记下了每一步却无法理解整体的推导过程，这确实很让人着急。你能具体说说，当你看着这些笔记时，心里是什么感觉吗？",5,恐惧,0,CPCD/conversation_10_consultation_events_张悦_910_张悦.json,,,
A0080,campus_12124_t4,campus_12124,我并不喜欢警察，而上这个学校是意外之中，我觉得很难爱上警校的一切。,"您好，我是一名21岁女生，已经上了一年多，但是我感到很迷茫和很不舒服。我不太适应学校的军事化管理，也感觉一切都变得很无望。您能够给我一些建议吗？
你好，很抱歉听到你的不适。很多人在面对与自己期望不符的环境时会感到迷茫和沮丧。想问一下，你目前最深刻的感受是什么？
我感觉每天都在向我证明我失败了，让我觉得非常累。
理解。事实上, 常常有人选择去一所'不适合'或不是'梦想'的学校去学习。这是正常的，因为在这个年纪我们并不清楚自己想做什么。但这并不意味着你必须'按部就班'学习。我认为你可以试着探索一下，在这个学校你可以做什么不一样的事情，感受一下你所做的是否与你的内心态度相符合。另外，你可以先问问自己，是否可以因为自己的压力减少一些学习的要求。",2,惊讶,0,时序性对话_campus/12124.json,,,
A0081,cpcd_305be79653_s1_t45,cpcd_305be79653,嗯……您说得对，我确实总想把每句话都设计好。可是如果不提前想好，我担心自己会冷场，或者说出什么不合适的话。,"我理解你那种“怕说错话，怕别人觉得我无聊”的心情，这确实会让你在开口前承受很大的压力。听起来，你心里似乎有一个“我必须一次就表现得有趣、自然，否则别人就会觉得我无聊”的信念，这种想法会不会像一副沉重的担子，让你在每次尝试前就已经感到疲惫了呢？

如果我们一起观察这个想法：有没有可能，你对自己“是否有趣”的判断，更多是基于内心的焦虑，而不是对方真实的感受？比如，会不会是因为你太专注于“不要出错”，反而忽略了对话本身其实是一个互相了解的过程？

或许我们可以试着做一个小小的调整：下次当你再感到紧张时，愿不愿意先在心里对自己说“我的目标是尝试交流，而不是完美表现”，然后观察一下，当你把注意力从“怕说错”转移到“试着分享”时，内心的压力会不会有些不同？
嗯…您说得对，我好像确实一直在想怎么才能表现得更好。但每次一开口，脑子里就一片空白，总觉得别人会很快失去兴趣。其实我连自己平时喜欢什么都不敢多说，怕别人觉得没意思。
我理解你那种“一开口就脑子空白，怕别人失去兴趣”的感受，这确实会让人在对话中感到特别紧绷。听起来，你心里似乎有一个“我必须一直保持有趣，否则别人就会觉得没意思”的信念，这种想法会不会让你在交流时，把注意力都放在了“如何表现”上，反而很难放松地去分享自己真正喜欢的东西呢？

如果我们一起观察这个想法：有没有可能，你对自己“是否有趣”的判断，更多是基于内心的担心，而不是对方真实的反应？比如，会不会是因为你太害怕“冷场”，反而忽略了对话本身是一个双方共同参与的过程？

或许我们可以试着做一个小小的调整：下次当你再感到紧张时，愿不愿意先在心里对自己说“我只需要分享一点我真正喜欢的东西，哪怕很小的事”，然后观察一下，当你把注意力从“怕别人觉得没意思”转移到“我想分享这个小话题”时，内心的压力会不会有些不同？
嗯…您说得对，我确实一直在想该怎么说话才能让别人觉得有意思。每次开口前，我都会在心里排练好几遍，就怕说错话或者显得很无聊。
我理解你那种需要反复排练、生怕说错话的感受，这确实会让人在开口前就感到精疲力尽。听起来，你心里似乎有一个“我必须提前准备好完美的对话，否则就会显得无聊或出错”的信念，这种想法会不会像在给自己设定一个很难达到的标准，反而让你更难轻松地表达自己呢？

如果我们一起观察这个想法：有没有可能，真实的对话本身是无法完全预测和排练的，而那些让你感到自然的交流，往往正是从一些即兴的、不完美的尝试中开始的？比如，会不会是因为你把注意力都放在了“准备完美的台词”上，反而忽略了对话中倾听和回应对方的部分？

或许我们可以尝试一个小小的调整：下次当你再感到需要排练时，愿不愿意先对自己说“我只需要表达此刻真实的想法，哪怕它不完美”，然后观察一下，当你允许对话有一些即兴的空间时，内心的压力会不会有些不同？",3,悲伤,0,CPCD/conversation_3_consultation_events_张伟_17_张伟.json,,,
A0082,slang_161_1_2042603b,slang_001,今天终于麦地教父了，心情一下子好起来,,1,高兴,0,梗数据集_hot_speech_synth.txt,,,
A0083,213331006,anon_0270,又问我，我没好声好气的告诉他没有，他表示能理解，我们这样的公司没有一金不意外。,爸爸总觉得我们公司没有公积金，这是不是不被认同？毕业快四年，相同行业换了三家单位。为什么我爸总觉得我们公司没有公积金，是不是我们小破单位，不是事业单位不是政府部门，就不配有公积金？不怎么回家。今年过完年没回去过，昨天他特地来我这边跟我沟通。又问我，我没好声好气的告诉他没有，他表示能理解，我们这样的公司没有一金不意外。,2,惊讶,0,时序性对话_merged.json,,,
A0084,521839002,anon_0182,每次我问她发生了什么，她就变得沉默寡言，眼泪不停地流。,我有试着和她聊过，但她总是不愿意说出来。每次我问她发生了什么，她就变得沉默寡言，眼泪不停地流。我很担心她内心的压力越来越大。,0,中性,0,时序性对话_merged.json,,,
A0085,fixed_18,slang_fixed_018,又被PUA了，好无语,,4,愤怒,0,campus_hot_speech_fixed.txt,,,
A0086,campus_13865_t12,campus_13865,谢谢你的支持和鼓励！我会加油的！,"很高兴你觉得这个建议有帮助。另外，如果家里经济遇到困难，你还可以尝试申请学校提供的助学金。学校通常会有专门的资助项目，可以帮助经济困难的学生。你可以向辅导员咨询，了解具体的申请条件和程序。
好的，我会向辅导员咨询一下助学金的申请事宜。谢谢你的建议。
不用客气，我希望我能帮到你。还有一点，要专注于学习。学习是你现在的首要任务，它将为你提供知识和能力，让你尽量避免经济困境。学习成绩优秀还有可能获得奖学金，除了经济上的帮助，也是你个人能力的展示。
嗯，我明白了。尽管我觉得很委屈，看着其他同学享受家庭的关心和支持，我却要自己面对困难，但是至少我还有学习的机会，没有流落街头。我会调整好心态，坚持下去。谢谢你的鼓励。
很高兴你能有这样的心态和勇气面对困境。相信你能度过这个困难时期，你不仅会收获金钱上的帮助，更会在这个过程中成长和蜕变。加油！",0,中性,0,时序性对话_campus/13865.json,,,
A0087,slang_72_0_2ae09688,slang_072,课间大家聊花西子，我插不上话,,0,中性,0,梗数据集_hot_speech_synth.txt,,,
A0088,campus_16828_t0,campus_16828,为什么我如此地憎恨、厌恶、恶心我自己？,,6,厌恶,0,时序性对话_campus/16828.json,,,
A0089,campus_16229_t2,campus_16229,嗯，谢谢你对我的理解，但是我还是感到很痛苦，不知道该怎么办才好。,"初中起每天焦虑，为什么自己总是被老师或同学忽略？自从我初中每天都很焦虑。不管是和同学交流，还是上课或者是成绩考差，我每次都会陷入很深的自责。而且每次我跟同学一起去问问老师问题，老师总是忽略我。如果我自己去问问题的时候，老师都很敷衍我，都说上课的时候她会讲话。难道一次的成绩差就代表我不会读书了嘛，连题都不给我讲，知道我怎么进步？
你好，我非常理解你的感受。听你这么说，我觉得你是一位非常敏感的人。你希望被珍视和被别人关注，但现在发现自己总是被忽略，心里一定很痛苦。先不要急着自责，能够勇敢地表达你的痛苦，说明你已经很勇敢了。",7,绝望,1,时序性对话_campus/16229.json,,,
A0090,slang_91_1_9aa5ba9b,slang_011,今天终于CF领先十年了，心情一下子好起来,,1,高兴,0,梗数据集_hot_speech_synth.txt,,,
A0091,438701011,anon_0201,在这次沟通中，我对咨询师感到愤怒。,我是一个27岁的女性，已经咨询了20次了。最近我和咨询师之间出现了沟通问题，我不确定是否应该继续咨询。我被诊断为重度抑郁，目前处于中度抑郁的状态。去年9月，在分手后和考研前，我开始了和一位心理动力学取向咨询师的定期咨询。过去的20多次咨询让我的整体情绪更加稳定，我觉得我的情绪被咨询师接住了。然而最近一个月，在考研结束后，我开始对是否继续咨询感到犹豫。感觉自己有了更多精力去处理目前的事情。我请了两次提前一天的事假，以及一次因为演出时间不确定而提前两天请假。前两次咨询师接受了我的请假要求，但第三次咨询时，咨询师提出即使不咨询也需要收费。我在某平台的规定中发现，可以提前24小时请假。在这次沟通中，我对咨询师感到愤怒。最近两次咨询中，我们都在讨论请假的问题。咨询师表示她忘了我们之间的约定，也就是默认了口头上可以请假。对于我按照规定行事，她认为我无视了平台规定。她还要求我支付咨询费用，并问我如何看待这样的惩罚行为。之前的一次咨询让我情绪平复了一些，我可以不带情绪地面对这件事情。那么，我是否应该继续咨询呢？,4,愤怒,0,时序性对话_merged.json,,,
A0092,cpcd_305be79653_s13_t5,cpcd_305be79653,有点意外……没想到他们会注意到。,"你好，张伟。距离上次见面过了一周，这一周过得怎么样？
老师好。这周…宿舍长找我聊了聊，说看我最近状态不好，他们想一起帮我复习。
嗯，听起来宿舍长很关心你。能和我具体说说，他们是怎么提出这个想法的吗？
宿舍长是昨天晚自习后找我聊的。他说看我最近总是一个人，复习好像也很吃力，就提议说周末可以一起在宿舍帮我梳理一下重点。另外两个室友当时也在，他们也都点头说可以。
嗯，宿舍长和室友们主动提出要帮你复习。听到他们这么说，你当时是什么感觉？",2,惊讶,0,CPCD/conversation_6_consultation_events_张伟_671_张伟.json,,,
A0093,cpcd_414d6625ac_s15_t5,cpcd_414d6625ac,就是……像被抽干了。明明考完了，应该松口气，可我只觉得累，累到连呼吸都费劲。脑子里空荡荡的，什么也不想，什么也感觉不到。,"你好，张思雨。距离上次见面过了一周，这一周过得怎么样？
嗯...不太好。这周把所有考试和论文都赶完了，但感觉整个人都被掏空了。
听起来这一周对你来说很不容易。能具体说说“被掏空”是一种什么样的感觉吗？
就是...感觉身体和脑子都空了。明明考完了应该轻松，但一点力气都没有，连看手机都觉得累。
听起来这一周让你感到非常疲惫。能多说说这种“空了”的感觉具体是怎样的吗？",5,恐惧,0,CPCD/conversation_2_consultation_events_张思雨_310_张思雨.json,,,
A0094,fixed_10,slang_fixed_010,网课挂机被点名，社死,,2,惊讶,0,campus_hot_speech_fixed.txt,,,
A0095,cpcd_d1c5b146b5_s4_t25,cpcd_d1c5b146b5,嗯…其实是大二下学期，我们专业开始分方向。当时很多同学都主动联系了实验室，或者找了实习。我…我不知道自己到底喜欢什么，又怕选错了会后悔，就一直拖着。结果到期末，发现大家都有了明确的目标，只有我还停在原地。,"听起来那种“漂着”的感觉，以及身体上胸闷、想把自己藏起来的反应，都让你在那个时刻非常难受。能和我多说说，这种“漂着”的感觉，和你之前提到的“被困住”的感觉，有什么相似或不同吗？
其实…我也说不太清楚。就是那种被困住的感觉，好像是我自己把自己困在了一个地方，周围都是墙，但我至少知道自己在哪。可漂着的感觉…更像是我被丢在一个空荡荡的地方，周围什么都没有，连墙都没有，但我也哪儿都去不了。
听起来那种“漂着”的感觉，比“被困住”更让人感到无助和孤独。能和我多说说，这种“漂着”的感觉，让你联想到过去什么时候的经历吗？
嗯……其实这种感觉，从大二开始就断断续续有了。那时候大家开始分流，有人进实验室，有人准备考研，只有我好像还在按部就班上着课，不知道该往哪走。现在好像又回到了那种状态，只是更明显了。
听起来这种“漂着”的感觉，从大二开始就断断续续地伴随着你。能和我多说说，当时具体是什么情境让你第一次有这种感觉吗？",3,悲伤,0,CPCD/conversation_10_consultation_events_张悦_728_张悦.json,,,
A0096,campus_15911_t2,campus_15911,我希望和她成为朋友，和以前一样聊聊天之类的。,"大学，恋爱被拒，怎么才能和她恢复关系？这个事情是一年多以前的，我遇到了一个学姐，头开始和她很聊的来，经常去请教她学习上的问题，然后也帮她干点力所能及的事情，这很平常。可能是同学们闹的，有一次她发消息问了一句是不是喜欢她，然后我就憨憨的说了一堆，最后她拒绝了，然后我还继续说，然后她就把我拉黑了。后来我反思我这样有点不正常，但现在有特别想跟她再做朋友，因为现在见了面也不说话啥的，我还一见她就紧张，想说又害怕。想问一下，我这样怎么才能和她恢复关系。
求助者，听了你的情况后，我能理解你的想法和感受，你可以先从自我反思开始，想一想自己是不是有哪些问题需要解决。你期望和这位学姐恢复什么样的关系呢？",0,中性,0,时序性对话_campus/15911.json,,,
A0097,cpcd_305be79653_s5_t59,cpcd_305be79653,老师，您说的这些道理我都明白。但现实是，如果我最后没能考上公务员或者进不了顶尖律所，我父母这么多年的付出就真的没有回报了。他们省吃俭用供我读法学，每次打电话都问我成绩和实习，这种期待已经成了我生活的一部分。,"我听到你反复提到“辜负”和“具体的投入”，这让我感受到，你似乎把父母为你付出的每一份心血，都看作一笔笔需要精准回报的“债务”，这种想法一定让你觉得，任何偏离他们具体期待的选择，都像是在违约。

如果我们一起看看这个信念：“如果我选择其他道路，就等于辜负了他们所有的具体投入。”你觉得这种想法，会不会让你忽略了，其实父母对你的爱和付出，可能也包含着希望你成为一个有能力、有主见的人，而不仅仅是一个必须完成他们设定目标的执行者呢？
我明白你的意思。但现实是，他们确实为我付出了很多，从学费到生活费，甚至牺牲了自己的生活质量。如果我不能按照他们期望的方式去回报，这些付出不就失去意义了吗？
我听到你反复提到“付出失去意义”，这让我感受到，你似乎把父母的爱和付出，看作一笔必须用特定方式偿还的“债务”，这种想法一定让你觉得自己的选择空间非常狭窄，每一步都充满压力。

如果我们一起看看这个信念：“如果我不能用他们期望的方式回报，他们的付出就失去了意义。”你觉得有没有可能，父母为你付出的意义，其实也存在于这个过程本身——比如看到你成长为一个有责任感、懂得感恩的人，而不仅仅取决于某个具体的结果呢？
是的，我明白您的意思。但每次看到他们为我省吃俭用，甚至转发那些文章，我就觉得……如果最后我没能考上公务员或者进不了大律所，那我这些年的努力，还有他们的期待，不就都落空了吗？
我听到你反复提到“努力和期待都落空”，这种担忧确实非常沉重。当你说“如果最后没能达到那个具体目标，一切就都白费了”时，我感受到你似乎有一个很深的信念：“人生的价值，完全取决于能否实现父母设定的那个具体结果。”

如果我们一起看看这个想法，你觉得有没有可能，你成长过程中积累的知识、能力和责任感，这些内在的收获本身就有价值，并不会因为最终职业道路的不同而“落空”呢？",5,恐惧,0,CPCD/conversation_3_consultation_events_张伟_31_张伟.json,,,
A0098,cpcd_d1c5b146b5_s15_t35,cpcd_d1c5b146b5,它…它就是事实。我试过的，大一那次班级聚餐，我坐在角落整整两个小时，一句话都说不出来。他们聊实习聊游戏，我像在看一部没有字幕的外语电影。后来有人注意到我，问了一句“张悦你怎么不说话”，那一刻我感觉自己像个突然被聚光灯照到的错误摆设。,"听起来，那种“可有可无”和“像个局外人”的感觉，在你心里已经存在很久了，这一定让你感到非常孤独和无力。我们之前也聊到过，这种“融不进去”的体验，似乎和你心里那个“表达需要或主动靠近可能会被拒绝”的信念有关。当你说“大家聊天时我插不上话”的时候，你心里会不会有一个声音在说：“如果我尝试加入却失败了，那就证明我确实是不被需要的”？
是的……那个声音几乎每次都会出现。它告诉我，与其冒着被忽视的风险，不如一开始就保持距离。这次聚餐也是，我明明已经换好衣服准备出门了，可站在镜子前，那个声音又来了。它说，你去了又能怎样呢？大家的话题你接不上，气氛你也融不进去，最后只会更清楚地发现自己是个局外人。
我听到那个声音又出现了，它用“去了又能怎样”和“只会更清楚地发现自己是个局外人”这样的想法，最终把你留在了门外。这种明明渴望连接，却被内心声音劝退的感觉，一定让你感到既孤独又无力。

我们之前聊到过，这个声音背后似乎有一个很深的信念：“如果我尝试靠近却失败了，那就证明我确实是不被需要的”。听起来，这次聚餐的经历，又一次验证了这个信念，让你更确信自己“永远融不进去”。

我想邀请你一起做个小小的观察：当那个声音说“你去了话题也接不上”的时候，它是在描述一个已经发生的事实，还是在预测一个尚未发生的未来呢？
它就是在说事实。我确实接不上话，以前聚餐的时候试过，他们聊的那些实习、八卦，我根本插不进去。坐在那里像个摆设，比一个人待着还难受。
我听到那个声音非常肯定地告诉你，这是“事实”，而且你提到以前聚餐时确实有过尝试却感到更难受的经历。这让我更能理解，为什么这次站在楼下时，那个劝退你的声音会那么有说服力——它似乎是在用过去的经验保护你，避免你再次经历那种像“摆设”一样难受的时刻。

我想和你一起看看，那个声音所说的“事实”——比如“我根本插不进去”——它更像是对过去某几次特定情境的总结，还是对所有未来聚会的绝对预测呢？",3,悲伤,0,CPCD/conversation_9_consultation_events_张悦_492_张悦.json,,,
A0099,campus_13996_t0,campus_13996,大一女，在宿舍被孤立了，真的很生气，该怎么办？由一堆堆小事组成的吧。,,4,愤怒,0,时序性对话_campus/13996.json,,,
A0100,cpcd_414d6625ac_s11_t27,cpcd_414d6625ac,是的。我脑子里当时只有一个声音在循环播放：系统崩溃了。我所有的计划，从大一开始的每一步，都建立在这个身体能持续运转的前提下。现在它用最原始的方式告诉我，它不行了。,"听到你描述那种被困在透明罩子里的感觉，我能感受到那种与周围世界隔绝的孤独和恐慌。当心跳声和血液流动的声音变得如此清晰时，那种被自己身体困住的感觉一定非常可怕吧？
是的……就像整个世界都变成了慢动作，只有我的心脏在疯狂地撞击肋骨。我甚至能感觉到血液在太阳穴那里跳动的声音。
听到你描述那种心脏疯狂撞击肋骨的感觉，我能感受到那一刻身体发出的强烈信号。当整个世界都慢下来，只剩下自己身体里这些失控的声音时，那种被恐惧淹没的感觉一定非常真实。
是的。我甚至能清楚地记得图书馆里那种安静突然变得震耳欲聋的感觉。我盯着论文的标题，那些字开始模糊、旋转，然后就是胸口发紧，喘不上气。我脑子里只有一个念头：完了，这次真的撑不住了。
听到你描述那种心脏疯狂撞击肋骨、血液冲上太阳穴的感觉，我能感受到那一刻身体发出的警报有多么强烈。当整个世界都慢下来，只剩下这些失控的声音时，那种被恐惧淹没的感觉一定非常真实。

我注意到，在那一刻你反复出现的念头是“完了，这次真的撑不住了”。这个念头听起来像是一个很绝对的判断——好像身体的一次反应，就宣告了整个计划的彻底失败。你觉得这个想法背后，是不是藏着我们之前讨论过的那个“完美执行”的信念呢？",7,绝望,1,CPCD/conversation_2_consultation_events_张思雨_216_张思雨.json,,,
A0101,151985002,anon_0609,我有时会想自己死了会怎么样，还担心意外发生，还会想到他人的死亡，我感觉胸闷难受。,可是为什么我会胡思乱想呢？我有时会想自己死了会怎么样，还担心意外发生，还会想到他人的死亡，我感觉胸闷难受。,2,惊讶,0,时序性对话_merged.json,,,
A0102,361712002,anon_0416,这让我感觉自己被家人讨厌着，而且这样小心翼翼地和家人相处真的很累。,每当这时，我的家人就会用一副伤心的表情来看我，有时还会在我背后说“她就是那样”。这让我感觉自己被家人讨厌着，而且这样小心翼翼地和家人相处真的很累。,6,厌恶,0,时序性对话_merged.json,,,
A0103,slang_12_1_8b3d1423,slang_012,小组作业做完，晚上靠鼠鼠文学快乐一下,,1,高兴,0,梗数据集_hot_speech_synth.txt,,,
A0104,438701011,anon_0201,在这次沟通中，我对咨询师感到愤怒。,我是一个27岁的女性，已经咨询了20次了。最近我和咨询师之间出现了沟通问题，我不确定是否应该继续咨询。我被诊断为重度抑郁，目前处于中度抑郁的状态。去年9月，在分手后和考研前，我开始了和一位心理动力学取向咨询师的定期咨询。过去的20多次咨询让我的整体情绪更加稳定，我觉得我的情绪被咨询师接住了。然而最近一个月，在考研结束后，我开始对是否继续咨询感到犹豫。感觉自己有了更多精力去处理目前的事情。我请了两次提前一天的事假，以及一次因为演出时间不确定而提前两天请假。前两次咨询师接受了我的请假要求，但第三次咨询时，咨询师提出即使不咨询也需要收费。我在某平台的规定中发现，可以提前24小时请假。在这次沟通中，我对咨询师感到愤怒。最近两次咨询中，我们都在讨论请假的问题。咨询师表示她忘了我们之间的约定，也就是默认了口头上可以请假。对于我按照规定行事，她认为我无视了平台规定。她还要求我支付咨询费用，并问我如何看待这样的惩罚行为。之前的一次咨询让我情绪平复了一些，我可以不带情绪地面对这件事情。那么，我是否应该继续咨询呢？,4,愤怒,0,时序性对话_merged.json,,,
A0105,228610001,anon_0643,我是一个29岁的女性，长期以来一直感到悲观，觉得人生没有意义。,我是一个29岁的女性，长期以来一直感到悲观，觉得人生没有意义。我觉得自己非常敏感，对于人和事的变化总是特别谨慎察觉。而且我从小到大一直都感觉被忽视，这使得我内心无法开心起来。我真的很难受，不知道该如何让自己变得开心一些。,0,中性,0,时序性对话_merged.json,,,
A0106,438701011,anon_0201,在这次沟通中，我对咨询师感到愤怒。,我是一个27岁的女性，已经咨询了20次了。最近我和咨询师之间出现了沟通问题，我不确定是否应该继续咨询。我被诊断为重度抑郁，目前处于中度抑郁的状态。去年9月，在分手后和考研前，我开始了和一位心理动力学取向咨询师的定期咨询。过去的20多次咨询让我的整体情绪更加稳定，我觉得我的情绪被咨询师接住了。然而最近一个月，在考研结束后，我开始对是否继续咨询感到犹豫。感觉自己有了更多精力去处理目前的事情。我请了两次提前一天的事假，以及一次因为演出时间不确定而提前两天请假。前两次咨询师接受了我的请假要求，但第三次咨询时，咨询师提出即使不咨询也需要收费。我在某平台的规定中发现，可以提前24小时请假。在这次沟通中，我对咨询师感到愤怒。最近两次咨询中，我们都在讨论请假的问题。咨询师表示她忘了我们之间的约定，也就是默认了口头上可以请假。对于我按照规定行事，她认为我无视了平台规定。她还要求我支付咨询费用，并问我如何看待这样的惩罚行为。之前的一次咨询让我情绪平复了一些，我可以不带情绪地面对这件事情。那么，我是否应该继续咨询呢？,4,愤怒,0,时序性对话_merged.json,,,
A0107,351852001,anon_0657,一开始看牙齿他牙齿不好，后面加上这个假期意外太多，可能他手淫的就有点多，出现了肾亏的症状。,一开始看牙齿他牙齿不好，后面加上这个假期意外太多，可能他手淫的就有点多，出现了肾亏的症状。自己也有了不舒服的感觉。,2,惊讶,0,时序性对话_merged.json,,,
A0108,464352010,anon_0046,但就算你变得再怎么好，别人也照样孤立你。,上大学后因为糟糕的人际关系敏感心情很糟。因为被一些人平白无故的孤立，只要坐在他旁边就赶紧换座位。从小到大被人孤立，大学又被人给孤立。然后感觉眼珠子都要湿润啦，但没表现出来。而且昨天上高数课问个人一个题，他明明懂却故意告诉你错误答案，然后下课又换一个座位。而且跟人借笔记吗，一个个都说没有记这是要考试的说没记能信吗。而且跟他们关系也不好，然后自我怀疑做错什么要被他们孤立。我就想是不是我留头发长，然后就想起以前我妈说的你跟人不一样谁想理你。到现在就不喜欢自己，心想如果能做出点改变他们是不是不孤立啦。但就算你变得再怎么好，别人也照样孤立你。全都是我妈总说的，跟人不一样谁想理你，头发要跟人一样，衣服要跟人一样。只要不跟人一样就浑身不自在。然后对我潜移默化，虽然我爸跟网上的人说不要纠结这些无聊的事，不要管他们，有很多有趣的事没有做呢。我虽然清楚应该不要纠结这些事，但我妈的潜移默化总让我控制不住。,0,中性,0,时序性对话_merged.json,,,
A0109,446551001,anon_0080,谢谢你的夸奖，但我昨天晚上和爸爸争吵了很久，他很生气。,谢谢你的夸奖，但我昨天晚上和爸爸争吵了很久，他很生气。他觉得他是长辈，是家里的支柱，所以可以命令别人闭嘴，让孩子去打扫卫生，或者帮他拿东西。我很烦他的这种理念和做法。,4,愤怒,0,时序性对话_merged.json,,,
A0110,cpcd_305be79653_s13_t9,cpcd_305be79653,就是...有点没想到。他平时都不怎么说话的。我当时就愣住了，也不知道该说什么好。,"嗯，这确实有点意外。你当时是什么感觉？
我……我当时有点懵。就是，不知道该说什么。
嗯，听起来这件事让你有些不知所措。你愿意多说说当时的具体情况吗？
就是...他放下水果就走了。我连谢谢都没来得及说。
嗯，听起来这件事让你有点意外。你愿意多说说收到水果后，你心里在想什么吗？",2,惊讶,0,CPCD/conversation_7_consultation_events_张伟_881_张伟.json,,,
A0111,slang_141_1_a9a90091,slang_061,今天终于我有四不吃了，心情一下子好起来,,1,高兴,0,梗数据集_hot_speech_synth.txt,,,
A0112,cpcd_d1c5b146b5_s9_t1,cpcd_d1c5b146b5,老师好。这一周……其实不太好。,你好，张悦。距离上次见面过了一周，这一周过得怎么样？,5,恐惧,0,CPCD/conversation_9_consultation_events_张悦_622_张悦.json,,,
A0113,cpcd_305be79653_s11_t7,cpcd_305be79653,就那样吧。图书馆挺安静的，能专心看书。,"听起来这一周比较平淡。能具体说说上课和写作业的过程中，有什么让你印象比较深的事情吗？
上课……就那样吧。作业都按时交了，实验报告也写完了。没什么特别的。
听起来这一周比较平稳。能和我分享一下，在完成作业和实验报告的过程中，有什么感受吗？
嗯…其实这周作业不多。我就是在图书馆待着，把该写的都写完了。
听起来这周你按部就班地完成了任务。能和我聊聊在图书馆学习时，你的心情是怎样的吗？",3,悲伤,0,CPCD/conversation_5_consultation_events_张伟_575_张伟.json,,,
A0114,slang_170_1_c44fc08f,slang_010,刷到芭比Q笑出猪叫，明天考试也不慌了,,1,高兴,0,梗数据集_hot_speech_synth.txt,,,
A0115,cpcd_305be79653_s1_t3,cpcd_305be79653,就是第一次小测验，我以为自己准备得挺充分的。没想到题目那么难，很多知识点上课好像都没讲过。看到成绩的时候真的有点懵。,"你好，张伟。距离上次见面过了一周，这一周过得怎么样？
老师好。这周……其实不太好。专业课的测验成绩出来了，我考得很差。
嗯，听起来很难受。能具体说说这次测验的情况吗？",2,惊讶,0,CPCD/conversation_6_consultation_events_张伟_643_张伟.json,,,
A0116,315137002,anon_0789,但是现在我还是对未来感到迷茫，不知道该如何选择合适的机会。,嗯，我应该试着改变自己的心态，接受这次失败，寻找新的放松方式。但是现在我还是对未来感到迷茫，不知道该如何选择合适的机会。,0,中性,0,时序性对话_merged.json,,,
A0117,cpcd_305be79653_s13_t5,cpcd_305be79653,有点意外……没想到他们会注意到。,"你好，张伟。距离上次见面过了一周，这一周过得怎么样？
老师好。这周…宿舍长找我聊了聊，说看我最近状态不好，他们想一起帮我复习。
嗯，听起来宿舍长很关心你。能和我具体说说，他们是怎么提出这个想法的吗？
宿舍长是昨天晚自习后找我聊的。他说看我最近总是一个人，复习好像也很吃力，就提议说周末可以一起在宿舍帮我梳理一下重点。另外两个室友当时也在，他们也都点头说可以。
嗯，宿舍长和室友们主动提出要帮你复习。听到他们这么说，你当时是什么感觉？",2,惊讶,0,CPCD/conversation_6_consultation_events_张伟_671_张伟.json,,,
A0118,campus_17320_t2,campus_17320,谢谢你的拥抱和关心！我曾经去过一家医院，但是觉得医生对我的症状没有太多了解，只是给我开了一些药物，并没有起到太大的帮助。我的社交障碍在高中前已经存在，但是在高中的时候因为受到了一个人的伤害，我变得更加沉默寡言，不敢和别人交流。那个人是我的同学，我们是从小学就同班同学，但是在高中他突然对我冷漠起来，甚至主动排斥我。我对他的这种行为感到很伤心和愤怒，而且我一直都无法释怀。去年十二月，他又以朋友的身份出现在我面前，让我想起了那段痛苦的经历。这事发生已经有两年多了。而关于暗示自己不要集中注意力，我也不知道为什么会这样，可能是因为我害怕再次遇到挫折，给自己的压力太大了。我没有拒绝支持和帮助的意思，只是觉得自己越来越难以接受别人的帮助和关心。我会考虑找专业咨询师进行面对面的咨询，也会尝试寻找自己的优点，改变一下心态。谢谢你的建议和鼓励！,"注意力不集中，看到书就会害怕，我该怎么办？我有社交障碍，高中的时候因为人际关系问题就更加严重几乎不跟别人说话，从去年十二月开始我就一直纠结于这段不好的关于社交经历每天醒来就会心理暗示自己想起这段经历，变得越来越仇视那个人，到后面就发展成一看书，一做试卷就暗示自己不要集中注意力看题目看书看了很多遍都不知道讲了什么，反复读题也不知道讲了什么，心思完全就不放在上面。高考前很焦虑自己考场上会这样，高考的时候也确实如此看题目很焦虑。到了现在，我一看书就害怕就会觉得我集中不了注意力。而且我现在对什么都没有兴趣，一直都很抑郁，每天都快乐不起来，没有目标，非常痛苦，经常想到死。我不知道该怎么办。
先给你一个大大的拥抱，抱抱！听你描述的情况，我有几个疑惑的地方。首先，你对这个社交障碍和抑郁的问题有没有去正规医院就诊过呢？其次，你所说的社交障碍，在高中之前是怎样的呢？你提到的人际关系问题似乎是特定某人之间的问题，而不是与多数人之间的关系问题，是这样吗？不知道是什么具体发生了，为什么会对你产生如此大的影响？你和那个人的关系如何呢？另外，你提到""从去年十二月开始我就一直纠结于这段不好的关于社交经历每天醒来就会心理暗示自己想起这段经历，变得越来越仇视那个人""，想问一下去年十二月发生了什么事情？高中那件事情发生到现在已经有多久了？另外提到""到后面就发展成一看书，一做试卷就暗示自己不要集中注意力看题目看书""，不太明白你为什么要暗示自己呢？我觉得通常每个人都希望自己能过得更好，做得更好，而你却会暗示自己不要这么做，我目前无法理解这个行为，也不知道怎样才能帮到你，感觉很抱歉！另外，想问问你身边的人有没有类似的感受，你现在把自己往""不好""的方向去想，是不是想拒绝支持和帮助呢？考虑到这些情况，我建议你找专业咨询师进行面对面的咨询，讨论一下你目前的状态和想法。另外你可以回忆一下，有没有不这样暗示自己""不好""的时候呢？如果有的话，可以试着寻找自己的优点，每天找到自己的一个小优点并记录下来，可以贴在醒目的位置提醒自己看到自己的优点。另外也可以继续维持现在的状态，当你感到害怕一看书的时候，可以用笔画一个""正""字，看看在一天或一周内这种情况会发生多少次。最后，送给你一句话：改变心态只需要一分钟，而这一分钟却能改变一整天！",0,中性,0,时序性对话_campus/17320.json,,,
A0119,campus_10375_t0,campus_10375,您好，我在最近的一年里总是会对脏话变得敏感，别人稍微一有针对性的言语（例如你TM等等）就会让自己变得愤怒。所以有时候尝试过和室友沟通，但他们虽然说以后说话注意些，但还是会时不时不经意间说脏话。我明明知道他们的言语并没有攻击我的倾向，但是还会愤怒。这种情绪让人好痛苦，影响了生活和工作。自己的性格也是较为懦弱的那种，不怎么发脾气的，之前受了不少委屈。我想可能是这个原因让自己积累了很多负面情绪，导致对这些攻击性言语很敏感吧。希望您能帮忙分析一下并且提供建议，感激不尽！,,4,愤怒,0,时序性对话_campus/10375.json,,,
A0120,118168005,anon_0719,本来我计划几年后再办婚礼，但是我丈夫却在下半年反复提出希望今年过年前办婚礼的想法。,我最近有些困扰，想请教一下。我在策划婚礼的过程中，开始有一些犹豫，甚至想过要离婚。不知道该如何调整自己的心态。今年上半年我们领了结婚证，也买了一套期房（还未交付）。本来我计划几年后再办婚礼，但是我丈夫却在下半年反复提出希望今年过年前办婚礼的想法。我多次强调自己不愿意，可是每次都被他用“无论你什么时候办都会觉得烦，不如早点办了了事”这样的话堵住了。后来他还直接预订了酒店，我虽然很不愿意，但也只能勉强接受。我只是希望简单点，自己布置一下，拿几个气球和彩带，然后请亲戚吃个饭。可是过了一两个月，他又开始想订婚庆策划了。我当时又反复抱怨说不想搞这么大操劳，只是想吃个饭而已。我觉得花这么多钱来给别人看实在是没有意义，不如拿出来去旅行。可是他却说婚礼的钱都是他们家出的，是给他父母一个交代。我真是无语了。现在又定了婚纱照，而且还很贵。我觉得更加烦恼了。从定酒店那一刻开始，我就一直不太想参加这个婚礼。但是我每次都自我安慰说可能疫情严重的话，就不能举行婚礼了。我并不在意这些形式，我更注重的是我的内心感受。如果不能按照我自己的意愿去旅行结婚，那我希望至少在自己觉得幸福的时候举办。我不想回忆起一生中唯一的婚礼时，只有糟心而不是幸福的感觉。写到这里，我真的不知道该怎么办了，请您给点意见吧。,1,高兴,0,时序性对话_merged.json,,,
A0121,fixed_10,slang_fixed_010,网课挂机被点名，社死,,2,惊讶,0,campus_hot_speech_fixed.txt,,,
A0122,270217002,anon_0513,我应该尊重妹妹的选择，不应该因为我自己的心理压力而阻止她追求自己的兴趣和梦想。,是的，你说得对。我应该尊重妹妹的选择，不应该因为我自己的心理压力而阻止她追求自己的兴趣和梦想。,7,绝望,1,时序性对话_merged.json,,,
A0123,campus_10384_t0,campus_10384,裸辞后未找到满意工作，处于不想跟人交流状态怎么办？,,1,高兴,0,时序性对话_campus/10384.json,,,
A0124,384027001,anon_0227,一个女人会因为自己女儿离婚，而讨厌儿媳妇吗？,一个女人会因为自己女儿离婚，而讨厌儿媳妇吗？我婆婆从她女儿离婚后，对我态度很不友好。不帮我带孩子，在我最困难的时候。她女儿搞传销欠了很多钱。我婆婆现在都去上班了，估计是帮她女儿还钱。我前天打电话给我婆婆，叫她管管我老公，因为我老公回家不带孩子，只玩游戏。我婆婆说，她已经把他养大了，以后爱怎么样都是我的事情，我管不了是我没本事！说他不好好过日子，肯定是没有遇到对的人。还说结婚是我自愿的。我说那我马上离婚，你给他找个对的人。她说你想怎么样就怎么样，以后不要和她说。,6,厌恶,0,时序性对话_merged.json,,,
A0125,slang_161_0_ef0f268e,slang_001,宿舍夜谈又提到麦地教父，我躺着听,,0,中性,0,梗数据集_hot_speech_synth.txt,,,
A0126,cpcd_c2b5330737_s11_t37,cpcd_c2b5330737,嗯…听起来好像有点道理。但我有点担心，就算我注意到了，可能还是控制不住。就像上次李浩约我吃饭，我明明心里很高兴，可话到嘴边就变成了“不用了”。那种感觉特别奇怪，明明想靠近，身体却像有自己的想法一样往后退。,"我听到你说，那个瞬间快到你甚至来不及想清楚，话就已经说出去了，事后才反应过来自己其实有点想去。这种“事后才明白自己真实心意”的感觉，一定让你感到有些遗憾和懊恼。

你刚才提到，那个“怕尴尬”的念头和胸口发紧的感觉，几乎瞬间就捆绑在一起，形成了一个自动的连锁反应。这让我想到，我们之前讨论过的“读心术”和“灾难化预测”，它们可能已经像你大脑里一个非常熟练的“警报系统”，一旦感觉到社交上可能的风险，就会立刻拉响警报，让你的身体也进入紧张状态。

如果我们试着把这个警报系统，想象成你大脑里一个过度负责、总想保护你免受尴尬的“老朋友”，当它再次拉响警报时，我们不是去对抗它，而是先简单地注意到它，比如在心里对它说一句：“哦，我的‘怕尴尬警报’又响了，我知道了。”你觉得，这样做一小步，会不会让你在那种自动反应里，稍微找回一点点选择的余地？
是的…就像您说的，那个警报响得太快了。我其实能感觉到室友是真心想关心我，他们说话的时候眼神很温暖。但当时我脑子里只有一个声音在喊“别答应，你会搞砸的”，然后那句话就脱口而出了。
我听到你描述了那个瞬间，当温暖的念头刚冒出来，就被“万一搞砸”的担忧迅速淹没，身体也立刻有了反应，那句拒绝的话好像自动就说出去了。这种明明渴望连接，却被自己的念头和身体反应抢先一步推开的感觉，一定让你感到很无力。

你刚才提到，那个“怕尴尬”的念头和胸口发紧的感觉，几乎瞬间就捆绑在一起，形成了一个自动的连锁反应。这让我想到，我们之前讨论过的“读心术”和“灾难化预测”，它们可能已经像你大脑里一个非常熟练的“警报系统”，一旦感觉到社交上可能的风险，就会立刻拉响警报，让你的身体也进入紧张状态。

如果我们试着把这个警报系统，想象成你大脑里一个过度负责、总想保护你免受尴尬的“老朋友”，当它再次拉响警报时，我们不是去对抗它，而是先简单地注意到它，比如在心里对它说一句：“哦，我的‘怕尴尬警报’又响了，我知道了。”你觉得，这样做一小步，会不会让你在那种自动反应里，稍微找回一点点选择的余地？
嗯…我明白您的意思。但当时那种感觉太快了，快到我根本来不及想什么“老朋友”。就是胸口一紧，然后话已经说出去了。说完之后，看着室友有点失望的表情，我又开始后悔。
我听到你描述了那种“来不及反应”的感觉，当胸口一紧，话就已经说出去了，事后看到室友失望的表情又陷入后悔。这种明明能感受到温暖，却被自动反应抢先一步推开，事后又自责的循环，一定让你感到特别无力。

你刚才提到“快到我根本来不及想什么‘老朋友’”，这让我注意到，那个“怕尴尬警报”可能已经熟练到像呼吸一样自然，以至于在它拉响的瞬间，你甚至意识不到它的存在。如果我们把这种自动反应想象成你大脑里一条被反复走过、已经形成深深车辙的路，每次遇到类似情境，你的思维和身体就会不自觉地滑入这条熟悉的路径。

我想邀请你一起做个小小的想象练习：如果在下一次类似的情境中，当那种胸口发紧的感觉刚出现时，我们不要求自己立刻改变反应，而是试着在心里对自己说一句：“哦，我的身体又进入那条‘怕尴尬’的老路了。”只是简单地给这个自动过程贴上一个观察的标签，你觉得这样做，会不会让你在那种熟悉的无力感中，稍微感受到一点点不同的可能性？",3,悲伤,0,CPCD/conversation_8_consultation_events_张宇轩_157_张宇轩.json,,,
A0127,456463001,anon_0733,嗯，我会试着相信自己的能力，并且寻求他人的帮助和支持。,嗯，我会试着相信自己的能力，并且寻求他人的帮助和支持。谢谢你的鼓励和建议，我感觉好多了。,0,中性,0,时序性对话_merged.json,,,
A0128,cpcd_414d6625ac_s10_t13,cpcd_414d6625ac,我感觉胸口很闷，像被什么东西压着。每次打开文档想写点什么，手就会开始发凉。,"嗯，听起来这种状态持续了有一段时间了。能多说说当你坐在电脑前，大脑“死机”的时候，心里具体在想些什么吗？
就是一片空白。我知道截止日期就在那里，但手指就是动不了。脑子里会闪过之前那些事，保研失败，期中考试一团糟，然后就会想，现在写这个还有什么意义。
嗯，听起来这种空白感让你很无力。能多说说“现在写这个还有什么意义”这个念头出现时，你心里的感受吗？
就是……一片死寂。我知道论文必须写，但手指放在键盘上，脑子里却像被冻住了一样。我甚至能感觉到时间一秒一秒过去，但就是动不了。然后那个声音就会冒出来：就算现在赶出来，质量肯定一塌糊涂，导师会怎么看我？这四年的努力，最后就交上这么个东西？
嗯，听起来这种停滞的感觉让你非常煎熬。能多说说那个“导师会怎么看我”的念头出现时，你身体上有什么感觉吗？",5,恐惧,0,CPCD/conversation_2_consultation_events_张思雨_216_张思雨.json,,,
A0129,slang_6_1_557903af,slang_006,今天终于加州女孩了，心情一下子好起来,,1,高兴,0,梗数据集_hot_speech_synth.txt,,,
A0130,campus_13300_t0,campus_13300,真的不是很喜欢这舍友，怎么样明显表现讨厌一个人？我真的不是很喜欢这个舍友我的天我已经勉强自己很多回了为了维持表面关系还非要和我一起上下课我真的烦！因为在勉强自己还要勉强自己帮她取快递我真吐了想要自己发现她的优点但是缺点太明显了越发现越多真的受不了！我可咋办我虽然和别人吵架过，但是这种没有明显错误的，我咋个说。就是不喜欢啊，也没干什么坏事。她身上的缺点我实在不喜欢。不坦诚，擅长找借口答应别人的事总是不做但答应的特爽快，还有比较小气，和她出去吃饭会偷偷吃掉最后一块排骨〔我对这个其实没所谓啊，关键是她一定要装出故意给我夹多一块排骨，然后偷偷夹两块给自己，很虚伪啊其实只要明着说想吃最后一块就可以啊〕我受不了这种小心思啊我的天或者谁能教教我和这种小心思特多但是没啥特别坏心眼的人咋个相处啊啊啊还是同学我真的不知道咋撕破脸都是大学生了,,6,厌恶,0,时序性对话_campus/13300.json,,,
A0131,campus_10988_t0,campus_10988,我觉得自己变得十分敏感，总是疑神疑鬼，我是不是个让人特别讨厌的人啊？,,6,厌恶,0,时序性对话_campus/10988.json,,,
A0132,cpcd_d1c5b146b5_s12_t53,cpcd_d1c5b146b5,是的……您说得对。我其实很希望我们能像普通朋友那样相处，而不是总带着“她需要照顾我”或者“我需要被照顾”的感觉。那天她跟我道歉，还说了她自己的事，我第一反应其实是有点暖的，觉得我们好像更近了。但紧接着我就开始想，她是不是因为觉得我太脆弱了才这样……就好像，如果我没有“生病”，她可能根本不会跟我聊这些。,"我听到了你理智上的这个觉察，这真的很重要。你躺在床上反复琢磨，其实是在努力分辨那些复杂的感受，这本身就是一种很勇敢的自我探索。

我想请你试着感受一下，当你说“理智上我知道她可能真的只是想回到以前那种状态”时，你的内心和身体，有没有感受到一丝丝不同？哪怕只是很微小的、和之前那种“被当作病人”时不一样的感受？
嗯…我好像…是有一点不一样。之前只要想到这件事，胸口就堵得慌，像被什么东西压着。但现在，好像没那么紧了。
我注意到你描述的这个身体感受的变化——从胸口“堵得慌”到“好像没那么紧了”。这很值得关注，因为身体的感觉有时比我们的想法更直接地反映出内心的真实状态。

我想请你试着再体会一下，当那种“没那么紧”的感觉出现时，它是否也在告诉你，也许你和室友的关系，并不完全是你最初担心的那种“病人与照顾者”的模式？
嗯……其实我也感觉到了。当她跟我说起她高中的事时，我确实觉得胸口没那么闷了。但后来我又忍不住想，她是不是因为同情我才说这些的。我不想让她觉得我需要被特殊对待。
我注意到你内心的这种反复——一方面身体的感觉告诉你，那种“被当作病人”的紧绷感在减轻；另一方面，那个“她是不是在同情我”的念头又很快回来。这让我感受到，即使有了积极的体验，那个关于“资格”和“自我价值”的信念依然在强烈地影响着你的解读。

我想请你试着回想一下，当你意识到“我不想让她觉得我需要被特殊对待”时，这个想法背后，是不是也隐含着一种对“平等”和“真实连接”的渴望？",3,悲伤,0,CPCD/conversation_10_consultation_events_张悦_710_张悦.json,,,
A0133,248939001,anon_0104,我容易因他人没有道德而生气，如何客观看待？,我容易因他人没有道德而生气，如何客观看待？我做管理工作，然后看到手下的人有的很没有道德，比如喝完了茉莉花茶直接把茉莉花茶连同花朵直接倒到水槽里。因为要监督学生做好卫生保洁，所以看到这一幕就特别的生气，为什么有的人非得懒成这样。我也知道可能是因为自己的超我太强导致愤怒情绪出现，但是真的很难通过自己的合理情绪ABC去把愤怒平静下来，做完之后依然觉得这个人很没有道德，该骂。提问:如何去更客观的看待这件事？我尽力的说服自己，这个人可能是身体不舒服所以这么做的，可是感觉这理由真的是漏洞百出，荒谬至极。,4,愤怒,0,时序性对话_merged.json,,,
A0134,cpcd_305be79653_s1_t3,cpcd_305be79653,就是第一次小测验，我以为自己准备得挺充分的。没想到题目那么难，很多知识点上课好像都没讲过。看到成绩的时候真的有点懵。,"你好，张伟。距离上次见面过了一周，这一周过得怎么样？
老师好。这周……其实不太好。专业课的测验成绩出来了，我考得很差。
嗯，听起来很难受。能具体说说这次测验的情况吗？",2,惊讶,0,CPCD/conversation_6_consultation_events_张伟_643_张伟.json,,,
A0135,cpcd_d1c5b146b5_s6_t31,cpcd_d1c5b146b5,嗯……可能吧。考完的时候，我只觉得累，什么都想不了。但一回到宿舍，看到桌上那袋饼干，那个声音就又回来了。它说我考得肯定不好，说我连考试都撑不住，什么都做不好。然后我就……控制不住了。,"听起来这次考试的经历让你感到特别无助，那种努力过却好像瞬间消失的感觉一定很令人沮丧。我注意到，当手抖和脑子空白的时候，你心里冒出了“我特别没用”和“我妈又要失望了”这样的念头。这让我想起我们之前讨论过的，你很容易把一次表现和整个人的价值联系起来，甚至和家人的期待绑在一起。

你愿意和我聊聊，当“我妈又要失望了”这个想法出现时，它带给你的感受具体是什么样的吗？
嗯...就是...胃里会突然一紧，像被什么东西攥住了。然后手就开始发凉，脑子里嗡嗡的。
我听到你说当想到妈妈会失望时，身体会有这么强烈的反应，胃发紧、手发凉，这一定让你感到非常难受。这让我想到，我们之前讨论过，你常常会把一次表现和你的整体价值，甚至和家人的期待紧紧绑在一起。

当“妈妈会失望”这个念头出现时，你心里会不会也同时出现一个声音，好像在说“我必须做到完美，否则就证明我不够好”？
嗯……是。那个声音一直都在。尤其是这次考试，我总觉得自己复习得不够，很多细节都没把握。考完最后一门的时候，我脑子里一片空白，只想赶紧回宿舍。
我听到你描述的那个“必须完美”的声音，以及它带来的身体反应，这确实让人感到非常疲惫和无力。当这个声音出现时，它似乎立刻就把一次考试的表现，和你整个人是否足够好、是否会让妈妈失望紧紧绑在了一起。

我注意到，你刚才提到了一个很重要的细节：你说“考完最后一门的时候，我脑子里一片空白，只想赶紧回宿舍”。在那个只想逃离、脑子空白的时刻，那个“必须完美”的声音，是不是也暂时被那种精疲力尽的感觉盖过去了呢？",7,绝望,1,CPCD/conversation_9_consultation_events_张悦_630_张悦.json,,,
A0136,cpcd_305be79653_s8_t31,cpcd_305be79653,是的，我确实觉得不能停下来。每次想稍微喘口气，脑子里就会算一遍账，或者想到审计学那58分。如果我不去打工，下个月的利息怎么办？如果我不把所有时间都用来复习，补考再不过怎么办？,"听起来，集中注意力对你来说更像是一种保护，让你暂时远离那些让你喘不过气的想法。当你说“必须集中注意力，否则那些事情就会涌上来”时，我能感受到你内心那种巨大的紧迫感和压力，好像一停下来，整个世界都会压过来。
是的。我必须一直保持忙碌，一旦停下来，那些数字、账单、挂科的分数就会在脑子里打转。
听起来，这种“必须保持忙碌”的状态，让你在身体和情绪上都承受着巨大的负担。当你说一旦停下来，那些数字和担忧就会涌上来时，我能感受到你内心那种被焦虑追赶、无处可逃的感觉。

我注意到，你提到“必须集中注意力”才能暂时不去想那些事，这似乎是一种应对方式，但同时也让你几乎没有喘息的空间。这种“停下来就会失控”的信念，会不会在无形中让你更难真正放松下来，反而加剧了身心的疲惫呢？
嗯...可能是吧。但我真的没办法停下来。只要一闲下来，我就会想起我爸借的那些钱，还有挂科的审计学。
我听到你说，只要一停下来，那些关于债务和挂科的想法就会立刻涌上来，让你感觉必须一直保持忙碌才能应对。这种“停下来就会失控”的感觉，确实像把你困在了一个不停转动的轮子上，让你很难有喘息的机会。

我注意到，你刚才提到“没办法停下来”，这背后似乎有一个很强烈的信念，就是“一旦我放松，事情就会变得更糟”。这种想法让你觉得，保持紧绷和忙碌是唯一安全的选择。我们可以一起看看，这个信念是否完全符合现实呢？

比如，有没有可能，偶尔短暂的休息和调整，反而能让你在接下来的时间里，用更清晰的头脑去处理那些数字和复习，而不是一直带着疲惫和焦虑硬撑？",3,悲伤,0,CPCD/conversation_5_consultation_events_张伟_439_张伟.json,,,
A0137,283850008,anon_0489,我姐对我冷淡，老是发“哦”，她知道我讨厌“哦”。,14岁女生，刚过生日，为什么因为先前的事感到难过？之前我和朋友关系好，然而最近生日的这几天，昨天生日。我无法再感到和同学的快乐，就连最亲的姐姐也开始讨厌。事情是这样的：我想有个特别的生日，所以这次生日本没买蛋糕，我是想着和我的姐姐一起去吃晚饭。可是下大雨了，其实和下大雨也没多大关系。因为就算没下大雨，她也一样不会来，她明明答应我的。因为大雨我迫不得已只能去最近的小店里吃，我真不太想去那，可是没办法。我姐对我冷淡，老是发“哦”，她知道我讨厌“哦”。她还真没来，微信和她聊了后，她说“那你现在是想怎样”，后面没聊了。我心里有奇怪的感觉，这让我很痛苦。我是怎么了，我说的这些事情不是很完整，可以询问我问题。,6,厌恶,0,时序性对话_merged.json,,,
A0138,slang_35_3_5a465ae0,slang_035,期末周还遇到我黑不黑怕关你屁事，心态崩了,,3,悲伤,0,梗数据集_hot_speech_synth.txt,,,
A0139,cpcd_e651f42633_s1_t55,cpcd_e651f42633,老师说得对…我确实一直在想那节课的事。其实我练习过很多次，但一被大家看着手就开始抖。,"我听到你提到“如果连在模型上都做不好，以后面对真正的病人该怎么办”，这个担忧让你感到压力更大了，甚至把现在的练习和未来的责任直接联系在了一起，这一定让你觉得肩上的担子很重。

我们一起来观察一下这个想法背后，是不是有一个“现在的表现就等于未来的能力”的信念在影响你？如果我们暂时把这个想法放在一边，你觉得，现在在模型上经历的这些紧张和手抖，有没有可能恰恰是在为未来积累重要的经验，让你在安全的环境里先学会应对这些压力，以后面对真实情境时反而能更从容呢？
是的……我就是这么想的。如果现在连模型都做不好，以后怎么敢碰真正的病人。每次拿起针我的手都在抖，越紧张就越容易出错。
我听到你反复提到“如果现在连模型都做不好，以后怎么敢碰真正的病人”，这种对未来的担忧，确实让眼前的每一次练习都变得格外沉重，甚至让你拿起针时手都会不自觉地发抖。

我们一起来观察一下这个想法背后，是不是有一个“现在的表现就决定了未来的全部可能”的信念在悄悄影响着你？如果我们暂时把这个想法放在一边，你觉得，现在在模型上经历的紧张和手抖，有没有可能恰恰是在帮助你提前适应压力，让你在未来面对真实情境时，因为经历过这些，反而能更清楚如何调整自己呢？
老师说得对……但我就是控制不住会去想。每次拿起针，脑子里就自动开始回放课堂上失败的那几秒，然后手就开始不听使唤。
我听到你描述的那种感觉，当失败的画面在脑海里自动回放时，身体好像也跟着回到了那个紧张的时刻，这一定让你感到既困扰又无力。

我们一起来观察一下，这个“自动回放失败画面”的过程背后，是不是有一个信念在悄悄告诉你：“过去的失败定义了我现在的能力”？如果我们暂时把这个想法放在一边，你觉得，这种手抖的反应，更像是因为技术本身的问题，还是因为“害怕再次经历失败”而产生的身体记忆呢？",5,恐惧,0,CPCD/conversation_2_consultation_events_张明_251_张明.json,,,
A0140,cpcd_d1c5b146b5_s11_t35,cpcd_d1c5b146b5,我试过……但那个声音太响了。它说如果我现在停下来，实习会丢，毕业设计会完不成，妈妈会更崩溃……我好像被它困住了。,"听起来，当心跳声盖过一切时，你感受到的是一种被所有未完成的事情压垮的恐惧。能和我多说说，这种“所有东西都会立刻垮掉”的感觉，具体让你想到了什么吗？
我……我不知道该怎么说。就是觉得，好像我稍微停下来喘口气，整个生活就会立刻碎掉。
听起来，当心跳声盖过一切时，你感受到的是一种被所有未完成的事情压垮的恐惧。你描述的“所有东西都会立刻垮掉”的感觉，像是一个不断拉响的警报，让你连喘口气都觉得危险。我能感受到那种被积木塔压住、动弹不得的窒息感。

我注意到，当这些念头涌上来时，你心里好像有一个很坚定的声音在说：“我绝对不能停下来，否则一切就完了。” 我们之前讨论过，这种“必须完美解决所有问题”的信念，常常会在压力大的时候变得更响亮。你觉得，此刻这个声音是不是又在告诉你，连身体发出的休息信号都是一种“背叛”呢？

如果我们可以暂时退后一步，像观察天气变化一样观察这些念头——不去相信它们，也不去对抗它们，只是看着它们来去——你觉得那会是什么感觉？
我…我不知道。我只是觉得，如果我现在停下来，就真的什么都完了。医生开的药我每天都在吃，可心跳还是很快，晚上一闭眼就是设计图被撕碎的画面。我不敢告诉爸妈，妈妈已经那样了，我不能再让她担心。
我听到你内心的挣扎，那种“停下来就完了”的恐惧感非常真实，也感受到你在努力吃药、努力撑着，同时还要保护妈妈——你真的承担了太多。  

当你说“心跳还是很快，一闭眼就是设计图被撕碎的画面”时，我注意到你心里似乎有一个很强烈的信念：“我必须一直向前冲，哪怕身体已经发出警告，否则一切都会崩塌。” 我们之前聊过，这种“绝对不能停”的想法，往往会在压力最大时变得格外响亮，甚至让我们觉得身体的信号都是错的。  

我在想，如果我们可以试着把这个信念暂时放在面前，像看一段滚动字幕一样观察它，而不立刻被它卷走——你猜那会是什么感觉？",7,绝望,1,CPCD/conversation_10_consultation_events_张悦_836_张悦.json,,,
A0141,cpcd_2978e7ae37_s7_t13,cpcd_2978e7ae37,就是那些家里有资源、从小就知道怎么规划的人。他们好像不用像我这样每一步都走得这么艰难。我爸妈总说只要努力就能成功，可现在我觉得，有些差距根本不是努力能追上的。,"嗯，听起来讲座让你更清晰地看到了差距，也让你对自己现在的努力产生了怀疑。能多说说“连边都摸不着”具体是指什么吗？
就是感觉…我之前还觉得只要我拼命学，把成绩提上去，就还有机会。但现在看看那些要求，什么GPA3.5以上，有相关实习经历，甚至还要有项目或者竞赛。我连高数都搞不定，微观经济学也一塌糊涂，别说3.5了，我现在能不能不挂科都是问题。那些东西对我来说，根本就是另一个世界的事。
嗯，我理解这种差距带来的无力感。能多说说“另一个世界”具体让你想到了什么吗？
就是那种…他们好像天生就知道怎么走，每一步都踩在点上。而我连高数都搞不定，连跟人聊天都怕说错话。现在又听到什么名企实习，我连及格线都够不着，怎么可能进得去。
嗯，我理解这种对比让你感到更加无力。能多说说“天生就知道怎么走”这个想法具体让你联想到什么吗？",5,恐惧,0,CPCD/conversation_10_consultation_events_张哲_161_张哲.json,,,
A0142,campus_11333_t6,campus_11333,我从来没想过要对学习的认知进行觉察和反思，可能我一直把学习视为一种必须完成的任务，从而给自己带来了过大的压力。我会试着从认知的角度来调整自己的态度，看看是否能改善我的情绪和学习效果。,"认真看完了你的提问，能够感受到你当前的情绪状态，进入高三，确实是压力很大的，这种环境中，有来自学校父母的压力，也有来自自己内心的压力，这些压力就像几座大山一样压在自己身上。这么长时间以来，从来未经历和遭遇过这样的压力，也许，当前的状态就是自己内心的一个“警报灯”，在不断提醒自己要注意缓解释放压力了。【从心理学上理解压力形成的原因，梳理压力的来源】不知道在此之前，你有没有过类似的体验和状态呢？
我以前确实没有经历过这样的压力，每天都觉得力不从心，心情也越来越低落。现在甚至上课都很难集中注意力了。
人的一生总会面临各种挑战，而高考时绝大部分人一生之中面临的第一次重大压力。压力总是伴随我们的对未来的期望与对自己的要求一起产生，它就像一面镜子，折射出我们在取得成功之前的努力的影子。从心理学上来讲，如果我们对自己制定过高过满的要求和目标，不加分析评判的接受了父母对自己的要求和想法，这种理想与现实的落差就会给自己带来巨大压力。因此，建议您将自己的目标规划与父母的期盼进行结合，梳理分析出一套适合自己的目标和计划，也可以暂时性降低期望值，在后续的努力中，不断调整优化自己的目标计划。【调整情绪状态，从觉察调整自己的认知开始】
我从来没有考虑过将自己的目标与父母的期望结合起来，可能这也是我产生压力的原因之一。我会试着调整自己的目标和计划，看看是否能缓解我的情绪和压力。
很高兴你能够愿意调整自己的目标和计划，这对于缓解压力和情绪非常重要。从心理学上来讲，当前你的情绪状态，行为反应，是由你对学习的认知观念导致的，这就是情绪ABC理论。因此，单纯的调节情绪，冥想放松，只能在浅层次发挥作用，内在核心的认知观念没有改变，最终仍然会不断产生负面情绪，影响正常工作学习。因此，建议在放松练习时，加入觉察练习，让自己思考和感受自己对学习最底层的认知是什么？是必需要完成的任务吗？或者进行反向思考，学习成绩不好会给自己带来什么后果呢？自己会有怎样的感受呢？在思考中，觉察内在的情绪感受，帮助自己梳理真正的核心认知观念。当看清了认知观念后，我们再进行一定程度的调整，逐渐改善认知带来的情绪体验。",7,绝望,1,时序性对话_campus/11333.json,,,
A0143,cpcd_305be79653_s5_t27,cpcd_305be79653,嗯……其实也不是听不懂。学长讲的那些技术名词，我大概能明白。就是觉得……他说的那些项目，那些经历，离我太远了。我连课都学不好，更别说做项目了。,"听起来，学长的经历让你感到了一种“听不懂”的困惑，这种困惑似乎又加深了你对自己目前学习状态的担忧，是这样吗？
嗯...差不多吧。其实也不是完全听不懂，就是觉得...他说的那些项目和技术，离我太远了。我现在连数字电路都学不好，更别说做出什么像样的东西了。
听起来学长的分享让你感到了一种距离感，好像他所在的那个“世界”和你现在所处的学习状态之间有一道难以跨越的鸿沟，这让你感到有些迷茫和无力，是这样吗？
嗯……差不多吧。其实听完分享会，我坐在那里就在想，我连数字电路的小测验都不及格，那些听起来很厉害的项目、实习，离我太远了。学长说的那些技术名词，我有一半都没听懂。
听起来学长的分享让你感到了一种落差，好像他的成就和你的现状之间隔着一道难以逾越的鸿沟，这种“听不懂”和“赶不上”的感觉让你这一周都感到迷茫和无力，是吗？",5,恐惧,0,CPCD/conversation_4_consultation_events_张伟_153_张伟.json,,,
A0144,cpcd_305be79653_s2_t5,cpcd_305be79653,就是...明明准备了很多遍，但一看到组员都在看我，那些话就卡在喉咙里了。我甚至能感觉到自己声音在抖。,"你好，张伟。距离上次见面过了一周，这一周过得怎么样？
老师好。这一周……其实不太好。上次说的那个小组练习，我搞砸了。
嗯，听起来这一周对你来说很不容易。你愿意具体说说小组练习发生了什么吗？
就是模拟练习的时候，我负责扮演护士和一位焦虑的病人沟通。其实流程我都背熟了，但一看到组员都在旁边看着，脑子就一片空白。说话的时候声音有点抖，还忘了几句关键的问诊词。
嗯，听起来这次模拟练习让你感到非常紧张。你愿意多说说当时脑子里一片空白的具体感受吗？",3,悲伤,0,CPCD/conversation_4_consultation_events_张伟_83_张伟.json,,,
A0145,485884001,anon_0615,非常感谢你的建议和支持。,非常感谢你的建议和支持。我明白现在要学习爷爷的理解和尊重，也要接受自己内心的痛苦。和家人沟通是个好主意，我会试着与他们分享我的感受和想法。同时，给自己一些修养的时间，通过调整心态和思考自己离理想目标的距离，我相信我可以找到平衡，逐步实现自己的目标。,0,中性,0,时序性对话_merged.json,,,
A0146,cpcd_305be79653_s5_t43,cpcd_305be79653,嗯...其实我也知道不能只看时长。但我就是停不下来。看到室友都在学，我如果去休息或者换一门课看，心里就特别慌。感觉每一分钟浪费了，离挂科就更近一步。,"听到你这么说，我能感受到那种“连休息都充满罪恶感”的煎熬。当大脑已经疲惫到无法吸收知识，却还被“别人都在学”的声音鞭策着继续，那种身心分离的消耗感确实非常强烈。

我注意到，你心里似乎有一个很强烈的信念：“休息就等于落后，别人在努力的时候我绝不能停下。”这种比较和“必须”的念头，是不是反而让你在需要恢复的时候，陷入了更深的焦虑和无效努力中？

我在想，当我们把“努力”等同于“不间断地学习”时，有没有可能，我们其实忽略了大脑真正需要的工作节奏？比如，你提到那十分钟休息比学习还累——如果换一种方式，不是“强迫自己休息”，而是“主动选择一种能真正放松的方式”，比如听一首歌或者简单拉伸几分钟，你觉得那种“别人都在学”的声音会不会稍微轻一些？
嗯…其实我试过听歌，但脑子里还是会不停地算时间。总觉得这十分钟本来可以做一道题，或者背一个分录。看到室友从早到晚都在图书馆，我就更不敢放松了。
听到你这么说，我能感受到那种“连听歌都无法真正放松”的紧绷感。当大脑已经像一根拉满的弦，却还被“别人在学，我不能停”的念头不断拉扯，那种感觉一定非常消耗。

我注意到，你心里似乎有一个很强烈的信念：“每一分钟都必须产出价值，否则就是浪费，就会落后。”这种把“努力”等同于“不间断的体力消耗”的想法，是不是反而让你陷入了一种“看起来很努力，但大脑已经无法工作”的状态？

我在想，当我们把“学习时间”和“学习效果”直接划等号时，有没有可能，我们忽略了一个关键：真正让知识进到脑子里的，往往不是“看了多久”，而是“看进去的状态”？比如，如果你允许自己有一个真正高质量的20分钟休息，让大脑清空重启，你觉得回来后的学习状态，和强迫自己疲惫地耗上两个小时相比，可能会有什么不同？
嗯…您说得对。我确实觉得每一分钟都不能浪费。尤其是看到室友他们好像一直都能坐在那里学，我就更不敢停了。可是…我坐是坐住了，书上的字却像飘过去一样，根本记不住。有时候盯着合并报表的例题，看了半小时，脑子里还是一片空白。
听到你这么说，我能感受到那种“身体在书桌前，但大脑已经无法工作”的疲惫和无力。当眼睛盯着书，却感觉文字只是飘过，那种努力却无法吸收的挫败感一定非常强烈。

我注意到，你心里似乎有一个很强烈的信念：“我必须和室友一样长时间坐在那里，否则就会落后。”这种“必须”的比较，是不是反而让你陷入了一种“用身体的在场，代替了大脑真正的参与”的状态？

我在想，当我们把“学习效果”等同于“学习时长”时，有没有可能，我们其实忽略了每个人大脑工作的独特节奏？比如，如果你允许自己根据当下的状态来调整学习方式，而不是强迫自己“坐住”，你觉得那种“一片空白”的感觉，会不会有所变化？",5,恐惧,0,CPCD/conversation_7_consultation_events_张伟_943_张伟.json,,,
A0147,cpcd_305be79653_s10_t31,cpcd_305be79653,是的。我就是觉得，每次遇到问题，我能做的好像只有放弃一个选项。就像这次，补考和面试撞在一起，我只能放弃面试。我甚至没想过能不能跟公司商量改时间，或者跟老师申请缓考。因为在我脑子里，补考是固定的，面试也是固定的，它们撞上了，我就只能二选一。,"听起来，这种“必须放弃一样才能得到另一样”的感受，对你来说并不陌生，甚至像是一个反复出现的模式，这一定让你感到特别疲惫和无奈。当你说到“没得选”的时候，那种被迫的感觉，是不是让你觉得自己的努力和牺牲，很多时候并不是主动的选择，而更像是一种没有余地的妥协？
是的。好像一直都是这样。为了补考放弃面试，为了兼职放弃休息，为了家里……好像我总是在做减法，路越走越窄。
听起来，这种“总是在做减法，路越走越窄”的感受，已经伴随你很久了，让你感到疲惫和无奈。当我们反复陷入这种“必须放弃一样才能得到另一样”的处境时，往往会形成一种看待事物的固定方式。我注意到你刚才提到“好像我总是在做减法”，这种想法出现的时候，是不是也让你觉得自己的选择空间非常有限，甚至没有真正的选择？
是的。每次我以为可以往前走一步，就总有事情把我拉回来。补考、兼职、家里的情况……现在连一个小的实习机会都抓不住。我感觉自己就像在走一条越走越窄的隧道，前面那点亮光也越来越暗。
听起来，这种“隧道越走越窄，光越来越暗”的感受，让你感到被困住，甚至有些绝望。当我们反复经历类似的困境时，很容易形成一种固定的看法，比如“我总是在做减法，没有真正的选择”。我注意到，当你描述这些情况时，常常会出现“必须放弃”、“没得选”这样的想法——这种“非此即彼”的思维模式，会不会在无形中放大了你的无力感，让你更难看到其他可能的出路呢？",7,绝望,1,CPCD/conversation_5_consultation_events_张伟_439_张伟.json,,,
A0148,cpcd_305be79653_s6_t47,cpcd_305be79653,嗯……其实上次小组讨论结束后，有个同学私下问我整理的资料怎么找的。我当时就简单说了几句，他好像还挺感谢我的。,"听起来，当“万一我说得不好，或者他们觉得我的想法很蠢”这个念头出现时，那种害怕被评判、害怕破坏气氛的恐惧，又一次让你选择了沉默，这确实会让人感到既熟悉又无力。

我注意到，在这些时刻，你心里似乎有一个很强烈的信念在运作，比如“我的发言必须是完美的，否则就会被否定”或者“一旦开口，就绝不能出错”。你愿意和我一起，试着去探索一下，在那个僵住的瞬间，你内心最害怕发生的具体场景是什么吗？比如，如果当时你真的开口了，你想象中最糟糕的结果会是什么？
嗯……就是觉得，如果我突然插话，他们可能会停下来看我，然后发现我说的东西其实没什么用。或者更糟，他们根本就没在听，只是礼貌性地嗯两声，其实心里觉得我很烦。
听起来，当“他们可能会停下来看我，发现我说的东西没用”或者“他们根本就没在听，只是礼貌性地应付”这些画面出现在你脑海里时，那种害怕被忽视、甚至被嫌弃的恐惧，又一次牢牢地抓住了你，让你最终选择了沉默。这种感受一定很真实，也很沉重。

我注意到，在这些让你僵住的时刻，似乎有一个很核心的信念在悄悄运作，比如“我的发言必须立刻被所有人认可和重视，否则就是毫无价值的”。你愿意和我一起，试着去好奇一下：这个信念，它有多久一直这样陪伴着你了？
嗯...其实我也没仔细想过这个。可能就是从小就这样吧，总觉得说错话比不说话更糟糕。
听起来，这个“说错话比不说话更糟糕”的信念，已经陪伴你很久了，它像是一个自动启动的保护机制，让你在不确定的时候选择沉默。这种感受我完全能理解，它确实让人感到安全，但也常常带来那种“明明知道却说不出口”的遗憾。

我注意到，这个信念背后似乎藏着一个假设，就是“开口的风险永远大于回报”。你愿意和我一起，试着好奇一下：有没有那么一次，哪怕是很小的时刻，你发现这个假设其实并不总是成立的呢？",3,悲伤,0,CPCD/conversation_6_consultation_events_张伟_687_张伟.json,,,
A0149,213331006,anon_0270,又问我，我没好声好气的告诉他没有，他表示能理解，我们这样的公司没有一金不意外。,爸爸总觉得我们公司没有公积金，这是不是不被认同？毕业快四年，相同行业换了三家单位。为什么我爸总觉得我们公司没有公积金，是不是我们小破单位，不是事业单位不是政府部门，就不配有公积金？不怎么回家。今年过完年没回去过，昨天他特地来我这边跟我沟通。又问我，我没好声好气的告诉他没有，他表示能理解，我们这样的公司没有一金不意外。,2,惊讶,0,时序性对话_merged.json,,,
A0150,campus_10992_t0,campus_10992,十分敏感，疑神疑鬼，我是不是个让人特别讨厌的人啊？我发现我最近总是心神不宁，十分敏感，还疑神疑鬼，我呢，还是个内向，脾气还有点冷淡的女生，我也不喜欢社交，但是不排斥也不害怕社交。我也特别讨厌给别人带东西比如带饭，占位什么什么的。我总是能搪塞就搪塞。导致我同学对我感觉很不好，觉得我不近人情。现在，无论是做什么事情，我的舍友总会说是我弄的，比如掉发，垃圾袋等等。无论青红皂白就说是我。我试着解释，我发现我越解释，她们就越看我不顺眼。我慢慢的变得注意起来，每次我都到外面梳头，垃圾认真倒，就连她们说有什么味道，我也总是打量下自己是不是我。我知道这样过太累，太在意别人的想法，可是每次她们嘀嘀咕咕，然后指着我说，是某某干的吧。我解释又解释，她们反而冷眼相待，导致我的心又冷了一节。我一直思考，要不要做些改变，可是事实上我就是这样的人……,,6,厌恶,0,时序性对话_campus/10992.json,,,
A0151,cpcd_c2b5330737_s13_t47,cpcd_c2b5330737,是的...我没想到他会那么认真。其实说完之后我有点后悔，怕他觉得我太矫情。,"我听到了，那种好不容易感到一丝轻松，紧接着又被“我给别人添麻烦了”的声音拽回自责里的感觉，一定让你很疲惫。这确实是我们之前讨论过的那个“必须独自坚强”的信念，在你尝试打开心扉后，又一次非常典型地出现了。

我注意到，那个声音有一个很确定的预测：“李浩肯定觉得你很麻烦，以后就不想理你了”。我们能不能一起，像侦探一样，先不急着相信这个预测，而是看看有没有其他可能性？比如，李浩主动来关心你，并且在你说出一些事情后，他的反应是怎样的？这些事实，和那个声音的预测，是完全一致的吗？
嗯…他当时听得很认真，没有打断我，还问了一些问题。最后他说，如果以后还有压力，随时可以找他聊聊。
听起来，当那个声音预测“李浩肯定觉得你很麻烦”时，你其实也注意到了另一个事实：他当时听得很认真，并且主动表示以后还可以找他聊聊。这两者之间似乎有些不同，你注意到了吗？
嗯…我注意到了。其实当时他说那句话的时候，我有点愣住了。因为和我脑子里那个声音说的完全不一样。
我听到了，当那个声音预测“他会觉得你麻烦”时，现实里李浩的反应却是认真倾听和主动提供支持。这种强烈的对比，让你自己也感到有些意外，是吗？",2,惊讶,0,CPCD/conversation_8_consultation_events_张宇轩_157_张宇轩.json,,,
A0152,campus_16942_t4,campus_16942,但是我觉得父亲对我态度不好，总是把自己的压力转移到我身上。我无法摆脱这种困境，感觉自己越来越沮丧。,"爸爸说我是个累赘，我想早点结束这糟糕的19年？从2016年开始死神靠近了我无数次我都把他给推开了我是一个很怕疼的人我不想割腕那太疼了试过几次都以失败告终那次站在六楼楼顶一站就是一个小时我怕了所以犹豫了好久家里人都不知道我发生了什么他们只是觉得我失败爸爸说我是个累赘动手打我我不敢反抗那只会被打的更严重我觉得如果我死了他们并不会难过只会觉得释怀我就应该死在回家的路上那样该多好啊就不用再听到他们的声音了
你一直面临着巨大的压力和痛苦，这些问题确实很困扰你。我了解你的想法，同时也要告诉你，这个世界并不是一片黑暗和冰冷。首先，你的家庭环境确实很不容易让你感受到爱，更多的是伤害。但是，你需要明白一点，你的家庭只是你的生命的一部分，不应该成为你人生的全部。你可以试着想象一下，如果那个打你的人不是你的爸爸，而只是一个陌生人，你会不会感到这样绝望到想要放弃生命呢？
可能……可能还是会有这种想法，因为我一直希望家庭是一个温暖的地方，但现实却是残酷的。我觉得父母应该是我们最亲近的人，但为什么我无法感受到他们的关爱呢？
对于大多数人来说，父母都是他们最亲近的人，同时也是他们从小到大最主要的安全感来源。但是，当这种期待没有得到满足时，我们自然会感到痛苦和困惑。这时候，我们需要明白一个观念，就是我们并不是为父母而活，父母也不应该只为了我们而活。父母给予了我们生命和养育，但他们也有自己的生活和人生课题要完成。你也是一个独立的个体，有着自己的生活和人生课题。父母和子女应该互相尊重和包容，不过多干涉对方的人生课题，在必要的时候提供力所能及的帮助就好。",7,绝望,1,时序性对话_campus/16942.json,,,
A0153,campus_11336_t2,campus_11336,是的，我也感觉到了这种压力，可是我实在是很低落，都无法集中注意力学习了。,"高三女生，情绪低落，精神萎靡近一个月怎么办？
步入高三，无形中会因为高考的紧迫感，而产生压力，这是每个学生，都要面临的考验。如何调整自己的状态，是所有高三学生需要面对的。",7,绝望,1,时序性对话_campus/11336.json,,,
A0154,270217002,anon_0513,我应该尊重妹妹的选择，不应该因为我自己的心理压力而阻止她追求自己的兴趣和梦想。,是的，你说得对。我应该尊重妹妹的选择，不应该因为我自己的心理压力而阻止她追求自己的兴趣和梦想。,7,绝望,1,时序性对话_merged.json,,,
A0155,285567003,anon_0091,我发现有时候我的情绪很容易就极端化，开始骂人，摔东西，吼叫，事后我自己也很苦恼，不知道该怎么办，有时候因为生气，身体很受伤，发火过后，无端的头疼，身体疼，没有力气做任何事情。,我很容易就暴怒，一发怒就骂人，吼叫，怎么办？最近因为和老公的生活琐事上的矛盾，我们经常吵架。我发现有时候我的情绪很容易就极端化，开始骂人，摔东西，吼叫，事后我自己也很苦恼，不知道该怎么办，有时候因为生气，身体很受伤，发火过后，无端的头疼，身体疼，没有力气做任何事情。影响了正常的生活和工作。,4,愤怒,0,时序性对话_merged.json,,,
A0156,316768001,anon_0197,前不久又有一个相亲对象，聊了半个月，也来过我家，之后第二次来我家，趁我不注意，强吻，让我非常生气，情绪一下就爆发了，把他斥责了几句，我的初吻就这么没了。,前不久又有一个相亲对象，聊了半个月，也来过我家，之后第二次来我家，趁我不注意，强吻，让我非常生气，情绪一下就爆发了，把他斥责了几句，我的初吻就这么没了。,4,愤怒,0,时序性对话_merged.json,,,
A0157,cpcd_414d6625ac_s14_t57,cpcd_414d6625ac,是的。但调整使用方式听起来很模糊。我过去就是靠这套逻辑才走到今天的，现在它失效了，你让我怎么相信它还有价值？我连和朝夕相处的人都无法沟通，这难道不是最直接的证明吗？,"听起来你正处在一个非常痛苦的循环里：越是努力控制，那些“程序错误”的念头就越是频繁地弹出，这让你开始怀疑自己整个思维和行动系统都出了问题。当你说“错误的算法”时，我注意到，这背后似乎有一个很严苛的信念在运作：“如果一套方法不能保证完美的结果，那它从根子上就是错的。”这种“全盘否定”的视角，会不会让你更难看到，其实你过去那些规划里，也包含着一些有价值的核心能力，比如你的自律和分析力？
是的。我承认我的自律和分析力曾经帮助我取得过一些成绩。但现在它们似乎失效了。我按照最严谨的计划复习，模拟考却一塌糊涂。这让我不得不怀疑，我引以为傲的这套系统，是不是从一开始就建立在错误的假设上。比如，我假设只要足够努力、足够精确，就能得到对应的结果。但现实显然不是这样。
听起来你正处在一个非常痛苦的反思点上，开始质疑自己整个行动系统的根基。当你说“现实显然不是这样”时，我注意到，这背后似乎有一个很深的信念在运作：“如果一套方法不能保证完美的结果，那它从根子上就是错的，并且我之前所有的努力都因此失去了价值。”这种“全盘否定”的视角，会不会让你更难看到，即使结果不如预期，你在这个过程中发展出的自律和分析力，其实本身也是一种宝贵的资源，它们只是需要在一个更复杂、更灵活的系统里被重新校准，而不是被完全抛弃？
我明白你的意思。但自律和分析力……如果它们不能导向一个明确的结果，那和没有又有什么区别？我现在连宿舍都待不下去，这难道不是证明我连最基本的人际关系都处理不好吗？
听起来你正处在一个非常艰难的自我怀疑中，当自律和分析力没有带来预期的结果时，你开始质疑它们的根本价值，甚至觉得连基本的人际关系都处理不好。这种“全无价值”的感受，是不是让你觉得整个人都被否定了？

我注意到，你心里似乎有一个很严苛的评判标准：“如果一种能力不能保证成功，那它就毫无用处。”这种“非黑即白”的信念，会不会让你忽略了，即使结果不完美，你在这个过程中积累的自我管理能力和逻辑思维，其实是你内在工具箱里非常坚实的工具，它们可能只是需要被调整使用方式，而不是被全盘丢弃？

如果暂时放下“必须导向明确结果”这个标准，你觉得有没有可能，这些能力本身的价值，其实也在于它们帮助你度过了许多艰难时刻，而不仅仅是换取某个特定成果的“货币”？",3,悲伤,0,CPCD/conversation_2_consultation_events_张思雨_216_张思雨.json,,,
A0158,slang_119_7_35f3579e,slang_039,被赛博灯泡搞到撑不下去了，真的好累,,7,绝望,1,梗数据集_hot_speech_synth.txt,,,
A0159,351694002,anon_0634,在最后关头，毕业之前对我好冷淡，冷漠，几乎无话可说，而且我感受到他是不喜欢我的。,高考生喜欢上了异性班主任，我放不下对他的思念。在最后关头，毕业之前对我好冷淡，冷漠，几乎无话可说，而且我感受到他是不喜欢我的。我一直在意他对我的看法。他表达了对我的关心，那种感情迅速升温。在他人前那严厉的表象之下隐藏着似水柔情。他对我说的话让我感觉有点小暧昧。我对他动了心，因为我感受到他是喜欢我的，可是他对我的巨大反差让我有些难以接受，可是我又很享受这种感觉。每天都在回忆发生的种种经历，怎么办，我陷入太深无法自拔。最近因为他对我的关心超乎了我的想象，因为他说的那些关心的话语更像是他对他自己女儿的感情。他要来家访了，我该怎么办？我感觉自己在意他两年了，这次，我真的陷入情海之中。很痛苦╯﹏╰又很快乐。,0,中性,0,时序性对话_merged.json,,,
A0160,151985002,anon_0609,我有时会想自己死了会怎么样，还担心意外发生，还会想到他人的死亡，我感觉胸闷难受。,可是为什么我会胡思乱想呢？我有时会想自己死了会怎么样，还担心意外发生，还会想到他人的死亡，我感觉胸闷难受。,2,惊讶,0,时序性对话_merged.json,,,
A0161,campus_16049_t2,campus_16049,可是我感觉很委屈啊，那些人根本不了解我的情况，就乱说话，我很生气！,"最近我遇到了很多麻烦，好像都是因为误解引起的。我去打印简历表，也帮了几个舍友打印，但因为部门给发的信息相同，我打印了好多份，店铺工作人员误以为我在印假证件，后来我也没能解释清楚，现在有人对我恶言相向、甚至传我坏话，我该怎么办呢？
听起来你现在受到了很多指责和不公正对待，这肯定很难受。但是不要担心，这种情况每个人都可能会遇到。你需要学习如何面对这些误解和挫折。",4,愤怒,0,时序性对话_campus/16049.json,,,
A0162,cpcd_414d6625ac_s6_t27,cpcd_414d6625ac,是的…面试官那句话一直在脑子里打转。我好像又回到了实习被辞退的那天，他们也是这么说的。明明我准备了很久，可每次到最后，都好像是我自己搞砸了。,"听起来，当面试官那句话让你回想起过去类似的否定时，那种“我这个人就是错的”的感觉，一定让你感到非常无助和孤独。你能再多描述一下，这种“整个人就是错的”的感受，具体在你身体里是怎样的体验吗？
就是……胸口很闷，像被什么东西压着。然后脑子里会不停地回放那句话，还有之前实习带教老师说的“你太理想化了，不适合我们这里”。每次想起来，胃就会揪紧，感觉全身都在往下沉。
听起来，当这些否定的声音反复出现时，那种胸口发闷、胃部揪紧的感觉，让你整个人都像被往下拽。你能再多描述一下，这种身体往下沉的感觉，通常会在什么时候出现，或者持续多久吗？
其实面试结束那天晚上最严重。我躺在床上，明明很累，但脑子里全是那句话在回放。然后胸口就开始发紧，像有块石头压着，呼吸都变浅了。胃里也揪着，整个人像被按进水里，一直往下沉。
听起来，当这些想法和身体上的沉重感一起袭来时，那种被按在水里往下沉的感觉一定非常难受。我们之前聊到过，身体有时会发出警报，提醒我们内心正承受着很大的压力。现在，当“我这个人就是错的”这个念头出现时，那种胸闷、下沉的感觉似乎又回来了，这让你更加确信自己真的“失败”了，是吗？",5,恐惧,0,CPCD/conversation_2_consultation_events_张思雨_508_张思雨.json,,,
A0163,cpcd_544a2fcf3a_s3_t53,cpcd_544a2fcf3a,"嗯……您这么一说，我好像确实一直在用他们的标准来衡量自己。每次听他们聊考公要刷多少题，考研要报哪个导师，我就觉得……我每天琢磨的那些镜头啊、光影啊，是不是真的太虚了？好像只有能马上换成工作、换成钱的东西才算数。

但我又忍不住会想，上周在湖边发呆的时候，看到夕阳把水面染成金色，那种心里被轻轻撞了一下的感觉，明明那么真实。可一回到宿舍，听到他们的谈话，这种感觉就好像……一下子缩水了，变得不值一提了。","我听到你刚才的分享，那种兴奋感被“这有什么用”的想法瞬间浇灭的失落，还有当自己认真对待的东西被当成玩笑时心里的委屈和孤独，一定让你感到特别矛盾。当内心那份创作的冲动，和外界的“现实”标准不断冲突，甚至让你开始怀疑自己是不是太幼稚时，这种拉扯一定很消耗人。

我注意到，当你脑海中浮现一个短片构思，感到兴奋的下一秒，那个“这能当作业交吗？能帮我找到工作吗？”的想法就会自动跳出来，把兴奋感压下去。这个想法听起来像一个非常熟练的“现实检查员”，它似乎只用“即时功利”和“外在认可”这两把尺子，来衡量你内心那份纯粹的创作冲动。

如果我们试着先停在这个自动的想法前，不去立刻认同它，而是去好奇：这个“现实检查员”所依据的“有用”标准——比如必须立刻能交作业、能换工作——它是否把你那份“兴奋感”本身所代表的价值，比如观察生活的敏锐、表达的渴望，或者仅仅是创造带来的快乐，都给完全忽略了呢？
嗯...您这么一说，我好像确实每次都是这样。脑子里刚冒出个有意思的点子，还没等细想呢，那个声音就来了。它总在问我，这个能得高分吗？老师会喜欢这种风格吗？做出来对以后找工作有帮助吗？然后...那股劲儿就泄了。

有时候我甚至觉得，那个“现实检查员”的声音，好像不只是我的。它有点像...我爸妈在电话里的语气，也有点像我室友讨论考研考公时的那种理所当然。他们好像都觉得，做一件事，必须立刻看到结果，看到用处才行。

可是...我最初喜欢上拍东西，真的不是因为这个。我记得高中的时候，我用手机拍过一个傍晚教室的延时，就是光线一点点暗下来，同学们陆续离开的那种。没什么情节，也没什么深刻主题，但我自己看了很多遍，就是觉得那种安静流逝的感觉特别美。那时候根本没人问我拍这个有什么用。
我听到你刚才的描述，那种兴奋感被一连串“有什么用”的问题瞬间浇灭的过程，听起来真的很可惜。当内心那份纯粹的、被美打动的感受，不断被外界的功利标准审视和质疑时，那种拉扯和泄气的感觉一定很难受。

我注意到，你刚才清晰地描述了一个模式：一个充满生命力的创作灵感出现时，一个像“现实检查员”一样的声音会立刻介入，用“能得高分吗”、“对找工作有帮助吗”这样的问题来评判它。而且你觉察到，这个声音似乎融合了父母、室友等外界的声音。

如果我们一起停在这个模式前，好奇一下：这个“现实检查员”的声音，它如此快速、自动地否定你源于热爱的冲动，这是否在强化一个潜在的信念，比如“只有能立刻带来外在回报的事情，才值得去做”？
嗯……您这么一说，我好像确实一直在被这个声音推着走。每次我想拍点什么，或者只是单纯觉得某个画面很美的时候，脑子里就会立刻冒出来：这有什么用？室友他们讨论的都是很实际的东西，考公要刷多少题，考研要选哪个导师……我插不上话，好像我的那些想法在他们看来就是飘在天上，不接地气。

有时候我甚至觉得，是不是我选错了？如果我也选个更“有用”的专业，是不是就不会这么难受了。
我听到你刚才的分享，那种“选错了”的念头，还有“飘在天上、不接地气”的对比感，一定让你在宿舍里感到格外孤独和沉重。当周围的声音都在强调“实际”和“有用”，而自己内心那份对美的感受和创作的冲动却显得格格不入时，这种拉扯确实非常消耗人。

我注意到，当室友讨论那些很具体的规划时，你心里会立刻形成一个想法：“我的那些想法是‘飘在天上’的，是不对的，甚至可能证明我‘选错了’。”我们一起来留意一下这个想法——它是不是像一个自动弹出的比较器，在用别人道路的“确定性”和“实用性”，来评判你自己道路的“价值”？

如果我们试着先停在这个想法前，不去立刻认同它，而是去好奇：这个比较所依据的“有用”和“接地气”的标准，似乎完全聚焦在即时的、外在的成果上。它是否忽略了你刚才提到的，那种被“安静流逝的美”所打动的感受本身，也是一种非常真实、甚至很“接地气”的生命体验呢？",3,悲伤,0,CPCD/conversation_1_consultation_events_张帆_753_张帆.json,,,
A0164,cpcd_305be79653_s11_t53,cpcd_305be79653,是的…您说得对。我就是觉得，如果这篇论文写不好，就证明我根本不适合学会计，那之前所有的努力都白费了，也彻底辜负了爸妈。我坐在图书馆，看着空白的文档，脑子里全是这些。我甚至不敢敲下第一个字，怕它一出现，就证明我确实不行。,"我听到你了，张伟。那种“第一句话方向错了，整篇论文就完了”的念头，像一把悬在头顶的尺子，让你连落下第一笔都感到巨大的恐惧。当“开始”被赋予了决定“全部成败”的重量时，那种压力确实会让人彻底僵住。

我注意到，这个念头背后，似乎是我们之前多次谈到的那个“全有或全无”的模式在强烈地运作：它要求第一步就必须完美、正确，否则整个过程就失去了价值。这种思维模式，会不会正是那团“乱麻”里最紧的那个结，因为它不允许过程有任何摸索和调整的空间？

如果我们试着做一个思想实验：暂时假设第一句话、甚至第一段话，它的全部意义就只是“存在”——它不需要正确，不需要完美，它的唯一任务就是帮你打破那个“完全空白”的文档。就像素描时，画家可能会先画很多条轻轻的、最终会被擦掉的辅助线，它们本身不是作品，但却是找到正确轮廓的必经之路。你觉得，如果我们暂时把“写下任何东西”本身，就看作是那根可以被修改、甚至最终可能被删掉的“辅助线”，而不是“最终作品”的一部分，那种对“方向错误”的恐惧，会不会稍微松动一点点？
我明白您的意思…但辅助线画错了，整张画也会歪掉。我对着电脑一整天，脑子里全是父母说的“一步错步步错”。他们总说，考公、进国企，就是最稳妥的路，每一步都不能走偏。我现在连论文都写不出来，是不是已经证明我根本不适合学这个？
我听到你了，张伟。当“一步错步步错”这个来自父母的信念，和你自己“第一句话错了全盘皆输”的恐惧叠加在一起时，那种重量确实会压得人连呼吸都困难，更别说开始行动了。这种被卡在起点、动弹不得的感觉，一定让你非常痛苦和绝望。

我注意到，你刚才的表述里，有一个非常关键的联系被建立起来了：“我现在连论文都写不出来，是不是已经证明我根本不适合学这个？” 这听起来像是一个快速的、自动化的结论——把“当前写论文遇到的困难”直接等同于“个人根本性的不适合”。这种从“一时受阻”跳到“彻底否定”的思维模式，会不会正是那个最让你感到无力和恐慌的部分？因为它没有给“遇到困难”、“寻求方法”和“逐步改善”留下任何可能性。

如果我们试着暂时把这个沉重的结论先放在一边，只是去观察一个更具体的事实：你现在感到被卡住，是因为面对一个高难度的任务时，同时承受着对“完美开端”的恐惧和对“人生道路”的忧虑。如果我们只聚焦在“如何让这个卡住的状态松动一点点”上，你觉得，那种“已经证明我不适合”的绝望感，会不会有一丝变化的可能？
是的……您说得对。我坐在图书馆，盯着空白的文档，脑子里全是“如果第一句话就写不好，后面就全完了”。然后就会想到我爸寄来的那些资料，想到他说的“按部就班”。好像我只要现在写错一个字，整个人生就真的走错了。
我听到你了，张伟。当“第一句话写不好，后面就全完了”和“只要现在写错一个字，整个人生就走错了”这两个念头紧紧缠绕在一起时，那种感觉就像被两座大山同时压住，连呼吸都变得困难。这种动弹不得的绝望感，一定让你感到非常窒息。

我注意到，这两个念头之间似乎有一个非常迅速的、自动化的连接：把“论文中的一个字”和“整个人生的对错”直接等同了起来。这种“以点概面”的思维模式，会不会正是让你感到如此沉重和无力的核心？因为它把一个具体的、可以调整的困难，瞬间放大成了对整个自我和未来的全盘否定。

如果我们试着暂时把这个庞大的、关于“整个人生”的结论先轻轻放在一边，只是去观察一个更具体、更微小的事实：你现在感到被卡住，是因为一个高难度的任务（写论文）触发了一系列关于完美和未来的恐惧。如果我们只聚焦在“如何让手指在键盘上先动一下，哪怕只是打出一个无关紧要的词”这件最小的事情上，你觉得，那种“整个人生就此决定”的沉重感，会不会有一丝松动的空间？",5,恐惧,0,CPCD/conversation_5_consultation_events_张伟_523_张伟.json,,,
A0165,94808003,anon_0362,讨厌他总是在我面前开一点也不好笑的黄色玩笑，发全裸的动漫女角色给我看，对女性不尊重的态度，该怎么办呢？,越来越讨厌自己的男朋友，讨厌他的秉性该怎么办？讨厌他，越来越讨厌他。讨厌他总是在我面前开一点也不好笑的黄色玩笑，发全裸的动漫女角色给我看，对女性不尊重的态度，该怎么办呢？,6,厌恶,0,时序性对话_merged.json,,,
A0166,slang_51_3_e8c154cd,slang_051,看到日本生可乐突然emo了，不想社交,,3,悲伤,0,梗数据集_hot_speech_synth.txt,,,
A0167,cpcd_305be79653_s3_t25,cpcd_305be79653,是的...其实每次都是这样。看到大家聊得那么开心，我就觉得自己的话题肯定很无聊，或者会打断他们。这次秋游也是，班长来问我的时候，我脑子里第一个念头就是“他们可能只是客气一下”，然后我就习惯性地说要复习。,"听起来，当你看到同学们秋游的照片时，那种“不是滋味”的感觉里，是不是也夹杂着一些后悔和孤单？
嗯...其实我本来觉得不去也没什么。但看到照片里大家笑得那么开心，我好像又错过了什么。
嗯，我能感受到你看到照片时那种复杂的心情。可以多和我聊聊，当你说“好像又错过了什么”时，具体是觉得错过了什么呢？
就是...看到大家玩得那么开心，一起拍照的样子。我其实也想在照片里，但又觉得去了也不知道该说什么。
嗯，我能感受到你看到照片时那种既想参与又怕融入不进去的矛盾心情。可以多和我聊聊，这种“不知道该说什么”的感觉，和你之前提到的在宿舍里想加入聊天却最终沉默离开的情景，是不是有些相似呢？",1,高兴,0,CPCD/conversation_7_consultation_events_张伟_967_张伟.json,,,
A0168,campus_12607_t4,campus_12607,我知道，是的，但是这真的很难。我尝试过寻找咨询师，但是一直没有找到合适的人选。,"我来到大学，疯了一样参加活动，感受当下太痛苦。我小学很优秀，初中学习得过奖学金。可是它像梦魇缠着我。让我不断逼迫自己去追求优秀。跟别人比别人比我厉害我会难受觉得自己不好。除非超过或者我不差。来到大学，疯了一样参加活动。期待重新展示风采。痛苦万分。不停下来。马不停蹄一边找咨询师，一边试。一边去听别的系的课。一边加入各种社团。面试想加入比赛。参加辩论社。电视台。想展现自己。可是我真的很痛苦。因为我太想好了。一旦有人比我强或者有落差我就会怀疑打击自己想让自己平衡心态别那么自负。对于三本学校的焦虑，对于学习奖学金和同学竞争的焦虑。可是为什么就不能找到一个咨询师我们能好好工作呢。能说说呢。有这么难吗。我一次一次尝试。可是总是不满意。或是因为各种原因。我想让一个人陪我帮我分析听听，可是没找到这个人，还逼着自己把自己推到展示的地方。加入辩论赛把自己推向巅峰和原先一样展示闪光的位置。可是我的心害怕痛苦。我还不停想好。却没找到咨询师怎么办怎么办呢我急。
看到你的描述，我感到你的生活真的被安排得很满，很充实哦，完全没有停歇。同时，能感受到在这么充实的生活状态下，你情绪的压抑。小学、初中优秀的表现，不仅仅给你带来了荣誉，还增强了你对优秀的追求与保持执念。优秀铁定是给我内心带来一些满足感，我才会不断地追逐着。争取各种机会表现自己，是一个展现优秀的机会，但同时也有存在的风险就是要与别人比较。你的矛盾之处，是表达出你挣扎痛苦的心态：一方面疲于应付各种活动，一方面又积极参加；一方面想要表现，一方面又怕表现不好；一方面想停，一方面不允许停。怎么办呢？
谢谢您理解我的心情。我不知道该怎么做，感觉我需要一些指引。
你可以先尝试停下来，放松一下，不要太累了。在不断地追求优秀的同时，也不要把压力全部放在自己身上，可以找些专业的人和心灵上的支持。你可以为自己找一位心理咨询师，和TA好好拆解矛盾在哪里，再同时想想，是不是可以找到一些其他的方式，来开拓自己的生活与思维方式呢？",0,中性,0,时序性对话_campus/12607.json,,,
A0169,cpcd_d1c5b146b5_s12_t9,cpcd_d1c5b146b5,我没想到她们会这么做。那天我按照你说的，回去跟她们道歉，也简单说了家里的情况。说完我就想赶紧回床上躲着，结果她们把我叫住了。,"嗯，听起来事情的发展和你的预想不太一样。你愿意具体说说她们是怎么回应的吗？
她们……她们没有怪我。反而凑了钱，说让我先去上大师课。
嗯，这确实出乎意料。你当时听到她们这么说，心里是什么感觉？
我…我当时愣住了。她们把钱塞给我的时候，我手都在抖。
嗯，听起来这件事让你很意外。你愿意多说说当时的具体情况吗？",2,惊讶,0,CPCD/conversation_8_consultation_events_张悦_134_张悦.json,,,
A0170,290222006,anon_0512,对于这句话反感很早就有了，关于评判重男轻女的文学作品，有人说不要用现在价值观对那个时代做道德评判，关于讨论伊斯兰娶9～12岁幼女，有人说不要对别国风俗做道德评判，关于日本皇族兄妹结婚，有人说不要做道德评判，关于美国某杀人犯的露骨画作受欢迎现象，又有人说不要对艺术做世俗价值观评判。,强迫症被“不做道德评判”的建议恶心到了，怎么反驳？玻璃心，希望大家【慎重】选择回答与否，害怕压死骆驼最后一根稻草，专业，关于治疗方法我自有打算。我知道想法和行为有区别。自我调整与逻辑梳理，准备求医，让我好了一些，但自从看到这句话瞬间崩溃，症状犯的时候想起这句话，或单独想起这句话，会恶心崩溃大哭，感觉一切支撑我价值观都是假的，脑海里不停的想反驳，筋疲力尽想了结。这种建议对我没用一丝治疗帮助，反而加重病情。对于这句话反感很早就有了，关于评判重男轻女的文学作品，有人说不要用现在价值观对那个时代做道德评判，关于讨论伊斯兰娶9～12岁幼女，有人说不要对别国风俗做道德评判，关于日本皇族兄妹结婚，有人说不要做道德评判，关于美国某杀人犯的露骨画作受欢迎现象，又有人说不要对艺术做世俗价值观评判。有时看到杀人案例，想起这句话，正义感瞬间消失，降低我的道德感。换汤不换药的说法，只是现在是心里治疗范畴。接受不了为这种话一丝的辩解，如何反驳这种话，不需要分析行为。,6,厌恶,0,时序性对话_merged.json,,,
A0171,cpcd_305be79653_s1_t3,cpcd_305be79653,就是第一次小测验，我以为自己准备得挺充分的。没想到题目那么难，很多知识点上课好像都没讲过。看到成绩的时候真的有点懵。,"你好，张伟。距离上次见面过了一周，这一周过得怎么样？
老师好。这周……其实不太好。专业课的测验成绩出来了，我考得很差。
嗯，听起来很难受。能具体说说这次测验的情况吗？",2,惊讶,0,CPCD/conversation_6_consultation_events_张伟_643_张伟.json,,,
A0172,234375008,anon_0708,有很反抗的强烈的保护欲，有一种对世俗愤怒的情绪所在，是因为小时候的创伤吗？,原来意识真的可以压抑性欲，我为什么要封闭自己？原来意识真的可以压抑性欲，刻意的去压抑性欲是真的可以一点性欲都没有的，但是如果超过你压抑的程度了性欲还是干不过意识，还是会被打开。意识告诉身体压抑性欲，那么身体就会配合。就像人格模式，也在压抑自己的很多感受，性欲就如同人格，很多感受被自己压抑掉。很多情感被自己割断掉。我为什么不让自己有性欲呢？为什么封闭自己，不让别人碰呢？有很反抗的强烈的保护欲，有一种对世俗愤怒的情绪所在，是因为小时候的创伤吗？那这个创伤一定需要找到治疗吗还是可以不管它它也会好起来？,4,愤怒,0,时序性对话_merged.json,,,
A0173,campus_10954_t4,campus_10954,可是我的舍友却对我非常生气，觉得我是在背后说坏话。,"大学刚入校，作为学委说了两个舍友，结果被骂了？刚入大学，可能和舍友不太熟。老师在开班委会的时候，问有没有哪些同学最近玩的比较多啊，然后我根据他们之前就说了我的两个舍友。在班委会以后有班委把话传到了他们耳中，之后有一位骂完以后就选择了“原谅”，另一位不饶人的骂了一晚上。可能确实是我也跟老师说我不玩游戏，结果舍友就以我其实也玩游戏凭什么说我们一直攻击我说我双标。最后还以我的道歉为结尾收场。我作为学委真的做错了吗？我是过来交朋友的，不是过来吵架的，不知道大学以后的生活该怎么过了，求解决办法55555
被舍友责骂，你感到很委屈无奈吧。
是的，我觉得自己很无辜，不知道是不是自己做错了什么事情。
老师向你们了解班上同学的情况，你向老师汇报了两个舍友的情况。作为学委，按老师的要求来汇报实际情况，这本没有错。",4,愤怒,0,时序性对话_campus/10954.json,,,
A0174,cpcd_305be79653_s2_t1,cpcd_305be79653,嗯...还行吧，就那样。这周课挺多的。,你好，张伟。距离上次见面过了一周，这一周过得怎么样？,3,悲伤,0,CPCD/conversation_6_consultation_events_张伟_607_张伟.json,,,
A0175,campus_12987_t4,campus_12987,我讨厌家庭，讨厌他们时不时高声的吵架，这些会让我心烦意乱。,"我是一个初中生，我很喜欢学习，但生活中的琐事却压的我喘不过气来。
初中生的生活确实充满了琐事和压力，你可以跟我分享一下具体的琐事是什么吗？
我一直是留守儿童，直到去年。我不知道该如何与他们相处，像从未相识的陌生人一般。
理解你的感受，突然与父母相处的感觉可能很奇怪，也很困扰。对于他们的突然回来，你有什么特别的感受吗？",6,厌恶,0,时序性对话_campus/12987.json,,,
A0176,campus_10987_t9,campus_10987,嗯嗯，我会尝试的，但是我总是会觉得别人讨厌我。,"你现在也在上学吧，跟同学建立良好的关系是比较重要的过程。尝试去接受一些小任务，因为与人交往的过程是相互的，也给自己挑战和机会。而且如果他们不找你了，不让你做事情了，自己也会不舒服吧？试着放开心态去相信别人，他们不会故意排斥你的。
我初步接受了你的看法，我现在开始挑战接受任务。
听到这个很赞，做事情需要掌握技巧，比如多问问同学意见，多试着去帮助别人，这样大家就会彼此的更加熟悉，自己的心里也会挺舒服的。
真的很感谢你的建议，那我还有一个问题，因为我内向，脾气也有点冷淡，不喜欢社交，我该怎么办呢？
人和人之间都不一样，有的人喜欢独来独往，有的人就喜欢三三两两的一起做事情，没有伴就不行，就必须要跟人一起才可以，那都可以理解。你是内向的人，但也不排斥社交，我觉得可以尝试扩大自己的人际圈子，参加一些社交活动或者社团，慢慢地结识一些志同道合的人。",6,厌恶,0,时序性对话_campus/10987.json,,,
A0177,cpcd_305be79653_s10_t53,cpcd_305be79653,嗯……您说得对。我对着图纸的时候，脑子里确实一直在想，如果我现在放弃了，那之前熬夜画的图、算的题，还有爸妈为我付的学费，不就都白费了吗？,"我听到你内心的那种慌乱和愧疚，好像仅仅是“想一想别的可能”，就已经让你觉得自己站在了所有人的对立面，这种感觉一定让你非常孤独和沉重。

我注意到，当你感到困惑或疲惫时，那个“不能走弯路”的信念，会立刻把“思考其他可能性”判定为一种“错误”或“背叛”。我们能不能一起看看，这个信念有没有可能把“探索”和“放弃”这两个概念完全等同起来了呢？
嗯……我明白您的意思。但对我来说，这真的很难分开。每次我稍微想一下别的，比如如果当初选了计算机，或者现在去学点别的，心里就会立刻有个声音说：你这是在否定过去三年所有的努力，也是在辜负爸妈的期待。他们省吃俭用供我读书，我却在想这些没用的……
我听到你内心的挣扎，那个声音把“想一下别的可能”直接等同于“否定过去和辜负期待”，这种非黑即白的判断，让你连在脑海里稍微探索一下都感到如此沉重和内疚。这种被卡住的感觉，一定非常消耗你的心力。

我注意到，当你想到其他可能性时，脑海里似乎有一个非常迅速的“思维链条”：“想别的 → 这是在否定过去三年的努力 → 这是在辜负爸妈的期待 → 所以我不能想”。我们能不能一起暂停一下，看看这个链条的第一个环节？这个想法——“思考其他可能性，就等于全盘否定过去的努力”——它是不是一种“全有或全无”的认知模式呢？这种模式会不会让我们忽略了，对现状产生困惑，和对过去经历的珍视与感恩，其实是可以同时存在的？
嗯…您说得对，我确实觉得一想别的，就好像把之前所有东西都推翻了。但…可能也不是全盘否定吧。只是每次我稍微想一下，那种愧疚感就立刻涌上来，根本没法继续思考。
我听到你内心的那个警报声，它在你每次想探索其他可能时就会立刻响起，告诉你“这是错的”，这种感觉一定让你非常煎熬。好像你的内心被分成了两半，一半在问“这有什么意义”，另一半却在严厉地审判自己。

我注意到，当你面对图纸感到困惑时，那个“如果我不做这个了，那之前的付出都算什么”的想法，似乎是一种“全有或全无”的思维模式——好像只有一条路走到黑，过去的努力才有价值。我们能不能一起看看，这种思维模式会不会让你忽略了，人生中的许多经历，其价值可能并不完全取决于最终的那个“结果”呢？",7,绝望,1,CPCD/conversation_7_consultation_events_张伟_883_张伟.json,,,
A0178,slang_161_1_896b340e,slang_001,和室友聊到麦地教父，大家都笑疯了,,1,高兴,0,梗数据集_hot_speech_synth.txt,,,
A0179,cpcd_544a2fcf3a_s13_t47,cpcd_544a2fcf3a,嗯……被您这么一说，我好像确实……有点难过。那些在宿舍熬夜剪片子的兴奋感，第一次拍到满意镜头时的激动，现在想起来都变得特别遥远。我爸的电话就像把所有这些都按了静音键，只剩下他那种“你必须按我说的做”的声音在脑子里循环。,"我能感受到，当你说“我知道这只是在找借口”时，那种对自己既有理解、又有责备的矛盾心情。这确实很不容易。

我注意到，当父亲的话让你感到“整个人都懵了”之后，那个“我是不是真的像他说的那样，一直在胡闹”的念头变得特别强烈。这让我想到我们之前聊过的一种模式：当外界的否定声音足够大时，它似乎能直接变成你内心评判自己的声音，让你也开始用同样的眼光看待自己的努力。

我想邀请你一起观察一下：当“我是不是真的在胡闹”这个念头出现时，它有没有把“父亲的看法”和“你过去一年所有行动的真实意义”完全等同起来？好像他一旦这样定义，你熬夜、省钱、投实习这些行为，就真的只剩下“胡闹”这一个标签了？
是的……就是这种感觉。他一句话，好像就把我这一年所有的挣扎和尝试都否定了。我甚至开始怀疑，我是不是真的只是在浪费时间。
我能感受到，当父亲的一句话让你开始怀疑自己过去一年的所有努力是否只是“浪费时间”时，那种被全盘否定的感觉几乎要把你淹没了。这确实非常煎熬。

我注意到，当“我是不是真的只是在浪费时间”这个念头出现时，它好像把“父亲的评判”直接当成了唯一的真相，完全覆盖了你亲身经历过的那些熬夜、省钱、尝试的真实感受。我们之前聊过这种“外界一否定，内在就崩塌”的模式，它现在似乎正以最强烈的方式上演着。

我想邀请你一起做个小小的观察：当这个念头让你感到一切努力都失去意义时，我们能不能试着把它想象成一个非常刺眼的聚光灯？它只照亮了“父亲认为这是胡闹”这一个画面，而把你电脑里那些未完成的策划案、你为拍短片省下的每一笔钱、你投出简历时的那份期待……所有这些真实的片段，都推到了聚光灯照不到的黑暗里。

如果我们可以暂时把那个刺眼的聚光灯调暗一点点，只是去看一看那些被推到黑暗里的片段——比如，你当初为了一个镜头反复琢磨的那个下午，心里会不会有一丝不同的感觉？哪怕只有一点点。
聚光灯……您这么一说，我好像确实一直站在那个光圈里。被它烤得发烫。那些黑暗里的东西……我几乎都忘了它们存在过。
我听到你说，当那个聚光灯一直烤着你的时候，那些黑暗里的片段，那些你曾经珍视的、为之投入的瞬间，好像都被遗忘了。这让我感受到，当外界的评判变得无比刺眼时，我们内心那些真实而微小的火光，是多么容易被掩盖。

我想邀请你一起观察一下：当你说“几乎都忘了它们存在过”时，除了被烤得发烫的感觉，心里会不会也有一丝……对这些被遗忘片段的惋惜？",5,恐惧,0,CPCD/conversation_1_consultation_events_张帆_753_张帆.json,,,
A0180,cpcd_d1c5b146b5_s12_t9,cpcd_d1c5b146b5,我没想到她们会这么做。那天我按照你说的，回去跟她们道歉，也简单说了家里的情况。说完我就想赶紧回床上躲着，结果她们把我叫住了。,"嗯，听起来事情的发展和你的预想不太一样。你愿意具体说说她们是怎么回应的吗？
她们……她们没有怪我。反而凑了钱，说让我先去上大师课。
嗯，这确实出乎意料。你当时听到她们这么说，心里是什么感觉？
我…我当时愣住了。她们把钱塞给我的时候，我手都在抖。
嗯，听起来这件事让你很意外。你愿意多说说当时的具体情况吗？",2,惊讶,0,CPCD/conversation_8_consultation_events_张悦_134_张悦.json,,,
A0181,campus_16823_t8,campus_16823,但是我厌恶我自己！我觉得自己是个废物！我不知道自己有没有希望。,"可能是因为你一直对自己有很高的期望，但是一旦发现自己有一点不如别人，就会感到自己是个废物。我认为你对自己太苛求了。你应该知道，每个人都有闪光的瞬间，而你所看到的可能只是你自己的不足。请尝试接受自己的不完美，每个人都有自己的特点和价值所在。
可是我觉得自己很渺小，任何一点点成就都不值一提。最近我老是哭，但又不知道为什么在哭。
或许你一直被父亲的言语所压抑，他说他这一辈子都活在压抑之中，还说早知道不生你，省下养老的钱。这些话非常伤人，但请你记住，这不是你的错。你要明白他们对你的态度不代表你自己的价值。你应该努力寻找自己真正的幸福，不要让过去的伤害困扰着你。
但是我觉得自己很丑陋、粗鄙、懒惰。我不相信任何人，因为我父母也不值得我相信。
不要因为他们的品质而否定自己的价值。你要明白每个人都是独特的，包括你自己。不要把他们的想法影响到自己的未来。你可以选择接受自己，并建立自己的信心和自尊。你应该相信自己会被人所爱，并且你值得被爱。",6,厌恶,0,时序性对话_campus/16823.json,,,
A0182,cpcd_305be79653_s4_t15,cpcd_305be79653,就是...他们聊的那些东西，我好像完全插不上话。他们讨论哪个导师好，或者哪家公司有内推机会的时候，我只能点头附和。其实我心里想的完全是另一套东西，但一个字都不敢说。,"听起来宿舍的氛围让你感到有些疲惫和疏离。能多说说当你插不上话时，心里具体是什么感受吗？
就是觉得…有点格格不入吧。他们聊得热火朝天，我只能在旁边点头。
嗯，听起来这种格格不入的感觉让你不太舒服。能多说说这种“插不上话”的时候，你心里具体在想什么吗？
就是觉得…他们说的那些考研学校、实习公司，都离我很远。我根本没法参与讨论，只能点头。
嗯，听起来你感觉自己和他们谈论的未来规划有些距离。能多说说这种“离我很远”的感觉具体是什么样的吗？",3,悲伤,0,CPCD/conversation_7_consultation_events_张伟_943_张伟.json,,,
A0183,campus_14669_t4,campus_14669,原来如此，我之前一直觉得自己有些奇怪，但具体原因却搞不清楚。,"镜像自我练习的感觉，希望来个导师帮助解读一下？
我来试一试。整个过程的操作机理，利用催眠进入一种意识被引领的状态，通过语音提示，见识到各种意象工具，引发意识上的冲突反应，以此来揭示自己的潜意识里存在的恐惧、焦虑等情绪的原因和人物，产生指向性的作用，用于下一阶段的分析和治疗。
听起来挺复杂的，这个练习具体是怎样的？
这个练习是通过创建一个虚拟的情境，让你在其中观察和体验，以揭示你潜藏的情感和困扰。比如，你描述的阴暗干燥的楼梯和形形色色的幽灵，这些都是象征着你内心的恐惧和孤独。然后，进入圆形穹顶的房子，你感受到的光线暗淡和不安，以及镜子中的恐惧，都是你需要面对和解决的问题。",0,中性,0,时序性对话_campus/14669.json,,,
A0184,566700001,anon_0023,谢谢你的建议和支持，我会将这些建议分享给他们，希望他们能够找到适合他们的改善方式。,谢谢你的建议和支持，我会将这些建议分享给他们，希望他们能够找到适合他们的改善方式。,0,中性,0,时序性对话_merged.json,,,
A0185,campus_13222_t8,campus_13222,嗯，谢谢你的鼓励和支持，我会坚持努力学习，提升自己的能力。只是，我担心如果他们比我优秀，我会感受到压力，觉得人家更厉害。,"其实只要是需要培训，每个人都是平等的，可能他们的基础对于你来说相对来说可能会好一点，但是也不是绝对的。因为很有可能他们和你一样，你选择了你的专业，你不一定是因为喜欢。很有可能他们选择这个专业，他们也不是因为喜欢。
你说的有道理，我是因为对这个专业很感兴趣才去参加的培训，但是现在我有点怀疑自己是否能胜任，担心他们比我更优秀，我受到打击。
受到怀疑，就说明自己在这一方面可能还存在不足，你可以继续努力，找找原因，有时候也未必是一件坏事。加油吧，只要自己足够努力，我相信你一定可以很优秀的。
我明白了，也许怀疑自己的能力并不是一件坏事，它可能是我继续努力进步的动力。但是我还是害怕在考核和现场报道时，别人会听得更好，做得更出色。
不要过分担心，现在你还没有接受培训，将来一定会有培训课程，而你已经展示出对这个专业的兴趣和热情。只要你全力以赴，在培训中努力学习，我相信你能跟上他们的步伐，你会变得越来越优秀。",0,中性,0,时序性对话_campus/13222.json,,,
A0186,169547001,anon_0425,但是我怕跟老公说了他会不理解我，甚至会生气。,但是我怕跟老公说了他会不理解我，甚至会生气。再说，我自己也不确定自己到底要什么样的感情，我怕说出来会责怪我自己。,4,愤怒,0,时序性对话_merged.json,,,
A0187,cpcd_305be79653_s9_t29,cpcd_305be79653,是的。我走进房间，但结果还是和以前一样。坐在那里的时候，我能感觉到自己像个透明人，他们聊得那么开心，我根本插不上话。最后只能悄悄离开。,"听起来那种“被罩在透明罩子里”的感觉，让你在身体上既沉重又轻飘，这种体验一定非常消耗心力。你能再多说说，当你说“心里更空了”的时候，那种“空”具体是一种什么样的感受吗？
就是……明明周围都是人，声音很吵，但我好像什么都听不进去。心里像被挖掉了一块，不是难过，也不是生气，就是什么都没有。热闹是他们的，我像个局外人，连假装都装不出来。
听起来那种“心里更空了”的感觉，让你在热闹中反而体验到一种深深的疏离和麻木，这一定非常难受。当我们回顾你描述的这些时刻——无论是小组汇报、隔着门听笑声，还是这次坐在角落——我注意到一个反复出现的想法，那就是“我好像永远都学不会怎么和别人待在一起”。你能再多谈谈，当这个“永远”的念头出现时，它带给你的是一种怎样的确信感吗？
嗯…就是觉得，好像从以前到现在，每次尝试的结果都是一样的。不管我事先怎么给自己打气，最后还是会搞砸。就像这次聚会，我明明都走进去了，可还是像个局外人。这种“永远”的感觉，就像…就像一道墙，我知道它就在那儿，而且我永远也翻不过去。
听起来，这种“永远也翻不过去”的墙，让你感到既确信又无力。我能感受到，当你说“每次尝试的结果都一样”时，那种深深的疲惫和失望。

我想和你一起看看，当“永远都学不会”这个念头出现时，它是不是像一种“预言”，让你在还没开始互动时，就已经预见了结局？这种“预言”会不会让你更容易注意到那些符合“局外人”感觉的细节，比如沉默的时刻，而忽略了其实你鼓起勇气走进房间本身，已经是一次不同的尝试？",3,悲伤,0,CPCD/conversation_5_consultation_events_张伟_547_张伟.json,,,
A0188,campus_10570_t0,campus_10570,17岁女生，在实习了两个月，想到不好的事情就会哭…近几天，睡眠不好，对自己极度不自信，有次在我做的不好的时候，看着对方脸不上的耐烦与讨厌，对我做的事情就会有什么想法，然后就想哭，明明不喜欢我，私下和她玩的好的人就议论我。上想到不好的事情会哭，想过自杀。,,6,厌恶,1,时序性对话_campus/10570.json,,,
A0189,cpcd_e651f42633_s10_t45,cpcd_e651f42633,嗯...其实我也说不清。可能就像我室友他们那样吧，目标明确，说出来就让人觉得很厉害。我爸妈总说考公务员最稳妥，但我自己又觉得...有点不甘心。,"我听到你刚才说，每次想到未来，脑子里就是一团乱麻，这确实会让人感到迷茫和无力。我能感受到，当她说出那句话时，那种“自己没什么可说的”的感觉又回来了，这让你胸口发闷，也让你更严厉地评判自己。

我注意到，你心里好像有一个声音在说：“如果我不能立刻给出清晰的未来规划，就意味着我整个人都不够好，甚至不值得被欣赏。” 你愿意和我一起看看，这个想法背后，是不是把“对未来的确定性”和“一个人当下的全部价值”完全等同起来了呢？
嗯...您说得对。我确实觉得，如果连一个像样的职业规划都拿不出来，就说明我这个人很失败。尤其是看到她那么优秀，我连靠近的勇气都没有了。
我听到你刚才说，如果拿不出一个像样的职业规划，就说明自己很失败，这让你在面对她时连靠近的勇气都没有了。这种“失败”的感觉，是不是让你胸口那种闷堵的感觉又回来了？
是的...就是那种感觉。好像我整个人都矮了一截，连和她正常说话的资格都没有了。
我听到你说，那种“失败”的感觉让你觉得自己好像矮了一截，甚至觉得连正常说话的资格都没有了。这种被比较压得喘不过气、胸口发闷的感受，确实非常真实，也让人很不好受。

我注意到，你心里好像有一个非常强烈的信念：“如果我没有一个清晰、像样的职业规划，就证明我整个人是失败的，甚至不值得被平等对待。” 你愿意和我一起看看，这个“像样的规划”具体指的是什么吗？是不是它必须立刻、完全确定，并且要符合某种外部的“优秀”标准呢？",3,悲伤,0,CPCD/conversation_2_consultation_events_张明_243_张明.json,,,
A0190,cpcd_305be79653_s5_t33,cpcd_305be79653,嗯…可能吧。但我确实感觉不到什么热情。每次画图、计算，都只是在重复步骤，生怕出错。教授说我缺乏热情，可能他说得对。,"听起来，当看到同学们投入的样子，会让你更强烈地感到自己只是在应付，这种“局外人”的感觉一定很孤单。我注意到，你反复提到“只是为了完成任务”和“像个机器”，这背后似乎有一个信念在影响你——好像学习必须完全充满热情，否则就是没有意义的机械重复。我们可以一起探讨一下，这种“要么全有，要么全无”的想法，会不会让你忽略了学习过程中那些细微的、属于你自己的感受和意义呢？
嗯…可能吧。但我确实感觉不到什么热情。画图的时候，脑子里想的只有“这里不能错，那里要算准”，像在完成一道工序。看到别人讨论得那么起劲，我甚至有点…羡慕。
听起来，当看到同学们投入的样子，会让你更强烈地感到自己只是在应付，这种“局外人”的感觉一定很孤单。我注意到，你反复提到“只是为了完成任务”和“像个机器”，这背后似乎有一个信念在影响你——好像学习必须完全充满热情，否则就是没有意义的机械重复。我们可以一起探讨一下，这种“要么全有，要么全无”的想法，会不会让你忽略了学习过程中那些细微的、属于你自己的感受和意义呢？
嗯…可能吧。但我现在真的感觉不到什么意义。画图的时候，脑子里只想着怎么把线条画对，怎么不出错，根本顾不上别的。同学们讨论的那些创新想法，我一点都插不上话。
听起来，当看到同学们投入的样子，会让你更强烈地感到自己只是在应付，这种“局外人”的感觉一定很孤单。我注意到，你反复提到“只是为了完成任务”和“像个机器”，这背后似乎有一个信念在影响你——好像学习必须完全充满热情，否则就是没有意义的机械重复。我们可以一起探讨一下，这种“要么全有，要么全无”的想法，会不会让你忽略了学习过程中那些细微的、属于你自己的感受和意义呢？",5,恐惧,0,CPCD/conversation_7_consultation_events_张伟_883_张伟.json,,,
A0191,campus_12987_t10,campus_12987,我为数不多的体会到心有余而力不足，我总是难受到自残，这样，好像所有的不开心都可以从血里流出来，那种痛的感觉会让我觉得我还活着。,"我能感受到你对家庭环境的不满，家庭氛围确实对心情有很大影响。你有试过跟家人沟通你的感受吗？
在学校，我总感觉没什么朋友。别人下课以后一起回家，我总是一个人。
孤独是一种普遍的感受，特别是环境发生改变的时候。你有尝试过主动与同学们交流吗？或者加入一些校内的社团活动，结交更多的朋友？
说话从来没有人听，欲言又止，是我最难过的事。
你的感受我能理解，有时候觉得没有人倾听是很难受的。你可能需要找一些安全的场所，比如与老师、亲密的朋友或者家庭成员分享你的感受。另外，你可以尝试写日记或者通过其他的方式来发泄情绪。",1,高兴,1,时序性对话_campus/12987.json,,,
A0192,cpcd_305be79653_s2_t45,cpcd_305be79653,嗯……其实这周我试着按上次说的，记笔记只记重点了。有一节电路课，老师讲得特别快，但我没像以前那样拼命想把每个字都记下来，就只写了几个关键的公式和例题。下课的时候，居然能看懂自己写的东西了。,"听起来，你这一周在课堂上努力调整笔记方法，确实感受到了一些变化，这很不容易。但回到宿舍，那种“听不懂、插不上话”的感觉依然让你感到孤立，甚至让你担心提问会显得自己“笨”，这种矛盾一定让你很困扰。

我注意到，当你面对陌生的宿舍话题时，心里可能会快速闪过一个念头：“如果我问了，别人会觉得我很笨、很奇怪。”这种想法听起来像是一个预判——好像“不知道”就等于“会被评价”。你觉得，这种担心会不会把“一次提问”和“别人对你整个人的看法”过度联系起来了呢？

我们可以试着一起想一想：当别人聊到一个你不熟悉的话题时，除了担心被评价，有没有可能对方其实并没有你想的那么在意？或者，他们也许只是分享自己感兴趣的东西，并不是在考验谁懂得更多？

或许我们可以探索一个小小的尝试：下次再遇到这种情况，如果你感到好奇，能不能先试着问一个最简单的问题，比如“你刚才提到的那个东西，我挺感兴趣的，能再稍微解释一下吗？”——从这样一个小问题开始，你觉得自己可能会有什么不一样的体验？

你已经在课堂笔记上迈出了改变的步伐，这证明了你的努力和勇气。社交中的适应也需要时间，允许自己慢慢来。下一次，我们可以继续聊聊，当你试着用这种更轻松的心态去面对宿舍聊天时，感受会不会有些不同？
嗯…其实我试了您上次说的笔记方法，上课的时候确实感觉轻松了一点。但一回到宿舍，看到他们聊得那么开心，我就又不知道该说什么了。您说得对，我确实很怕问出来显得自己什么都不懂。他们会不会觉得我连这个都不知道，很没见识？
听起来，你不仅在课堂上努力适应，回到宿舍还要面对那种“插不上话”的尴尬，这种两边拉扯的感觉一定很累人。我注意到，当你担心提问会显得“没见识”时，心里好像有个声音在说：“如果我问了，别人就会觉得我懂得少，从而看不起我。”你觉得，这种担心会不会把“一次提问”和“别人对你整个人的评价”过度绑在一起了呢？
嗯……可能吧。但我就是觉得，他们聊的那些东西，我连听都没听过，问了也只会显得我很无知。而且，上学期数学和电路课我就已经跟不上了，现在连宿舍里的话题都参与不进去，感觉我好像真的什么都不行。
我听到你刚才说，上学期在数学和电路课上已经感到吃力，现在又觉得连宿舍里的话题都参与不进去，这种“好像什么都不行”的感觉，一定让你非常沮丧和无力。

我注意到，当你把课堂上的困难和宿舍里的沉默放在一起时，心里可能会形成一个很强烈的念头：“我在学习上跟不上，在社交上也融不进去，这说明我这个人可能真的什么都不行。”听起来，这个想法把几件不同的事情，都归结到了一个关于你个人能力的、很绝对的结论上。

我们可以一起想一想：把“暂时跟不上某些课程”和“暂时不了解某些话题”，直接等同于“我这个人什么都不行”，这种联系会不会过于严厉和绝对了？它有没有可能忽略了你已经做出的努力，比如这周在笔记方法上的尝试和感受到的那一点轻松？

或许我们可以试着做一个小的区分：当“我什么都不行”这个念头出现时，能不能先停一下，问问自己：“这是不是我把几件不同的事混在一起，然后给自己贴的一个整体标签？有没有哪件事，哪怕是很小的一件，是我最近做得还不错的？”

你愿意和我分享一下，除了感到困难的部分，这周有没有哪一个很小的时刻，让你觉得“嗯，这里我好像处理得还行”？",2,惊讶,0,CPCD/conversation_7_consultation_events_张伟_853_张伟.json,,,
A0193,cpcd_305be79653_s13_t1,cpcd_305be79653,不太好。这周在图书馆坐了很久，但什么也看不进去。,你好，张伟。距离上次见面过了一周，这一周过得怎么样？,5,恐惧,0,CPCD/conversation_7_consultation_events_张伟_855_张伟.json,,,
A0194,campus_17238_t4,campus_17238,是的，我觉得你说得很对，她一直处在一个高压的环境下，可能不知道如何缓解压力，导致消极情绪在她心中堆积，看起来像是在抱怨，毫无生气。,"为什么有些人的思想很消极又很难改变？我有个朋友，才二十几岁，却已经消极了好多年，对待任何事情都很消极，找不到活着的意义，一聊天看到的都是毫无生气的话语，有什么可以帮助她的么？
看了你的描述我对你朋友的遭遇感到很同情，或许她遇到了很多令她苦恼的事情，比如学业、工作方面，都是一些她这个年纪的年轻人必须承受的压力呀，所以咱们不能让她一个人默默承受，有条件的话建议你多陪伴她，给她倾诉的机会。
她确实遭遇了一些困难和挫折，但是我觉得这个问题不仅仅是压力问题，她好像一直都有一种悲观的情绪，无论遇到什么事情都会往消极的方面想。我很担心她会陷入抑郁症。
看得出来你是一个很负责任的朋友，不但没有厌倦接受朋友的负能量，还很挂念她的状况，来为她提问寻找解决方法，有你这个好朋友她真的很幸运呀。对于她的消极情绪，我了解到抑郁症可能是一个因素。但是气质并没有好坏之分，不代表这种状态一定不好，所以气质并非是引起她的消极情绪的主要因素，最重要的还是现实生活中她遇到的事情。",4,愤怒,0,时序性对话_campus/17238.json,,,
A0195,campus_13300_t0,campus_13300,真的不是很喜欢这舍友，怎么样明显表现讨厌一个人？我真的不是很喜欢这个舍友我的天我已经勉强自己很多回了为了维持表面关系还非要和我一起上下课我真的烦！因为在勉强自己还要勉强自己帮她取快递我真吐了想要自己发现她的优点但是缺点太明显了越发现越多真的受不了！我可咋办我虽然和别人吵架过，但是这种没有明显错误的，我咋个说。就是不喜欢啊，也没干什么坏事。她身上的缺点我实在不喜欢。不坦诚，擅长找借口答应别人的事总是不做但答应的特爽快，还有比较小气，和她出去吃饭会偷偷吃掉最后一块排骨〔我对这个其实没所谓啊，关键是她一定要装出故意给我夹多一块排骨，然后偷偷夹两块给自己，很虚伪啊其实只要明着说想吃最后一块就可以啊〕我受不了这种小心思啊我的天或者谁能教教我和这种小心思特多但是没啥特别坏心眼的人咋个相处啊啊啊还是同学我真的不知道咋撕破脸都是大学生了,,6,厌恶,0,时序性对话_campus/13300.json,,,
A0196,campus_15756_t2,campus_15756,是的，我总是不愿意向别人诉说自己的不开心。,"在压力大时，总忍不住吃很多东西，怎么办？
这就是说通常所说的化悲愤为食欲！首先这是你习惯性发泄情绪的方式！一般都是有不愉快不愿诉说吧！",1,高兴,0,时序性对话_campus/15756.json,,,
A0197,cpcd_305be79653_s15_t3,cpcd_305be79653,老师，说实话，我到现在还有点懵。市场营销策划案……我以为最多就是个及格分，没想到老师给了那么好的评语。还有高数，我补考前觉得自己肯定过不了，结果居然过了。,"你好，张伟。距离上次见面过了一周，这一周过得怎么样？
老师好。这一周…有点不太真实。我的期末成绩都出来了。
嗯，听起来这一周对你来说有些特别。你愿意和我具体说说，成绩出来后发生了什么吗？",2,惊讶,0,CPCD/conversation_7_consultation_events_张伟_889_张伟.json,,,
A0198,539919001,anon_0572,但是我真的很讨厌这个学校，每天都感到非常不舒服。,但是我真的很讨厌这个学校，每天都感到非常不舒服。,6,厌恶,0,时序性对话_merged.json,,,
A0199,cpcd_d1c5b146b5_s9_t7,cpcd_d1c5b146b5,她根本不懂。我只是在努力保持自律，她却觉得我有问题。,"嗯，听起来这一周对你来说很不容易。你愿意具体说说发生了什么吗？
没什么好说的。就是和同学有点小矛盾。
听起来这一周让你感到有些困扰。你愿意多谈谈和同学之间发生了什么吗？
没什么好谈的。她根本不懂我。
听起来你感到有些委屈，愿意多说说她是怎么不理解你的吗？",3,悲伤,0,CPCD/conversation_9_consultation_events_张悦_390_张悦.json,,,
A0200,slang_5_0_0d722710,slang_005,课间大家聊可颂猫，我插不上话,,0,中性,0,梗数据集_hot_speech_synth.txt,,,
A0201,cpcd_d1c5b146b5_s9_t47,cpcd_d1c5b146b5,我……我不知道还能做什么。爸爸说妈妈现在情绪很差，如果我找不到好工作或者考不上研，她可能会更崩溃。我感觉自己就像站在悬崖边上，只要我稍微做错一点，这个家就会掉下去。,"听到你这么说，我能感受到那种“我必须成为家里唯一指望”的巨大压力，好像整个家庭的重量都压在了你一个人的肩上，这真的非常沉重。

我注意到，当你想到“如果我能快点找到好工作或考上研究生，也许他们就不会这样了”时，心里好像有一个很强烈的信念：“只要我足够成功，就能阻止父母的痛苦，甚至挽救他们的关系”——这种想法，会不会像把父母之间复杂的情感问题，变成了一个需要由你来解决的“任务”，让你既感到责任重大，又觉得无能为力呢？

我们之前聊过，有时候我们的思维在压力下会过度简化问题。你觉得，此刻这个“只要我成功，就能改变一切”的信念，有没有可能是一种在无助感下产生的、让你更加喘不过气的认知模式呢？它会不会忽略了，父母的关系其实是他们两个人之间的事，而你的价值并不取决于能否解决他们的问题？
我…我不知道还能怎么想。如果连我都不能让他们好过一点，那这个家是不是就真的完了？
听到你这么说，我能感受到那种“如果连我都不能让他们好过一点，这个家就完了”的绝望感，好像整个家庭的存续都系于你一个人的努力，这种想法真的非常沉重，也让你喘不过气。

我注意到，当你想到“这个家是不是就真的完了”时，心里好像有一个很强烈的信念：“我必须对父母的情绪和关系负全部责任，否则就是我的失败”——这种想法，会不会像把你自己放在了家庭问题的中心，让你承担了本不该由你独自背负的重量呢？

我们之前聊过，有时候我们的思维在压力下会过度放大个人的责任。你觉得，有没有可能，父母的关系是他们两个人之间需要面对和处理的事，而你的支持和关心，其实并不等同于你必须“解决”他们的问题呢？
我……我不知道。可是如果我不做点什么，他们真的会分开。我妈每次打电话都在哭，我爸也说他很累。我好像必须得做那个让他们都满意的人，不然这个家就散了。
听到你这么说，我能感受到那种“我必须成为那个让他们都满意的人，否则家就会散”的巨大恐惧，好像你站在父母之间，独自承担着维系家庭的全部责任，这种孤立无援的感觉一定让你非常窒息。

我注意到，当你想到“如果我不做点什么，他们真的会分开”时，心里好像有一个根深蒂固的信念：“父母的婚姻能否维持，完全取决于我的表现和努力”——这种想法，会不会像把一段复杂的成人关系，变成了一个需要由你来负责的“考试”，让你既感到必须满分通过，又深知自己其实无法控制结果呢？

我们之前聊过，有时候我们的思维在极度焦虑时，会模糊责任的边界。你觉得，有没有可能，父母是否分开是他们两个人需要共同面对的决定，而你的爱与支持，其实并不等同于你必须为他们的关系结局负责呢？",7,绝望,1,CPCD/conversation_10_consultation_events_张悦_836_张悦.json,,,
A0202,cpcd_d1c5b146b5_s12_t37,cpcd_d1c5b146b5,我……我不知道。可能不会吧。但她们的情况和我不一样，她们只是暂时的困难。而我……我是真的失败了，连毕业都成问题的人。,"我听到你再次提到了“停在原地”这个感受，这背后那种被卡住、无法前进的无力感，一定让你非常煎熬。

当我们反复用“别人在前进，而我卡住了”这样的视角来看待自己时，这背后可能隐藏着一个我们之前也讨论过的信念，那就是：“人生的价值，必须通过达成一个又一个明确的目标来证明，否则就是停滞或失败。” 你觉得，这个信念现在还在多大程度上影响着你看待自己的方式呢？
嗯……我觉得它几乎完全控制了我。每次看到室友们讨论复试，或者听到谁又拿到了offer，我就会立刻想到自己考研失败这件事。然后就会觉得，我连一个目标都没完成，好像整个人生都卡在这里了。
我听到你用了“完全控制”这个词，这让我感受到这个信念的力量有多么强大，它几乎像一层厚厚的滤镜，让你透过它看到的自己，只剩下“卡住”和“失败”的部分。这种被一个想法牢牢抓住、喘不过气的感觉，一定非常辛苦。

当我们被这样的想法困住时，它常常会让我们只看到支持它的“证据”，比如室友们的进展，而忽略掉其他所有信息。我们可以一起试着做一个很小的观察练习吗？在过去这一周里，有没有那么一个瞬间，哪怕非常短暂，你做的事情或感受到的情绪，是“卡住”这个想法无法完全解释的？
没有。我每天就是去实验室，然后回宿舍，她们说话我也尽量不参与。我觉得自己就像个透明人，她们越关心我，我越觉得……我配不上这种关心。
我听到你用了“配不上”这个词，这让我心里一紧。当你说自己像个透明人，甚至觉得连别人的关心都配不上时，那种深深的自我否定和孤立感，一定让你感到非常痛苦。

我注意到，当室友关心你时，你心里似乎有一个很强烈的声音在说：“因为我没有达成目标，所以我不配得到关心”。我们可以一起看看，这个“配不上”的想法背后，是不是藏着一种“只有成功者才值得被善待”的信念呢？

如果暂时把这个信念放在一边，想象一下，如果你的室友因为其他原因（比如感冒了，或者家里有事）而情绪低落，你会觉得她“配不上”你的关心吗？",3,悲伤,0,CPCD/conversation_9_consultation_events_张悦_316_张悦.json,,,
A0203,cpcd_414d6625ac_s10_t3,cpcd_414d6625ac,那个讲座…其实内容本身没什么特别的。就是请了几位学长学姐分享他们申请实习和考研的经历。,"你好，张思雨。距离上次见面过了一周，这一周过得怎么样？
老师好。这一周…不太好。上周那个讲座让我心里很乱，晚上都睡不好。
嗯，听起来这一周对你来说很不容易。你愿意具体说说那个讲座发生了什么，让你感到这么困扰吗？",5,恐惧,0,CPCD/conversation_3_consultation_events_张思雨_922_张思雨.json,,,
A0204,campus_13327_t6,campus_13327,可我尽管劝过他们卫生，但只有我一人在打扫，感觉很不公平。,"从你问题描述中来看你目前困扰在于“宿舍人际关系”。
是的，我本来期望可以和室友们和睦相处、互帮互助的，但是现在的宿舍氛围都很冷漠。
这样的变化一定让你感到很难受很郁闷吧。
是的，每天回宿舍都很抑郁，大家平时都不怎么交流，他们都一天到晚玩游戏，我一说话就冷场。
宿舍关系确实是大学时代一个很重要的人际关系部分。温暖而友善的宿舍环境对人的支持作用非常显著。",0,中性,0,时序性对话_campus/13327.json,,,
A0205,campus_12876_t12,campus_12876,但是我真的很痛苦，不知道该怎么办才好。,"每个人对待感情的方式不同，她可能对这种亲密的方式不太适应。你们可以尝试在白天增加互动和亲密的时间，也可以从温柔的表达方式和关心开始，逐渐增加亲密感。
上厕所总是又反锁门，好像很害怕我进去一样，我跟她说我不会进去，她就说不会进也一定要锁，夫妻之间有必要这样吗？
每个人都有自己的生活习惯和隐私需求，这并不一定表示夫妻之间亲密度的问题。你可以试着与她进行沟通，了解她的顾虑和想法，互相尊重对方的需求。
我们结婚一年多，大概有3/4的时间是分房睡的，她也不会有什么意见。可能很难找到像我们这么奇葩的夫妻了，我每天都想着离婚，但是已经怀孕了，所以真的很痛苦。
在婚姻中，每对夫妻都会面临各种各样的问题，没有完美的婚姻。尽管你们的情况比较特殊，但也不意味着一定要离婚。孩子的到来可能是你们重新审视和改善婚姻的契机，同时也要考虑家庭的稳定和幸福。",7,绝望,1,时序性对话_campus/12876.json,,,
A0206,campus_15189_t0,campus_15189,我的同事优秀又自命不凡，非常令我讨厌，如何相处？我25了，公司有同龄实习的男生，我们都是重点毕业，起初相处甚欢，后来越来越厌恶。他是那种专长于文学的男生，张口就能吟诗，字也写的好。但我艺术方面不错，也有他没有的证书和能力。我很烦他约了我三次，前两次旅行，后一次合作考试，都是拖到了最后几天，我问他走吗，他说不了，我不去了（放我三次鸽子）我有时候和他讲话，感觉他也是心不在焉的就说他想说的话题，从来没在意我在说什么。他对我的口头禅是“你连这个都不知道啊，你太没文化了吧”，我说他不该这样说，他说，“没关系啊，别人这样说我，我就会说我确实不知道”我觉得有道理，今早上他又气我，他说领导今早不来，因昨天0点还在加班并发了朋友圈。我说“哦我不玩朋友圈”打开一看领导发了动态，且图片不是本地，就说，“这张图不是本地”，他又训我说“你要提高提高你自己的观察能力了，这张图是总部，他朋友圈发过多次”我就觉得我本身就不玩朋友圈，他没听懂吗？。。。醉了。,,6,厌恶,0,时序性对话_campus/15189.json,,,
A0207,campus_11251_t4,campus_11251,压力真的好大，疯狂节食锻炼减肥，不是失眠就是嗜睡，内分泌紊乱，我觉得自己好废，什么都不是，什么都做不好，好垃圾。,"考研压力实在是太大了，我觉得什么都做不好，怎么办？
能够感觉到你的压力确实很大。马上要面临毕业的抉择，考上就是继续深造在更高一阶段层次去创造，实现自己梦想。考不上可能就意味着或许偏离了自己的梦想，感觉无所适从，有压力是正常的，压力过度就应该引起重视了。
还有两个月考试，实际上最关键就看这一个月背诵成果。抑郁症，暴食症，爆痘，生理机能极其不健康，天啊，好烦躁。如何自救，我该怎么办？
首先要重新来审视和定义自己的成功。你对未来的设定，有哪些选择，这些选择可以分个等级，等级高的是最难的，依次递减，做好接受更多可能的准备。或许有的选择会走弯路，走的是迂回路线，但是这样能给自己一个心理暗示就是，我还有备选路线，最难的这个我尽力就好，没有达到目标换一个路径，大不了好事多磨一些。",7,绝望,1,时序性对话_campus/11251.json,,,
A0208,cpcd_305be79653_s1_t3,cpcd_305be79653,就是第一次小测验，我以为自己准备得挺充分的。没想到题目那么难，很多知识点上课好像都没讲过。看到成绩的时候真的有点懵。,"你好，张伟。距离上次见面过了一周，这一周过得怎么样？
老师好。这周……其实不太好。专业课的测验成绩出来了，我考得很差。
嗯，听起来很难受。能具体说说这次测验的情况吗？",2,惊讶,0,CPCD/conversation_6_consultation_events_张伟_643_张伟.json,,,
A0209,219714004,anon_0085,这让我感觉到问题不全是我一个人的错，但又无法压制自己的愤怒与厌倦。,我明白了，我确实需要找到一种平衡的方式来释放情绪。但是，我有时候会感到内疚和焦虑，担心给舍友带来麻烦和影响他们的生活。我也发现其他宿舍也存在类似的问题，他们的作息时间也不协调，有时候也会拖延做衣服。这让我感觉到问题不全是我一个人的错，但又无法压制自己的愤怒与厌倦。,4,愤怒,0,时序性对话_merged.json,,,
A0210,cpcd_d1c5b146b5_s7_t25,cpcd_d1c5b146b5,嗯……就是觉得，我好像又做错了什么。明明知道家里不容易，可我还是选了更贵的房子，现在连吃饭都要算计。每次看到那个最便宜的选项，心里会松一口气，觉得这样才对得起妈妈那句话。但紧接着又会很讨厌自己，为什么连好好吃饭都做不到。,"听起来，当那个催促的声音出现时，你的身体会同时感受到手抖和胃部的不适，这一定让你在画图时更加煎熬。你能多描述一下，这种胃里沉甸甸的感觉通常会在什么时候最明显吗？
就是…每次我拿起笔准备画图的时候，胃里就会像压了块石头。特别是想到家里的钱，还有妈妈那句话，手就抖得更厉害了。
听起来，当拿起笔准备画图时，那种胃里沉甸甸的感觉和手抖会同时出现，这让你在创作时承受了很大的身心压力。你能再多说说，这种“压了块石头”的感觉，除了想到家里的钱和妈妈的话，还会在什么其他时候出现吗？
其实……每次打开外卖软件，看到价格的时候也会这样。我会反复对比，最后可能就只点一个最便宜的。
听起来，每次涉及到花钱，无论是画图材料还是点外卖，那种胃里沉甸甸的感觉都会出现，这让你在做选择时格外煎熬。能多说说，当你最后只点最便宜的那个选项时，心里具体是什么感受吗？",6,厌恶,0,CPCD/conversation_9_consultation_events_张悦_492_张悦.json,,,
A0211,cpcd_305be79653_s15_t3,cpcd_305be79653,老师，说实话，我到现在还有点懵。市场营销策划案……我以为最多就是个及格分，没想到老师给了那么好的评语。还有高数，我补考前觉得自己肯定过不了，结果居然过了。,"你好，张伟。距离上次见面过了一周，这一周过得怎么样？
老师好。这一周…有点不太真实。我的期末成绩都出来了。
嗯，听起来这一周对你来说有些特别。你愿意和我具体说说，成绩出来后发生了什么吗？",2,惊讶,0,CPCD/conversation_7_consultation_events_张伟_889_张伟.json,,,
A0212,campus_11925_t6,campus_11925,我可以试试这样做，但我怕我没法很好地处理室友的情绪反应，不知道她会不会生气。,"啊，听起来有些不太愉快呢。你已经跟她说过你不喜欢这样的话题了吗？
是的，我已经很明确地表示过我不喜欢这些话题，但她还是会继续讲。
有时候我们在表达自己的意见时，并不能很清晰地让对方明白，也许她并没有故意想继续影响你的情绪。你可以试着以轻松的口吻及时打断她，例如“停，这个话题我不太感兴趣，我们换个话题聊聊吧”。
嗯，不是不想这么做，只是怕会伤害她的情绪。
你很关心她的感受，这很好。但也请记得，你的情感也很重要。你可以告诉她你想要些私人空间，对她的满足需求并不是你唯一的责任。建议你和她一起商量，确定一些相互尊重的边界和规则。",4,愤怒,0,时序性对话_campus/11925.json,,,
A0213,cpcd_d1c5b146b5_s12_t9,cpcd_d1c5b146b5,我没想到她们会这么做。那天我按照你说的，回去跟她们道歉，也简单说了家里的情况。说完我就想赶紧回床上躲着，结果她们把我叫住了。,"嗯，听起来事情的发展和你的预想不太一样。你愿意具体说说她们是怎么回应的吗？
她们……她们没有怪我。反而凑了钱，说让我先去上大师课。
嗯，这确实出乎意料。你当时听到她们这么说，心里是什么感觉？
我…我当时愣住了。她们把钱塞给我的时候，我手都在抖。
嗯，听起来这件事让你很意外。你愿意多说说当时的具体情况吗？",2,惊讶,0,CPCD/conversation_8_consultation_events_张悦_134_张悦.json,,,
A0214,campus_12998_t0,campus_12998,我有一个学弟，他患有重度抑郁症，最近在学校宿舍试图自杀。他接受治疗已经一年多了，但这是他第一次出现如此严重的情况。我不知道该如何与他相处，能对他和周围的人产生最好的影响，所以请你给些建议，非常感谢！,,0,中性,1,时序性对话_campus/12998.json,,,
A0215,539919001,anon_0572,但是我真的很讨厌这个学校，每天都感到非常不舒服。,但是我真的很讨厌这个学校，每天都感到非常不舒服。,6,厌恶,0,时序性对话_merged.json,,,
A0216,cpcd_d1c5b146b5_s2_t15,cpcd_d1c5b146b5,就是…会突然觉得宿舍里特别安静。然后我会忍不住想，是不是我又做错了什么，或者说了什么让她们不高兴的话。其实我知道可能只是她们刚好有事在忙，但那种感觉…就像回到了高中，那时候也是突然大家就不理我了。,"听起来你感到她们的邀请有些匆忙，能多说说你当时犹豫时心里的想法吗？
我当时…其实有点害怕。她们看起来那么自然，好像早就计划好了，我担心自己去了会显得格格不入。而且万一她们只是客气一下呢？
听起来你当时心里很矛盾，既想加入又担心自己会格格不入。能多说说这种“格格不入”的感觉具体是什么吗？
就是觉得…她们聊的话题我好像都插不上话。她们会讨论社团里有趣的事，或者一起吐槽哪个老师，但我对这些都不太了解。有时候她们在宿舍里笑得很开心，我一进去，她们就突然不说话了。
听起来你感到有些被排除在外，能多说说她们突然不说话时，你心里的感受吗？",1,高兴,0,CPCD/conversation_8_consultation_events_张悦_250_张悦.json,,,
A0217,cpcd_d768bfe964_s13_t39,cpcd_d768bfe964,老师，您说的那个等式…我好像确实一直是这么想的。但室友她们…她们对我好，好像真的没有要求什么。这让我觉得，我之前所有的拼命，是不是都走错了方向？,"我听到你此刻的困惑，当支撑你拼命练习的那个“为了证明什么”的理由被动摇时，确实会让人感到空虚和疲惫，好像脚下的地面突然不见了。

我注意到，你心里似乎有一个根深蒂固的等式：“努力的价值 = 他人的认可 = 比赛结果”。当室友们无条件的关心让你发现，认可可能并不需要你用“赢”来交换时，这个等式就失效了，于是努力本身在你看来就只剩下“累”了。

我们可以一起想一想：如果暂时把这个等式放在一边，那些在琴房里度过的时光，那些音符和汗水，除了向别人证明，有没有哪怕一个瞬间，是纯粹为你自己而存在的？比如，某一次弹奏时，你曾感受到过一丝平静，或者仅仅是完成了一段复杂旋律后的、只属于你自己的那份满足？
老师，我……我不知道该怎么回答。她们对我那么好，我反而觉得更难受了。好像我一直拼命想证明的东西，其实别人根本不在乎。那我之前那些累，那些睡不着，到底是为了什么呢？
我听到你此刻的困惑和难受了。当支撑你拼命练习的那个“为了证明什么”的理由被动摇时，确实会让人感到空虚和疲惫，好像脚下的地面突然不见了。

我注意到，你心里似乎有一个根深蒂固的等式：“努力的价值 = 他人的认可 = 比赛结果”。当室友们无条件的关心让你发现，认可可能并不需要你用“赢”来交换时，这个等式就失效了，于是努力本身在你看来就只剩下“累”了。

我们可以一起想一想：如果暂时把这个等式放在一边，那些在琴房里度过的时光，那些音符和汗水，除了向别人证明，有没有哪怕一个瞬间，是纯粹为你自己而存在的？比如，某一次弹奏时，你曾感受到过一丝平静，或者仅仅是完成了一段复杂旋律后的、只属于你自己的那份满足？
我……我不知道。她们对我那么好，我反而觉得更难受了。好像我一直以来拼命坚持的东西，在她们眼里根本不重要，甚至是个错误。
我听到你此刻的困惑和难受了。当支撑你拼命练习的那个“为了证明什么”的理由被动摇时，确实会让人感到空虚和疲惫，好像脚下的地面突然不见了。

我注意到，你心里似乎有一个根深蒂固的等式：“努力的价值 = 他人的认可 = 比赛结果”。当室友们无条件的关心让你发现，认可可能并不需要你用“赢”来交换时，这个等式就失效了，于是努力本身在你看来就只剩下“累”了。

我们可以一起想一想：如果暂时把这个等式放在一边，那些在琴房里度过的时光，那些音符和汗水，除了向别人证明，有没有哪怕一个瞬间，是纯粹为你自己而存在的？比如，某一次弹奏时，你曾感受到过一丝平静，或者仅仅是完成了一段复杂旋律后的、只属于你自己的那份满足？",3,悲伤,0,CPCD/conversation_10_consultation_events_张悦然_918_张悦然.json,,,
A0218,slang_72_1_39eb4cab,slang_072,今天终于花西子了，心情一下子好起来,,1,高兴,0,梗数据集_hot_speech_synth.txt,,,
A0219,cpcd_305be79653_s1_t7,cpcd_305be79653,哦，那个项目……其实我还没开始做。最近一直在忙兼职的事，晚上回来太累了，就没顾上。,"听起来开学确实让你有些忙碌。具体是哪些事情让你感觉比较满呢？
就是一些专业课，还有兼职那边排班也多了。
嗯，听起来课业和兼职都增加了不少。具体是哪一门专业课让你感觉压力比较大呢？
会计信息系统。这学期要做一个小组项目，但我现在连自己的时间都安排不过来。
嗯，听起来小组项目和兼职让你在时间安排上有些吃力。能具体说说这个项目目前进行到哪一步了吗？",5,恐惧,0,CPCD/conversation_4_consultation_events_张伟_159_张伟.json,,,
A0220,481936001,anon_0776,好的，我会尝试一些情绪调节的方法，希望能够缓解我对他的讨厌情绪。,好的，我会尝试一些情绪调节的方法，希望能够缓解我对他的讨厌情绪。,6,厌恶,0,时序性对话_merged.json,,,
A0221,155162002,anon_0338,我非常困惑，因为我对学习日语和健身都很感兴趣，而且都对我生活有帮助。,谢谢您的解释。我非常困惑，因为我对学习日语和健身都很感兴趣，而且都对我生活有帮助。所以我不确定该如何下决定。,0,中性,0,时序性对话_merged.json,,,
A0222,slang_34_7_7a70bb32,slang_034,旁边人都在平底锅文学，我却觉得自己很失败,,7,绝望,1,梗数据集_hot_speech_synth.txt,,,
A0223,cpcd_d1c5b146b5_s5_t53,cpcd_d1c5b146b5,是的。就像这次兼职的事，我本来已经算好了这学期的收支，以为可以维持平衡。但现在排班减少，家里又需要钱，计划全被打乱了。,"我听到你说，当计划需要重新调整时，你会觉得自己本应能预料到这些变动，这让你感到有些挫败。这种对自己近乎严苛的要求，是不是让你在应对变化时，反而感到更加疲惫了呢？
嗯……可能吧。我只是觉得，如果我能把时间安排得更精确一点，就不会被兼职变动影响到。
我听到你说，你觉得自己如果能安排得更精确，就不会被兼职变动影响，这种想法让你把计划外的变化也当成了自己的责任。听起来，这个“必须预料到所有变动”的信念，是不是让你在事情不如预期时，更容易责备自己，而不是允许计划有一定的弹性呢？
是的。我总觉得如果我能把所有可能都算进去，就不会有意外了。但现在看来，好像不管怎么算，总会有新的变化。
我听到你说，你总觉得如果能把所有可能都算进去就不会有意外，但现实是总会有新的变化出现。这种“必须预料一切”的想法，是不是反而让你在面对变化时，感到更加疲惫和无力呢？",5,恐惧,0,CPCD/conversation_8_consultation_events_张悦_14_张悦.json,,,
A0224,514282003,anon_0510,同时，作为长期在外求学的我，被要求一直保持听话和懂事，不敢向她表达内心的委屈，给我带来了很大的压力。,是的，你真的理解我的感受。母亲刻意表现疲惫的行为让我感到困扰，而且这似乎已经成为了她的习惯，加重了我的烦躁情绪。同时，作为长期在外求学的我，被要求一直保持听话和懂事，不敢向她表达内心的委屈，给我带来了很大的压力。,7,绝望,1,时序性对话_merged.json,,,
A0225,campus_14464_t8,campus_14464,谢谢你的建议！我会试试的。我也会尽量和其他同学多交流，建立起更多的社交圈子，减少对她言行的关注。谢谢你的支持！,"我理解你的感受，被背后指责或说坏话确实会让人心情不好。首先要明确的是，这些话语不是你的错，是她的行为不当。你可以试着与她私下沟通一下，希望找到一个合适的机会，和她坦诚地谈谈你对她的感受。也许是因为某些误会导致她对你持有负面态度。
但我们平时没有接触，我不知道该怎么找机会和她沟通。而且这件事我也不知道从何说起。
确实，如果你们平时没有接触，找机会沟通可能会有些困难。你可以尝试找到一个合适的时间和地点，比如放学后的时间或者在学校里找个安静的地方。开始时可以说些正面的话，比如表达对她的欣赏，然后再转入你对她行为的感受，尽量保持冷静和理性，让对话不失控。
好的，我会试试这个方法。希望她能听得进去我的话。但是，如果沟通后情况没有改善怎么办？
如果沟通后情况没有改善，我们可以考虑请教其他老师或辅导员的意见。他们可能能够提供更多的帮助和支持。另外，你也可以考虑和其他同学朋友一起建立更多的社交圈，这样可以分散注意力，减少对她言行的关注程度。",0,中性,0,时序性对话_campus/14464.json,,,
A0226,431874002,anon_0519,16岁女孩，我爸妈一直都说我说话不过脑子，特别傻，啥话都说，但我养不成那样深思熟虑的性子啊，朋友也说我不知道分寸，好害怕别人讨厌我啊，我该怎么改变呢？,感觉自己特别不会说话，害怕别人讨厌，如何改变呀？16岁女孩，我爸妈一直都说我说话不过脑子，特别傻，啥话都说，但我养不成那样深思熟虑的性子啊，朋友也说我不知道分寸，好害怕别人讨厌我啊，我该怎么改变呢？谢谢。,6,厌恶,0,时序性对话_merged.json,,,
A0227,1533002,anon_0316,我平时总是太过关注别人的看法，而忽视了自己的需求和感受。,确实，我明白了。我平时总是太过关注别人的看法，而忽视了自己的需求和感受。我会尝试更加关注并了解自己，接纳自己的优点和缺点。不再让别人的评价左右我的行为。,0,中性,0,时序性对话_merged.json,,,
A0228,cpcd_d1c5b146b5_s10_t47,cpcd_d1c5b146b5,她看错了。我只是…最近肠胃不太好。,"（语气温和）我能感受到，当你说“她看错了”时，那种想要把这件事轻轻带过的心情。好像承认这件事真的发生了，会带来更多你暂时还不想面对的感受，是吗？
她真的看错了。我只是……最近肠胃不太好。
（语气温和而平稳）我能感受到，当你说“她真的看错了”时，那种想要把这件事从现实中抹去的心情。好像只要不承认，那种被看见的羞耻和恐惧就能暂时被关在门外，是吗？
她真的看错了。我只是……那天胃不太舒服。
（语气温和而关切）我能感受到，当你说“她真的看错了”时，那种想要把这件事从现实中抹去的心情。好像只要不承认，那种被看见的羞耻和恐惧就能暂时被关在门外，是吗？",3,悲伤,0,CPCD/conversation_9_consultation_events_张悦_622_张悦.json,,,
A0229,campus_12598_t0,campus_12598,什么是自私？孩子与父母的界限在哪里？我想知道，我总感觉父母就想小孩一样，她们也许从小缺爱，感觉都没有正确沟通的方式，一个只会喊一个逃避问题。可是有时候又很好，她们之间也是对我从小都很民主很好也很支持我。,,0,中性,0,时序性对话_campus/12598.json,,,
A0230,campus_14097_t4,campus_14097,其实我有和家人说，他们也很担心我，但是我感觉除了说“加油”之外，他们并不能给我什么实质性的帮助和支持。,"心里好难受，莫名其妙想哭，不知道怎么办？
我很理解你的感受，你可能感到很困惑和不知所措，对吧？可以告诉我你的具体情况吗？
心里难受，莫名其妙想哭，感觉学校好乱，想上了又怕自己后悔，情绪特别低落，我到底该怎么办啊，总是羡慕别人，感觉自己一点也没用。
听起来你所处的学校环境有些困难，你会感到有些紧张和焦虑，是吗？你想上学，但是又担心可能会后悔选择这所学校。你的情绪很低落，这种感觉可以让人感到失望和沮丧。你有没有和家人或者朋友谈过你的感受呢？",5,恐惧,0,时序性对话_campus/14097.json,,,
A0231,574608001,anon_0590,可他总是这样对我，我真的很生气。,可他总是这样对我，我真的很生气。,4,愤怒,0,时序性对话_merged.json,,,
A0232,cpcd_e651f42633_s5_t11,cpcd_e651f42633,就是…明明知道应该复习，但一打开课本就觉得那些图表和公式特别刺眼。然后手就不自觉地打开了浏览器，开始看一些艺术史的文章或者哲学讨论。等反应过来的时候，已经过去两三个小时了。,"听起来面对课本时那种烦躁的感觉确实很强烈。能多说说当你开始看艺术史或哲学时，心里是怎么想的吗？
其实……我也不知道。就是觉得那些东西好像更有意思，一看就停不下来。但每次关掉网页，心里就更慌了。我知道这样不对，期中考试就在眼前。
听起来你面对课本时的烦躁和之后的内疚感让你很困扰。能多说说这种“一看就停不下来”的感觉具体是怎样的吗？
就是...明明知道该复习了，但一翻开经济学课本就觉得特别烦躁。然后就会忍不住打开手机，随便搜点哲学或者艺术史的文章看。一看就停不下来，回过神来已经过去两三个小时了。
听起来你面对课本时的烦躁和之后的内疚感让你很困扰。能多说说这种“一看就停不下来”的感觉具体是怎样的吗？",5,恐惧,0,CPCD/conversation_2_consultation_events_张明_213_张明.json,,,
A0233,campus_11968_t2,campus_11968,可是无论我怎么做，我妈妈还是会打我，骂我，我好无助。,"我妈常常打我，骂我，我好想死，怎么办？
️抱抱，你提到在家里妈妈总是骂你，可能是她对你有比较高的期望和要求，希望你做的更好，或许可以试着和妈妈沟通，表达你的感受。",7,绝望,1,时序性对话_campus/11968.json,,,
A0234,cpcd_d1c5b146b5_s9_t55,cpcd_d1c5b146b5,是的，我就是这么想的。如果连这点压力都处理不好，以后怎么面对生死攸关的临床工作？我朋友她根本不懂，她以为我是在逞强，但其实我只是在做必要的准备。,"我听到你再次强调了这个想法，把“管理好自己的身体”看作是一种必须达到的“基本职业素养”。我能感受到，这个信念对你来说非常真实，它驱动着你的自律，但也带来了巨大的压力和自我怀疑。

我注意到，你似乎把“身体管理”和“诊断能力”直接划上了等号，这是一种“全或无”的思维。我们是否可以一起思考一下：一位医生的专业素养，是建立在永不疲惫、永不波动的“完美身体”之上，还是建立在能够识别并尊重身体和精神的自然规律之上呢？
只有完美的身体才能支撑完美的工作。如果连自己的身体都管理不好，我有什么资格去管理病人的健康？
我听到你再次强调了“只有完美的身体才能支撑完美的工作”这个信念，我能感受到，这个想法对你来说如此重要，它驱动着你，但也带来了巨大的压力和焦虑。当你说“如果连自己的身体都管理不好，我有什么资格去管理病人的健康”时，我能体会到那种深深的自我怀疑和恐惧。

我注意到，这个信念背后似乎有一个“全或无”的思维在运作：要么身体完全受控、完美无瑕，要么就等同于专业资格的丧失。这种想法会不会让你把身体的任何正常反应——比如疲劳、不适——都看作是“失控”的证据，从而陷入更深的焦虑循环呢？

我在想，我们是否可以一起探讨：一位真正能够长期、稳定地照顾病人的医生，他的“完美”是来自于永不波动的身体状态，还是来自于能够智慧地倾听身体信号、并在需要时调整步伐的能力呢？
我明白你的意思。但理论归理论，现实是，我连最基本的自律都做不到。上周……我唯一的朋友也走了。她说我这样下去不行，建议我去看心理医生。我当时很生气，我觉得她是在否定我所有的努力，是在说我软弱。
我听到你说，唯一的朋友也离开了，并且建议你去看心理医生，这让你感到被否定和愤怒。当最亲近的人用这种方式表达关心时，那种委屈和孤独感一定非常强烈。

我注意到，当朋友建议你寻求帮助时，你立刻将它解读为“否定你所有的努力”和“说你软弱”——这背后是不是有一个很深的信念在起作用，比如“接受帮助就等于承认失败”或者“我必须独自证明我能行”？

我在想，我们是否可以一起看看：把“寻求支持”等同于“软弱”，这种想法会不会反而让我们在需要调整的时候，把自己困在了更孤立、更紧绷的状态里？

或许我们可以尝试一种不同的视角：有时候，能够识别自己的状态并主动寻求合适的支持，恰恰是一种对自己和未来病人负责的、有力量的表现，而不是软弱的证明。

这当然不容易，但我们可以慢慢来。你愿意和我一起，试着探索一下，除了“独自硬扛”之外，是否还有其他应对压力的方式吗？",3,悲伤,0,CPCD/conversation_9_consultation_events_张悦_390_张悦.json,,,
A0235,slang_3_1_68633c7f,slang_003,刷到万柳书院少爷笑出猪叫，明天考试也不慌了,,1,高兴,0,梗数据集_hot_speech_synth.txt,,,
A0236,cpcd_305be79653_s3_t5,cpcd_305be79653,就是之前那个家教，我多接了几个学生。其实时间排一排也还好，就是晚上备课有点累。,"你好，张伟。距离上次见面过了一周，这一周过得怎么样？
老师好。这一周……还行吧，就是有点忙。
嗯，听起来这一周挺充实的。具体在忙些什么呢？
就是…课业和兼职。这学期课表排得比较满，然后我最近又接了个新的家教。
嗯，听起来这周确实不轻松。能和我多聊聊这个新的家教工作吗？",5,恐惧,0,CPCD/conversation_4_consultation_events_张伟_299_张伟.json,,,
A0237,cpcd_305be79653_s15_t23,cpcd_305be79653,就是…明明想好要说什么，话到嘴边又咽回去了。好像身体有自己的想法，根本不听我的。,"嗯，我听到你在补考时，那种突然的空白感、手抖，还有胃被攥紧、呼吸不上来的感觉，这一定让你非常难受和无力。这种感觉，听起来是不是和你之前提到的，在社交场合或者招聘会时，身体会“僵住”的反应有些相似？
嗯…是有点像。都是突然就动不了了，脑子也转不动。
听起来，这种“僵住”的感觉在不同的压力情境下都会出现，让你感到很受困。能和我多说说，当胃被攥紧、呼吸不上来时，你心里最担心的是什么吗？
嗯…最怕的可能是…那种失控感。就像考试时脑子一片空白，或者别人问话时我一个字都说不出来。明明知道该做什么，身体却不听使唤。
嗯，我听到你描述了那种“失控感”，明明知道该做什么，身体却不听使唤，这确实会让人感到非常无助和害怕。你能再多和我描述一下，这种失控感最让你感到不安的是什么吗？",3,悲伤,0,CPCD/conversation_6_consultation_events_张伟_687_张伟.json,,,
A0238,cpcd_305be79653_s13_t57,cpcd_305be79653,老师，您说的这个假设……我好像从来没这样想过。我一直觉得那些感受，那些让我激动或者难过的瞬间，都是很私人的、甚至有点幼稚的东西。如果它们本身就有价值，那我之前所有的痛苦，还有现在想放弃的念头……到底是为了什么呢？,"我听到你这么说，心里感到一阵欣慰。当你说“我好像有点明白了”，这真是一个很宝贵的觉察。你发现自己在用作业的分数，去证明或否定内心感受的真实性，而一旦结果不好，就会觉得那些触动是“自己骗自己”——这种模式确实让你陷入了反复的自我怀疑。

我注意到，这里似乎有一个根深蒂固的信念在运作：“内心的感受必须得到外部成果的‘认证’，才算是真实、有效的；否则，它们就是自我欺骗。” 这个信念让你把自己的体验分成了“被证明的”和“未被证明的”两类，而后者常常被归为“幻觉”或“可笑”。

我想邀请你一起，在这个觉察的基础上，再往前轻轻推一步：**如果我们暂时放下“用分数证明感受”这把尺子，有没有可能，那些触动——哪怕它们没有立刻带来好的作业分数——本身就有它们独立存在的意义和价值？比如，它们是不是在告诉你，你对什么依然有感觉、有连接，哪怕这份连接现在看起来还很脆弱？**
老师，您说的这个……我其实有点害怕去想。因为如果那些触动本身就有意义，那我之前做的所有努力，还有现在的痛苦，算什么呢？我好像一直在等一个结果来告诉我，我的感觉是对的，是值得的。
我听到你说“有点害怕去想”，这让我感受到你内心的矛盾。一方面你开始觉察到那个“用分数证明感受”的模式，另一方面，你又担心如果承认那些触动本身就有意义，会让自己过去的痛苦和努力显得……不知道该放在哪里，好像一直在等一个外在的“认证”来告诉自己“你的感觉是值得的”。

我注意到，这里似乎有一个很核心的信念在影响你：“内心的感受和体验，必须通过外部的成功（比如好分数）来‘兑换’其价值；否则，那些感受就是不可靠的，而为此付出的努力和痛苦也就失去了意义。” 这个信念让你把自己的体验和外部结果紧紧捆绑在一起，一旦结果不如意，就会陷入“一切都是徒劳”的绝望。

我想邀请你一起，在这个感到害怕的节点，稍微停一下，看看这个想法。**如果我们尝试把“感受的价值”和“作业的分数”暂时解开——就像把两条缠在一起的线慢慢分开——有没有可能，那份“一直在等一个结果来认证”的等待本身，恰恰说明了那些感受对你而言是重要的？而承认它们本身就有意义，并不意味着否定你过去的努力和痛苦，反而可能是在为那些努力，找到一个更稳固、不依赖于外部评判的支点？**
我……我不知道。如果那些感受本身就有意义，那我之前因为挂科、因为作业不好而那么痛苦，又算什么呢？感觉就像我一直在为一个根本不需要证明的东西拼命证明自己。
我听到你这么说，心里感到一阵深深的共鸣。当你说“感觉就像我一直在为一个根本不需要证明的东西拼命证明自己”时，我能感受到那种巨大的疲惫和困惑——好像过去的痛苦和努力，都建立在了一个可能并不存在的“证明”之上，这一定让你感到非常迷茫。

我注意到，这里似乎有一个我们一直在工作的核心信念，此刻正清晰地浮现出来：“我内心的感受和体验，本身是没有价值的、不可靠的，必须通过外部的成功（比如好成绩）来‘兑换’和‘证明’其合法性。” 这个信念让你把自己的价值感和努力的意义，完全寄托在了外部结果上，一旦结果不如意，整个意义大厦就好像要崩塌了。

我想邀请你一起，在这个感到迷茫的节点，稍微停一下，看看这个想法。**如果我们尝试做一个思想实验：假设那些触动你的感受，就像呼吸一样，它本身不需要被“证明”是“对的”或“值得的”，它只是存在，只是你体验世界的一种真实方式——那么，你过去为创作付出的努力和经历的痛苦，它们的意义会不会发生一些变化？比如，它们会不会从“为了兑换一个认证”的挣扎，转变为“为了学习如何表达这份真实存在”的探索？**",7,绝望,1,CPCD/conversation_5_consultation_events_张伟_361_张伟.json,,,
A0239,cpcd_d1c5b146b5_s9_t15,cpcd_d1c5b146b5,习惯了就是……其实也没什么。一个人也挺好的，不用想那么多。,"嗯，听起来这件事让你感到既委屈又孤单。你愿意多说说，拒绝朋友之后，你们的关系发生了什么变化吗？
她后来就没怎么主动找我了。在教室里遇到，也只是简单打个招呼。我其实知道她是关心我，但……我没办法接受那个建议。
嗯，听起来这件事让你感到既委屈又孤单。你愿意多说说，当朋友后来只是简单打招呼时，你心里是什么感受吗？
就是觉得……算了，反正我也习惯了。可能她只是随口一提，是我太当真了。
嗯，听起来这件事让你感到有些孤单和无奈。你愿意多说说“习惯了”这种感觉吗？",3,悲伤,0,CPCD/conversation_10_consultation_events_张悦_874_张悦.json,,,
A0240,slang_0_7_9bee4e17,slang_000,旁边人都在远方传来风笛，我却觉得自己很失败,,7,绝望,1,梗数据集_hot_speech_synth.txt,,,
A0241,campus_10495_t1,campus_10495,非常理解你的处境和挣扎。可以感受到你的内心很矛盾，既想要得到治疗和帮助，又面对到的各种困难和阻碍，不知道该怎么选择。那我想先了解一下你现在的情绪状态如何？你感到有什么特别强烈的情绪吗？,"新校区离医院很远，我该不该继续开始接受治疗？我要换校区了，因为转专业，那个校区离医院很远，坐公交车久，还麻烦，而且我又晕车。骑自行车差不多要两个小时，来回要好久，比起公交车我更想骑车，但是时间方面又长，我害怕会占用自己的学习时间，毕竟我已经落下半个学期了的课程了，因为学校转专业进程的原因。我想着放弃治疗吧（治疗还没开始），靠自己的能力解决，可是这么久了我的问题还是没有解决啊。我想着继续完成治疗，可是这里的每次心理治疗好贵，我又心疼爸妈的钱，而且我转专业是留级的，这意味着又要多交一年学费。但我又怕自己发生什么事情会很难受，谁也帮不了自己，我不知道该怎么办了……
非常理解你的处境和挣扎。可以感受到你的内心很矛盾，既想要得到治疗和帮助，又面对到的各种困难和阻碍，不知道该怎么选择。那我想先了解一下你现在的情绪状态如何？你感到有什么特别强烈的情绪吗？",0,中性,0,时序性对话_campus/10495.json,,,
A0242,432461001,anon_0090,我希望在工作上能更专注一点，生活上也能更有目标和动力。,我希望在工作上能更专注一点，生活上也能更有目标和动力。,1,高兴,0,时序性对话_merged.json,,,
A0243,slang_0_7_6e4e2f51,slang_000,被远方传来风笛搞到撑不下去了，真的好累,,7,绝望,1,梗数据集_hot_speech_synth.txt,,,
A0244,campus_14663_t2,campus_14663,可是我已经表达过我的不高兴了，她还是继续说。,"舍友总是打击我，说我是个垃圾，总是动不动说我矮？虽然她这些话就是当玩笑说出来的，但是对我而言就是人身攻击，平时我觉得我已经表现出我不高兴听到这些话了，她还是说，搞的我夜里失眠。
来，先为如此沮丧的你。在我看来，不管在什么情况下，出于什么样的意图，玩笑也好，普通对话也好，人身攻击总归是让当事人愤怒。只是有的人觉得我用玩笑的口吻说出来，你要生气了，就是开不起玩笑，就是太小气了。",1,高兴,0,时序性对话_campus/14663.json,,,
A0245,592226001,anon_0625,那我该怎么提高自己的自信呢？,那我该怎么提高自己的自信呢？,1,高兴,0,时序性对话_merged.json,,,
A0246,campus_15828_t8,campus_15828,确实，我也明白了。我应该为自己设立一些小目标，努力去实现它们，而不是一味地担心未来的事情。,"换新方向可能是你导师希望你能够有更好的突破，不要灰心。你可以先调整一下心态，将注意力集中在怎样完成开题报告上面，其他的事情也可以适当关注，但不应该成为重点。
我知道开题很重要，但是看到一些同龄人已经有了事业和家庭，我就觉得自己付出了那么多在读研上面，应该是要有些回报的。现在的压力就是怕自己理想与现实冲突太大。
你的思虑是可以理解的。然而，每个人的发展道路不尽相同，不必和别人比较。放下那些包袱，做能够做的，就业也是水到渠成的事情。你可以对自己有自信，相信你的能力。
但是我还是担心自己找不到理想的工作。
找工作的过程中，确定自己的目标很重要。可以先考虑你想从事的领域和职业方向，然后积极参加相关的培训、实习或推广活动，这样有助于你增加自己的竞争力。",0,中性,0,时序性对话_campus/15828.json,,,
A0247,slang_84_3_0bfc0a6b,slang_004,秋招碰壁，刷到逃吧挚爱更焦虑了,,3,悲伤,0,梗数据集_hot_speech_synth.txt,,,
A0248,slang_48_1_59cf4061,slang_048,和室友聊到张敏便利店，大家都笑疯了,,1,高兴,0,梗数据集_hot_speech_synth.txt,,,
A0249,415442002,anon_0764,我觉得这样的压力对我来说太大了。,谢谢你的理解，我也知道我妈妈经历了很大的打击，但我实在无法理解为什么她现在需要我承担所有的责任，包括家里的男性角色。我觉得这样的压力对我来说太大了。,7,绝望,1,时序性对话_merged.json,,,
A0250,cpcd_305be79653_s13_t35,cpcd_305be79653,嗯……可能吧。我只是觉得，他平时也不怎么说话，突然这样做，有点……不习惯。,"听起来，你正在努力为这个意外的行为寻找一个合理的解释，并且很自然地把它和自己最近的状态联系在了一起。这让我想到，我们之前讨论过的那种“读心术”的倾向——我们常常会假设自己知道别人行为背后的原因，尤其是当这些原因和我们对自己的看法有关时。

我很好奇，如果我们暂时放下“一定是因为我状态差”这个想法，你觉得还有没有其他可能的解释，哪怕听起来不那么确定？
嗯…其实，我第一反应就是觉得他可能只是出于礼貌。毕竟我们平时几乎不说话，他可能只是刚好有多余的水果，或者看到我最近没怎么去食堂。
听起来，当你说“他可能只是出于礼貌”时，这个解释让你感觉更轻松一些吗？
不完全是。我只是觉得……这样想比较合理。
听起来，你正在努力为这个行为寻找一个“合理”的解释，而“出于礼貌”这个解释，虽然让你觉得更符合逻辑，但似乎并没有让你感到更轻松或更温暖。我注意到，当面对他人的善意时，你好像更习惯用一种比较“冷”的、功能性的角度去理解它，而不是允许自己简单地接受这份关心。这让我想到我们之前谈过的，那种“我不值得被无条件关心”的信念，它是不是又在悄悄影响你呢？",3,悲伤,0,CPCD/conversation_5_consultation_events_张伟_547_张伟.json,,,
A0251,campus_1609_t0,campus_1609,我是一个高三女生，最近压力特别大，而且我发现自己容易胡思乱想，总是杞人忧天，这让我很烦。,,7,绝望,1,时序性对话_campus/1609.json,,,
A0252,520168001,anon_0487,可能是因为家庭和社会的教育吧，我一直认为性是一种隐私的事情，而且常常听到一些关于女性被侵犯的报道，所以会有一些恐惧和厌恶。,可能是因为家庭和社会的教育吧，我一直认为性是一种隐私的事情，而且常常听到一些关于女性被侵犯的报道，所以会有一些恐惧和厌恶。,6,厌恶,0,时序性对话_merged.json,,,
A0253,cpcd_305be79653_s15_t59,cpcd_305be79653,我……我不知道。脑子里全是乱的，脚底？感觉不到。,"我听到了，张伟。当你尝试给那个催促的声音贴上标签，却发现它不仅没有停下，反而让你感觉更累，好像又多了一个需要应付的“东西”时，我能深深地感受到那种挫败和额外的负担感。这确实很辛苦，就好像你本来就在努力灭火，现在还要分心去研究火苗的颜色，这感觉不仅没帮上忙，反而更耗神了。

我注意到，当你为“下一件事呢”这个念头贴上“计划模式又启动了”的标签后，你体验到“更累了”，这背后可能有一个很关键的想法：“觉察和命名这些念头，本身就是一个额外的、消耗精力的任务，它没有让压力减轻，反而增加了我的工作量。”这个想法非常真实，尤其是当你已经精疲力竭的时候，任何新动作都可能感觉像负担。

我想邀请你一起，轻轻地反思一下这个体验：有没有一种可能，我们尝试的“观察和命名”，目的并不是为了让那个催促的声音“停下来”——因为它可能像背景噪音一样，暂时不会消失——而是为了帮你**区分**开“你”和“你脑子里那个自动播放的催促声”？当你感觉到“更累了”，会不会是因为，在那一刻，你虽然给它贴了标签，但心里可能还在暗暗希望它“应该”因此消失，当它没有消失时，就产生了新的失望和费力感？

如果我们调整一下目标，不追求让声音停止，只做一个最简单的区分练习：在下一次，当“下一件事呢”的念头涌现时，我们尝试在心里，用最平静的语气（就像播报天气一样），说一句：“哦，这是那个‘计划模式’。”然后，允许这个声音继续存在，就像允许窗外有车流声一样，而你继续做你手头的事。你觉得，把目标从“控制念头”降低到“识别并允许念头存在”，这样尝试一次，感受上会有什么不同吗？
老师，我试过了。我对自己说“这是计划模式”，可它根本停不下来。那个声音还在催我，然后我又开始想，是不是我贴标签的方式不对，是不是我还不够努力去观察它。结果脑子里更乱了，像是有两个我在打架，一个在催，一个在拼命想按住它。最后我只觉得更累，更烦。
我听到了，张伟。当你尝试去观察和命名那个催促的声音，结果却感觉脑子里更乱了，像有两个自己在打架，一个在催，一个在拼命想按住它，最后只让你感到更累更烦——这确实非常挫败，也完全能理解。你不仅没有感到轻松，反而好像给自己增加了一场新的、更耗神的内在战争。

我注意到，当你给念头贴标签时，心里可能悄悄地多了一个期望：“这个声音应该因此停下来”，或者“我应该能控制住它”。当它没有停下，你可能会觉得是自己“做得不对”或“不够努力”，于是那个原本就在催促你的声音，现在又多了一个评判你的声音，这确实会让内心更加混乱和疲惫。

我想邀请你一起，轻轻地反思一下这个体验：我们练习“观察念头”的初衷，或许不是为了“控制”或“消除”它们——就像我们无法让马路上的车流声立刻消失一样——而是为了帮助我们在内心嘈杂的时候，能慢慢学会“听见车流声，但依然可以坐在房间里做自己的事”。当你感觉“两个我在打架”时，这恰恰说明，那个“想按住它”的部分，其实也消耗了你巨大的能量。

如果我们尝试一个更根本的调整：**下一次，当“下一件事呢”的念头涌现时，我们不试图去标签它、控制它，甚至不要求自己“观察”它，只是简单地注意到：“啊，我的大脑又开始自动播放那个熟悉的催促频道了。”然后，试着把注意力轻轻地转移到你的手正在做的事情上——比如，感受一下手指触碰手机屏幕的质感，或者键盘的触感——哪怕只转移一两秒钟。** 我们不要求念头停止，只练习“把注意力带回到手头的动作上”这个最简单的动作。你觉得，从这个更微小、更不费力的“注意力转移”开始尝试一次，感受上会不会有些不同？
嗯……我试试看吧。但说实话，老师，我现在连“手头的事”是什么都分不清了。上课的时候我在想兼职的排班，兼职的时候又在担心下周的考试，脑子里全是这些。就算想转移注意力，我也不知道该转到哪里去。
我听到了，张伟。当你说“连手头的事是什么都分不清了”，上课时想着兼职，兼职时又担心考试，感觉注意力完全被撕扯成碎片，根本找不到一个可以安放的地方——这种持续不断的“精神多任务”状态，确实会让人精疲力竭，好像大脑永远没有关机的时候。

我注意到，你提到“就算想转移注意力，我也不知道该转到哪里去”，这背后似乎有一个很自然的想法：“我的注意力已经被各种担忧完全占满了，没有一丝多余的空间，所以‘转移注意力’这个动作本身都变得不可能。”这个想法让你感觉被困住了，好像连尝试都很无力。

我想邀请你一起，轻轻地反思一下这个感觉：当我们的大脑被很多个频道同时播放时，“转移注意力”听起来像是一个很大的、需要“找到新地方”的动作。如果我们不把它看作“转移”，而是看作一个极其微小的“聚焦”呢？

基于这个想法，我很好奇：如果我们尝试一个最微小的实验——**就在接下来的几分钟里，当你感觉到脑子里好几个念头在打架时，你能不能只是去留意一下，此刻你的脚底正踩着地面？** 不用想太久，就感觉一下脚底和鞋底接触的那个感觉，是硬的、软的？是暖的、还是凉的？我们只是把注意力，轻轻地“放”在身体的一个最基础的感觉上，哪怕只有两秒钟。你觉得，从这个几乎不费力的身体感觉开始，会感觉可行一些吗？",5,恐惧,0,CPCD/conversation_5_consultation_events_张伟_439_张伟.json,,,
A0254,slang_177_3_a5d465d7,slang_017,期末周还遇到快住手，这根本就不是二创，心态崩了,,3,悲伤,0,梗数据集_hot_speech_synth.txt,,,
A0255,campus_15288_t0,campus_15288,高考将至，我却越来越无心学习，我..该怎么办T﹏T我是来自福建的一名高三学生，尝尽世间百态，曾经也几度想过离开世界，或是隐居山林。但仔细想想，我不想放弃生存的权利，我想做点什么想做的事，就算为了自己也要不枉此生！就在高三，我找到了真正想做的事，去剧组工作。(理想成为导演，创作有意义的故事，虽然..这很远)求助者：我就感觉有种莫名的向往，但封建思想根深蒂固的家庭不理解我，天天和他们吵吵吵，无心学习，虽然考到一中读高中却连本科线都上不去TAT，离高考就差两百多天了，高中前两年很叛逆又太懈怠导致我基础又特别差，每次爬到山顶思考人生立志，回来却都是三分钟热度，可我梦想中的大学，山西传媒学院，却还要高出本科线四十分，导演系还需要参加传媒类艺考，但爸妈不支持，家里经济条件也不允许我去机构培训，做人真的好难……,,0,中性,0,时序性对话_campus/15288.json,,,
A0256,campus_13287_t2,campus_13287,是的，我非常讨厌这种恶性循环，但是我不知道该怎么逃出来。,"为什么人际交往中这样的问题会重复发生，该怎么解决？
你经历了很多不愉快的事情，心里一定很难受。首先，你需要记住，这些问题的发生并不全是你的错。你遭受了欺凌和不公正对待，这真的很让人心痛。但是，我们可以找一些方法来解决这些问题。",6,厌恶,0,时序性对话_campus/13287.json,,,
A0257,cpcd_d1c5b146b5_s13_t27,cpcd_d1c5b146b5,是的。它就像……一个判决。我所有的努力，从开学到现在，好像都只是为了证明这个结论。,"听起来那个“我不行了”的念头，让你感到非常绝望。能和我多说说，当这个想法出现时，你身体上具体是什么感觉吗？
就是……动不了。明明知道论文就在那里，一个字都没写，但手就是抬不起来。心脏跳得特别快，好像要从喉咙里跳出来，眼前发黑，什么都看不进去。
嗯，我能感受到你当时那种身体完全僵住、动弹不得的感觉。当心脏跳得那么快，眼前发黑，而那个“我不行了”的念头又紧紧抓住你的时候，那种绝望一定非常真实。
我这次是真的不行了。
我听到你反复说“这次是真的不行了”，这背后承载的绝望和恐惧，我能真切地感受到。当身体僵住、心跳失控，而那个“未来无法胜任”的声音又如此强烈时，那种被淹没的感觉一定非常真实，也非常痛苦。

我想和你一起稍微停一下，看看这个“我真的不行了”的念头。它出现的时候，是不是更像一个非常确定的、关于你整个人和整个未来的结论？",5,恐惧,0,CPCD/conversation_9_consultation_events_张悦_390_张悦.json,,,
A0258,cpcd_414d6625ac_s15_t41,cpcd_414d6625ac,老师他……确实不是那种会说客套话的人。上学期我交了一篇很敷衍的作业，他直接批注“请重写”，连个句号都没多打。可是……“珍贵的思考”……这太抽象了。也许他只是觉得我写得虽然不好，但态度很拼命？或者他看到我之前的挣扎，出于同情才这么写？我不知道。,"我感受到了你的挣扎，当“结构松散”这个具体的、有后果的评价，和“珍贵的思考”这个抽象的肯定放在一起时，那种“好的抓不住，坏的却无比沉重”的感觉，确实会让人感到非常无力。

我注意到，你刚才描述了一个很清晰的思维习惯：“把最坏的部分放大，然后好的部分就变得轻飘飘的，抓不住。” 这在认知疗法里，我们称之为“心理滤除”或“贬损积极面”——就像戴上了一副特殊的眼镜，自动过滤掉所有积极的信息，只留下那些消极的部分来定义整个事件。

我想邀请你一起做个小小的实验：如果我们暂时把“结构松散”和“珍贵的思考”这两句话，想象成放在天平两端的砝码。现在，请你试着在心里，把“珍贵的思考”这个砝码的重量，想象成它对你个人而言真正的分量——它代表着你内心最想守护的东西，被一位重要的导师看见了。当你这样去感受它的重量时，天平的平衡会发生一点点变化吗？
……老师，我试了。但那个“珍贵的思考”……它好像不是砝码，更像是一缕烟。我能感觉到它存在，甚至能闻到一点味道，可我一伸手想去抓住它，它就散了。而“结构松散”……它是一块沉甸甸的石头，就压在我胸口。我知道您说的道理，但我的感觉……好像和道理是反着来的。
我感受到了你那种“道理都懂，但感觉却反着来”的强烈拉扯。当“珍贵的思考”像一缕烟一样抓不住，而“结构松散”却像石头一样压在胸口时，那种感觉确实比任何道理都更真实、更沉重。

我注意到，你刚才的描述里，有一个很关键的信念在运作：你把“感觉”当作了衡量真实性的唯一标准。好像因为“结构松散”带来的沉重感是那么真切，所以它就代表了全部真相；而“珍贵的思考”因为感觉上抓不住、很抽象，所以它的价值就被消解了。这其实是一种很常见的认知扭曲，我们称之为“情绪推理”——“我感觉它是这样，所以它事实就是如此。”

我想邀请你一起，暂时不跟这个“感觉”对抗，而是像观察天气一样观察它。我们能不能试着问自己一个问题：如果“珍贵的思考”真的只是一缕烟，那么，导师为什么会特意把它写下来，并且称之为“最珍贵的”？一个经验丰富的老师，会为了一缕抓不住的烟，专门写下这样一句评语吗？
老师……您说得对。其实我看到那句话的时候，心脏跳得特别快。但紧接着我就开始想，这会不会只是客套话？或者……他只是觉得我可怜？毕竟我交上去的论文那么……不专业。
我感受到了你那种心跳加速后，又立刻开始怀疑、贬低那份肯定的复杂心情。当“珍贵的思考”带来的激动，迅速被“这只是客套或可怜我”的念头覆盖时，那种从高处跌落的感觉，确实很不好受。

我注意到，这里有一个我们之前也遇到过的思维模式在起作用：你似乎很难允许自己接受纯粹的肯定，好像任何积极的评价，都必须立刻找到一个“但是”或“真实的理由”去抵消它，比如“他只是客套”或“觉得我可怜”。这在认知上，我们称之为“否定正面信息”或“打折”，它让你无法稳稳地接住那份认可。

我想邀请你一起，暂时不急着给导师的评语下结论。我们能不能像侦探一样，只是客观地看看“证据”？导师的评语白纸黑字写着“能看到你真实的思考，这是最珍贵的”。根据你对这位导师的了解，他是一个会出于“客套”或“可怜”而写下这种具体评价的人吗？还是说，他更可能是在表达一种基于专业判断的、真实的观察？",5,恐惧,0,CPCD/conversation_2_consultation_events_张思雨_508_张思雨.json,,,
A0259,cpcd_305be79653_s15_t9,cpcd_305be79653,交卷之后……我坐在那里，感觉整个人都被抽空了。那些公式、那些解题步骤，明明前几天还在脑子里反复过，可考场上就是一片空白。走出考场的时候，手都是抖的。,"嗯，听起来这次考试让你感到很挫败。你愿意多说说当时在考场上的感受吗？
我什么都想不起来。卷子上的字我都认识，但就是一片空白。
听起来那确实很让人沮丧。能多描述一下当时你身体和情绪上的感觉吗？
就是一片空白。坐在那里，看着卷子上的字，它们好像都认识我，但我一个都想不起来。手一直在抖，手心全是冷汗。交卷之后，感觉整个人都空了，好像之前所有的熬夜、所有的努力，都变得特别可笑。
嗯，听起来这次考试的经历让你感到非常无力和挫败。你愿意多说说交卷之后，那种“空了”的感觉具体是怎样的吗？",5,恐惧,0,CPCD/conversation_5_consultation_events_张伟_379_张伟.json,,,
A0260,slang_187_7_4d9de164,slang_027,被我与曹贼何异搞到撑不下去了，真的好累,,7,绝望,1,梗数据集_hot_speech_synth.txt,,,
A0261,24827001,anon_0232,讨厌集体生活，感觉没个人空间，被吵得一个头两个大。,讨厌集体生活，感觉没个人空间，被吵得一个头两个大。,6,厌恶,0,时序性对话_merged.json,,,
A0262,slang_51_7_fa191aaf,slang_051,被日本生可乐搞到撑不下去了，真的好累,,7,绝望,1,梗数据集_hot_speech_synth.txt,,,
A0263,cpcd_e651f42633_s1_t55,cpcd_e651f42633,嗯……您说得对。我确实觉得如果够聪明，就应该能立刻找到解题思路。现在每次翻开作业本，看着那些公式和电路图，脑子里一片空白，这种感觉特别糟糕。,"我听到你心里那个“跟不上进度就说明不适合”的想法，它让你感到非常挫败，好像过去的努力和选择都被否定了，这种感受一定很沉重。

我注意到，你心里似乎有一个很核心的信念：“学习必须像高中那样，每一步都清晰可控，否则就意味着我选错了路，或者能力不够”。这个信念像一把很严格的尺子，在衡量你现在遇到的每一个困难。

我想邀请你一起轻轻地问自己：这把“高中式学习”的尺子，是不是完全适合用来丈量大学这片更广阔、更需要探索的学习田野呢？当我们在新环境里第一次迷路时，这能不能只说明我们正在适应新地图，而不一定代表我们走错了方向？

我们可以尝试一个小的认知实验：如果暂时放下“必须一步不错”的想法，允许自己有几节课“没完全跟上”，把它看作是探索新学习方法的必经阶段，而不是灾难性的失败——你猜，那种“脑子一片空白”的感觉，可能会发生一点点什么样的变化？

这只是我们调整视角的开始，下次我们可以一起具体聊聊，当作业题看不懂时，除了盯着它，我们身体和行动上可以尝试的第一个微小步骤是什么。
老师，我其实一直觉得只要够努力就能跟上。但现在我连作业题目都看不懂，坐在图书馆一晚上也写不出几行。是不是我根本就没这个天赋？
我听到你开始怀疑自己是不是“根本没这个天赋”，这种从“努力就能跟上”到“怀疑天赋”的转变，一定让你感到更加无助和失望。

我注意到，你心里似乎有一个很核心的信念：“如果努力了却还是看不懂，那就证明我没有天赋，不适合学这个”。这个想法像一块很重的石头，压在你每一次尝试的开始。

我想邀请你一起轻轻反思一下：我们是不是把“暂时看不懂”和“没有天赋”这两件事，太快地画上了等号？就像一个人第一次学游泳，在水里扑腾了几下没浮起来，这能直接证明他“没有游泳天赋”吗？还是说，这只是说明他需要一点时间，去找到适合自己的换气方法和节奏？

如果我们暂时把“天赋”这个很重的词放在一边，只是允许自己“暂时看不懂”，把它看作是一个需要被解决的具体技术问题，而不是对你整个人的否定——你觉得，那种坐在图书馆里的感觉，可能会有一点点什么样的不同？
老师，您说得对。我确实觉得，如果努力了还不行，那可能就是我不够聪明。但您这个游泳的比喻……好像有点道理。我高中时数学物理也遇到过坎，多刷几遍题好像也能慢慢懂。可现在，我连该刷什么题都不知道，感觉完全找不到方向。
我听到你开始把“努力了还不行”和“不够聪明”联系起来，这种自我怀疑确实很消耗心力。但你也提到了高中时“多刷几遍题好像也能慢慢懂”，这让我想到，你心里是不是有一个信念：“真正的聪明，应该是一下子就能找到方向，如果找不到，就说明我不够格”？

如果我们暂时放下这个关于“聪明”的评判，只是承认“我现在确实还没找到刷题的方向”，把它看作一个需要探索的具体问题，而不是对你能力的最终判决——你觉得，那种在图书馆里茫然的感觉，可能会发生一点什么样的变化呢？",5,恐惧,0,CPCD/conversation_1_consultation_events_张明_181_张明.json,,,
A0264,campus_13992_t0,campus_13992,大一女，在宿舍被孤立了，真的很生气，该怎么办？由一堆堆小事组成的吧。,,4,愤怒,0,时序性对话_campus/13992.json,,,
A0265,slang_88_1_d406c498,slang_008,今天终于哦嗨哟学妹了，心情一下子好起来,,1,高兴,0,梗数据集_hot_speech_synth.txt,,,
A0266,cpcd_305be79653_s5_t5,cpcd_305be79653,就是...觉得特别遥远。学长说的那些项目、技术名词，我好像都听过，但又完全不懂。他看起来那么自信，而我连数字电路的小测验都不及格。,"你好，张伟。距离上次见面过了一周，这一周过得怎么样？
老师好。这一周……就那样吧。学院开了个分享会，听学长讲他的经历。
嗯，听起来你参加了分享会。愿意和我多聊聊学长具体分享了什么经历吗？
就是讲他怎么从大二开始做项目，拿了几个奖，然后面试的时候怎么和面试官聊技术细节。他说话的时候特别自信，好像那些东西都很简单一样。
嗯，听起来学长分享的经历让你印象深刻。能多说说你当时听的时候，心里具体是什么感受吗？",5,恐惧,0,CPCD/conversation_4_consultation_events_张伟_153_张伟.json,,,
A0267,316768001,anon_0197,前不久又有一个相亲对象，聊了半个月，也来过我家，之后第二次来我家，趁我不注意，强吻，让我非常生气，情绪一下就爆发了，把他斥责了几句，我的初吻就这么没了。,前不久又有一个相亲对象，聊了半个月，也来过我家，之后第二次来我家，趁我不注意，强吻，让我非常生气，情绪一下就爆发了，把他斥责了几句，我的初吻就这么没了。,4,愤怒,0,时序性对话_merged.json,,,
A0268,520168001,anon_0487,可能是因为家庭和社会的教育吧，我一直认为性是一种隐私的事情，而且常常听到一些关于女性被侵犯的报道，所以会有一些恐惧和厌恶。,可能是因为家庭和社会的教育吧，我一直认为性是一种隐私的事情，而且常常听到一些关于女性被侵犯的报道，所以会有一些恐惧和厌恶。,6,厌恶,0,时序性对话_merged.json,,,
A0269,fixed_10,slang_fixed_010,网课挂机被点名，社死,,2,惊讶,0,campus_hot_speech_fixed.txt,,,
A0270,slang_112_1_39f2ba61,slang_032,朋友用刘青松圣经逗我，整个人都轻松了,,1,高兴,0,梗数据集_hot_speech_synth.txt,,,
A0271,478791011,anon_0016,互联网给我们带来了很多便利，让我们能够轻松地看到更多人的励志故事和人生经验，同时也是我们自我成长的一个催化剂。,我经常看到那些光鲜亮丽的人生和我截然不同的人生经历，心生羡慕是正常的。但是那些人对我是否是合适的榜样呢？每个人的起点不同，家庭背景也不同，要求自己短时间内变得像那些令人瞩目的人那样，挑战是很大的，而且有可能失败。因为有些人的成功是无法被复制的，他们的成功可能与所处的时代、资源、人脉以及个人才能等因素有关。我们可能会看到一些人通过跳舞、唱歌、直播卖货而迅速走红，拥有无数的粉丝和广告。而那些成功人士的励志故事让我们着实热血沸腾，但是如果让我们自己去尝试，可能一段时间过去了，却没有任何人关注或收益，你还会继续做下去吗？成功之前的煎熬、努力和坚持，很多人未必能够坚持下来。你现在是26岁，你希望接下来的人生是什么样的呢？如果你想达到这个大目标，你打算如何分解计划，有没有3年或者5年的安排？每天你计划做什么事情呢？互联网给我们带来了很多便利，让我们能够轻松地看到更多人的励志故事和人生经验，同时也是我们自我成长的一个催化剂。我们可以通过网络来学习，展示自己的才能，并且实现变现。,0,中性,0,时序性对话_merged.json,,,
A0272,campus_16709_t6,campus_16709,我意识到自己缺乏自信，对于自己的能力和表现一直不够自信。,"我觉得你其实对自己有个还是比较了解的，关于心理方面的知识也很多。听到你说这些以后，我的感觉就是特别理解你，我自己也有抑郁，我也不喜欢和别人太多接触。我也希望自己很完美，很有能力。
谢谢你的理解，有时候自己觉得很孤独，没有人能真正理解我内心的困扰。
我完全明白你的感受，也知道孤独和困扰是什么感觉。但是你不要忘记，你并不孤单，我们可以在这里互相支持、倾诉。
嗯，你说得对。我想我需要找到一种适合我的方式来面对压力和困扰。
是的，每个人面对困境的方式都不同，我们都需要尝试找到适合自己的解决方法。只有找到适合你的方式，你才能更好地调节情绪和面对压力。",1,高兴,0,时序性对话_campus/16709.json,,,
A0273,cpcd_305be79653_s15_t3,cpcd_305be79653,老师，说实话，我到现在还有点懵。市场营销策划案……我以为最多就是个及格分，没想到老师给了那么好的评语。还有高数，我补考前觉得自己肯定过不了，结果居然过了。,"你好，张伟。距离上次见面过了一周，这一周过得怎么样？
老师好。这一周…有点不太真实。我的期末成绩都出来了。
嗯，听起来这一周对你来说有些特别。你愿意和我具体说说，成绩出来后发生了什么吗？",2,惊讶,0,CPCD/conversation_7_consultation_events_张伟_889_张伟.json,,,
A0274,cpcd_305be79653_s1_t57,cpcd_305be79653,是的，老师您说得对。我确实觉得那些图表特别难懂，每次看到微观经济学里的供给需求曲线，我就觉得头大。横轴和纵轴我大概知道是数量和价格，但一放到实际例子里我就完全糊涂了。,"听起来，当你看到同学们在讨论更深的内容，而自己还在为基本概念困扰时，那种“只有我被落下”的感觉一定让你很孤单。我注意到，你心里似乎有一个很牢固的信念：“如果我现在还在问基础，就证明我从一开始就落后了，永远也追不上别人的进度。”这种想法，会不会让你在还没开始尝试时，就已经感到气馁了呢？

我们能不能一起想一想，学习更像是一场和自己的赛跑，而不是和他人的比较。对你来说，现在把基础概念弄扎实，是不是恰恰为以后理解那些“更深的东西”铺平了最重要的一段路呢？
老师，您说得对。我确实总在担心自己比别人慢。但每次翻开书，看到那些公式和图表，我就觉得……可能我真的不适合学这个。
我听到你又回到了这个想法——“可能我真的不适合学这个”。当那些公式和图表让你感到如此陌生和困难时，这种怀疑自己的感觉一定非常强烈，也很让人疲惫。

我注意到，这个“我不适合”的念头似乎总是在你学习遇到阻碍时出现，它像是一个自动跳出来的结论，让你把眼前的困难解读成自己能力或天赋的根本问题。我们能不能一起暂停一下，看看这个想法：它是不是把“现在遇到困难”和“我永远都学不好”这两个不同的事情直接划上了等号？

如果暂时把这个“不适合”的标签放在一边，我们能不能具体看看，当你觉得“不适合”的时候，是哪个具体的学习环节让你卡住了？比如，是某个公式的推导逻辑，还是图表和文字描述的对应关系？
嗯……就是那些图表，我完全看不懂它们在说什么。书上讲需求和供给曲线，但我连坐标轴代表什么都搞不清楚。每次翻开课本，看到满页的数学符号和曲线，我就觉得头大。
听起来，当那些图表和符号让你感到完全陌生，甚至有些抗拒时，那种“头大”的感觉一定非常真实，也很消耗你的精力。我注意到，你心里似乎有一个很牢固的信念：“我连坐标轴都搞不清楚，这说明我根本理解不了这门课的核心内容。”这种想法，会不会在你还没开始深入探索时，就提前给学习判了“死刑”呢？

我们能不能一起想一想，如果把“完全看不懂”这个判断先放一放，尝试从最基础的坐标轴开始，就像拼图的第一块，看看能不能先搞清楚横轴和纵轴分别代表什么？这或许能帮你把那个庞大的“天书”，拆解成一个可以着手的小步骤。",5,恐惧,0,CPCD/conversation_4_consultation_events_张伟_269_张伟.json,,,
A0275,slang_24_0_b0d417d8,slang_024,网上全是奶嗝文学，感觉信息过载,,0,中性,0,梗数据集_hot_speech_synth.txt,,,
A0276,campus_14803_t2,campus_14803,我不知道该怎么开口说，我怕她们会反感我。,"我现在真的很苦恼，我的合租室友总是打乱我的生活节奏。我说我想早上自己出去散步，她们却要跟我一起去，我说我想吃减肥食品，她们也要和我一起吃。不仅如此，她们还随意进出我的房间，让我感到很不舒服。
我明白你的感受，这确实会让人感到很不舒服。你需要了解到，她们可能并没有想要冒犯你，只是不知道自己的行为会让你不舒服。我们需要诚实地表达出我们的感受，这样才能让别人明白我们的想法。我建议你和她们谈谈，告诉她们你的想法，然后看看能不能妥协。",6,厌恶,0,时序性对话_campus/14803.json,,,
A0277,cpcd_d1c5b146b5_s1_t19,cpcd_d1c5b146b5,嗯……其实也不完全是选错专业的问题。我只是没想到会这么难。妈妈一直说心理学是文科，背背书就能学好，可这些统计公式……我昨晚对着课本看了三个小时，还是没弄明白那些符号代表什么。,"嗯，心里空落落的感觉确实很不好受。能再多说说，这种“跟不上”的感觉是从什么时候开始的吗？
就是这周开始的。上统计课的时候，老师讲的那些公式和概念，我好像怎么都理解不了。周围同学都在点头，只有我一个人完全懵了。
嗯，听起来这周统计课上的体验让你感到特别困惑和不安。能再多说说当你发现自己跟不上时，心里最先浮现的是什么念头吗？
我...我当时就在想，我是不是选错专业了。
听起来，当你在课堂上感到跟不上时，那种“我是不是选错专业了”的念头一下子就冒出来了，这让你心里空落落的，对吗？",2,惊讶,0,CPCD/conversation_10_consultation_events_张悦_766_张悦.json,,,
A0278,slang_79_1_af2a8415,slang_079,小组作业做完，晚上靠刘德华为什么很少演反派快乐一下,,1,高兴,0,梗数据集_hot_speech_synth.txt,,,
A0279,329161003,anon_0732,我觉得这可能是由于童年时被男同学讨厌和反感的影响，还有一部分原因是小时候父亲去世，导致我对自己特别自卑，不敢爱他或者表达自己时都不流畅。,你好，我是一个22岁的女生。我发现自己在谈恋爱时容易产生安全感不足的问题。我觉得这可能是由于童年时被男同学讨厌和反感的影响，还有一部分原因是小时候父亲去世，导致我对自己特别自卑，不敢爱他或者表达自己时都不流畅。因此，我对自己产生了不敢爱的心理，对于有好感或喜欢的男生也会特别敏感。最近我交了一个男朋友，虽然对他没有特别的喜欢，但也有一些好感。每天晚上九点他都会找我聊天，可今天他没理我，我就立刻感到不安，心里烦躁得想掉眼泪，转移注意力也感到不舒服，最后还是给他打了电话，结果才知道他感冒了，已经睡着了。我不知道为什么，一陷入两性关系，有时候认识一个星期的男孩子，如果他不理我，我就能难过一整天，感到特别伤心。只要涉及到感情，我就感到自己无能为力。我觉得这样特别不好，但却不知道怎样控制自己，我很讨厌这种感情上的矫情。请问你能分析出什么方法吗？,6,厌恶,0,时序性对话_merged.json,,,
A0280,campus_16828_t0,campus_16828,为什么我如此地憎恨、厌恶、恶心我自己？,,6,厌恶,0,时序性对话_campus/16828.json,,,
A0281,campus_15343_t4,campus_15343,谢谢你的建议。我会尝试放松身心的方法，同时向老师和同学请教学习技巧。我也会多做练习题，增加对数学题目的熟悉度和信心。我知道改变是一个长期的过程，我会耐心面对，相信自己可以克服焦虑，取得好成绩的！,"初二生，最近一次考试，为什么我的心思不在大题上？一直以来，在考自己觉得有利的科目时，答卷时间比大部分同学短。可在考数学之类的科目，注意力总是不在答题上，反而特别关注同学的翻卷声，如果发现自己跟不上节奏，就会焦虑，导致成绩一直突破不了。这是不是某种逃避行为，我该怎么办？
亲，听你描述的情况，你是说最近一次考试心思不在答题上，而且在自己觉得有利的科目时答题时间比其他同学短，但在考数学等科目时，注意力却总是不在答题上，反而特别关注同学的翻卷声。如果这种情况只是个别出现，你不必太担心，下一次考试可以尽量放松自然地去应对，不要太过关注自己的这种反应，顺其自然即可。但如果这种情况反复出现过几次，可能是因为你在数学这科目上不太擅长，看到同学们答题很快会引起一些焦虑，在内心深处感到紧张和担忧，担心自己考不好。这种情况可能是一种无意识的逃避感，怕自己尽力了却无法取得好成绩。当出现这种情况时，我们要尽量放松心态，不要过于关注内心的感受，在考试时告诉自己专注于答题就可以了。我们可以通过多次顺利的考试，以及课堂上针对某些题型的专攻，逐步提高考试的分数和正确率，一步一步来，不要急于求成。
你说的对，我确实在数学这科目上不太擅长。每次考试前我都会感到紧张，尽管努力复习，但还是无法克制焦虑情绪，这让我很困扰。我希望能够改善这种情况，有什么好的方法吗？
我理解你的困扰。在面对数学这科目时，紧张和焦虑情绪可能会影响你的发挥。有几个方法可以帮助你改善这种情况。首先，你可以尝试一些放松身心的方法，比如深呼吸、冥想或者瑜伽等。这些练习可以帮助你平复焦虑情绪，提高专注力。另外，你也可以与老师或同学沟通，寻求他们的帮助和指导。他们可能会提供一些学习技巧或解题方法，帮助你更好地理解和掌握数学知识。还有，在考试前做一些模拟考试或练习题，逐渐增加对数学题目的熟悉度和信心。记住，改变是一个渐进的过程，不要太过苛求自己，慢慢来，相信你可以逐渐克服焦虑，取得好成绩。",0,中性,0,时序性对话_campus/15343.json,,,
A0282,cpcd_305be79653_s2_t45,cpcd_305be79653,嗯……其实这周我试着按上次说的，记笔记只记重点了。有一节电路课，老师讲得特别快，但我没像以前那样拼命想把每个字都记下来，就只写了几个关键的公式和例题。下课的时候，居然能看懂自己写的东西了。,"听起来，你这一周在课堂上努力调整笔记方法，确实感受到了一些变化，这很不容易。但回到宿舍，那种“听不懂、插不上话”的感觉依然让你感到孤立，甚至让你担心提问会显得自己“笨”，这种矛盾一定让你很困扰。

我注意到，当你面对陌生的宿舍话题时，心里可能会快速闪过一个念头：“如果我问了，别人会觉得我很笨、很奇怪。”这种想法听起来像是一个预判——好像“不知道”就等于“会被评价”。你觉得，这种担心会不会把“一次提问”和“别人对你整个人的看法”过度联系起来了呢？

我们可以试着一起想一想：当别人聊到一个你不熟悉的话题时，除了担心被评价，有没有可能对方其实并没有你想的那么在意？或者，他们也许只是分享自己感兴趣的东西，并不是在考验谁懂得更多？

或许我们可以探索一个小小的尝试：下次再遇到这种情况，如果你感到好奇，能不能先试着问一个最简单的问题，比如“你刚才提到的那个东西，我挺感兴趣的，能再稍微解释一下吗？”——从这样一个小问题开始，你觉得自己可能会有什么不一样的体验？

你已经在课堂笔记上迈出了改变的步伐，这证明了你的努力和勇气。社交中的适应也需要时间，允许自己慢慢来。下一次，我们可以继续聊聊，当你试着用这种更轻松的心态去面对宿舍聊天时，感受会不会有些不同？
嗯…其实我试了您上次说的笔记方法，上课的时候确实感觉轻松了一点。但一回到宿舍，看到他们聊得那么开心，我就又不知道该说什么了。您说得对，我确实很怕问出来显得自己什么都不懂。他们会不会觉得我连这个都不知道，很没见识？
听起来，你不仅在课堂上努力适应，回到宿舍还要面对那种“插不上话”的尴尬，这种两边拉扯的感觉一定很累人。我注意到，当你担心提问会显得“没见识”时，心里好像有个声音在说：“如果我问了，别人就会觉得我懂得少，从而看不起我。”你觉得，这种担心会不会把“一次提问”和“别人对你整个人的评价”过度绑在一起了呢？
嗯……可能吧。但我就是觉得，他们聊的那些东西，我连听都没听过，问了也只会显得我很无知。而且，上学期数学和电路课我就已经跟不上了，现在连宿舍里的话题都参与不进去，感觉我好像真的什么都不行。
我听到你刚才说，上学期在数学和电路课上已经感到吃力，现在又觉得连宿舍里的话题都参与不进去，这种“好像什么都不行”的感觉，一定让你非常沮丧和无力。

我注意到，当你把课堂上的困难和宿舍里的沉默放在一起时，心里可能会形成一个很强烈的念头：“我在学习上跟不上，在社交上也融不进去，这说明我这个人可能真的什么都不行。”听起来，这个想法把几件不同的事情，都归结到了一个关于你个人能力的、很绝对的结论上。

我们可以一起想一想：把“暂时跟不上某些课程”和“暂时不了解某些话题”，直接等同于“我这个人什么都不行”，这种联系会不会过于严厉和绝对了？它有没有可能忽略了你已经做出的努力，比如这周在笔记方法上的尝试和感受到的那一点轻松？

或许我们可以试着做一个小的区分：当“我什么都不行”这个念头出现时，能不能先停一下，问问自己：“这是不是我把几件不同的事混在一起，然后给自己贴的一个整体标签？有没有哪件事，哪怕是很小的一件，是我最近做得还不错的？”

你愿意和我分享一下，除了感到困难的部分，这周有没有哪一个很小的时刻，让你觉得“嗯，这里我好像处理得还行”？",2,惊讶,0,CPCD/conversation_7_consultation_events_张伟_853_张伟.json,,,
A0283,24827001,anon_0232,讨厌集体生活，感觉没个人空间，被吵得一个头两个大。,讨厌集体生活，感觉没个人空间，被吵得一个头两个大。,6,厌恶,0,时序性对话_merged.json,,,
A0284,campus_10954_t4,campus_10954,可是我的舍友却对我非常生气，觉得我是在背后说坏话。,"大学刚入校，作为学委说了两个舍友，结果被骂了？刚入大学，可能和舍友不太熟。老师在开班委会的时候，问有没有哪些同学最近玩的比较多啊，然后我根据他们之前就说了我的两个舍友。在班委会以后有班委把话传到了他们耳中，之后有一位骂完以后就选择了“原谅”，另一位不饶人的骂了一晚上。可能确实是我也跟老师说我不玩游戏，结果舍友就以我其实也玩游戏凭什么说我们一直攻击我说我双标。最后还以我的道歉为结尾收场。我作为学委真的做错了吗？我是过来交朋友的，不是过来吵架的，不知道大学以后的生活该怎么过了，求解决办法55555
被舍友责骂，你感到很委屈无奈吧。
是的，我觉得自己很无辜，不知道是不是自己做错了什么事情。
老师向你们了解班上同学的情况，你向老师汇报了两个舍友的情况。作为学委，按老师的要求来汇报实际情况，这本没有错。",4,愤怒,0,时序性对话_campus/10954.json,,,
A0285,campus_13638_t0,campus_13638,家里希望都在我身上，压力大，对未来感到迷茫无助？,,7,绝望,1,时序性对话_campus/13638.json,,,
A0286,cpcd_d1c5b146b5_s14_t5,cpcd_d1c5b146b5,嗯...就是辅导员问我最近是不是太累了，需不需要帮忙。我说没事，只是没吃早饭。,"你好，张悦。距离上次见面过了一周，这一周过得怎么样？
老师好。这一周……就那样吧。
嗯，听起来这一周过得不太容易。能和我具体说说发生了什么吗？
就是…没什么特别的事。就是辅导员找我聊了聊，问我最近怎么样。
嗯，听起来辅导员找你聊了聊。能和我具体说说这次谈话的情况吗？",3,悲伤,0,CPCD/conversation_10_consultation_events_张悦_910_张悦.json,,,
A0287,497872001,anon_0168,是的，我真的好痛苦，每天都感觉心都被掏空了，想念他的声音和微笑，我该怎么办呢？,是的，我真的好痛苦，每天都感觉心都被掏空了，想念他的声音和微笑，我该怎么办呢？,7,绝望,1,时序性对话_merged.json,,,
A0288,campus_14386_t0,campus_14386,男朋友爱炫耀，触碰到我的厌恶点了，想分了，怎么办？,,6,厌恶,0,时序性对话_campus/14386.json,,,
A0289,slang_67_1_e96681da,slang_067,朋友用中国大力王秀才逗我，整个人都轻松了,,1,高兴,0,梗数据集_hot_speech_synth.txt,,,
A0290,slang_44_1_db217efc,slang_044,刷到S属性爆发笑出猪叫，明天考试也不慌了,,1,高兴,0,梗数据集_hot_speech_synth.txt,,,
A0291,campus_10246_t6,campus_10246,每天我的精神状态都很差，想逃课，但是又害怕惹老师生气，怕期末成绩不及格。今天我发烧了，很胆战心惊地向老师请假，他说我已经缺了太多课了，要我去教务处。我真的不知道该怎么办了，在群里@他也不理我，我感到很难过。,"你可以通过自己的能力考上985院校，说明自己的基础还是很扎实的，只是自己刚好和老师的教学目标有了一定的偏差，导致彼此之间的沟通不是很愉快。首先我们不要过度解读老师的意思，比如他刚开始上课的时候，我们由于没有确定自己的风格，一直没有动笔，而其他的学生应该也有不如我们的，只是他们的表明工作做得比较到位。因此老师以为我们的态度有了问题，是故意不动笔，哪怕后来我们开始动笔了，也已经给老师留下了不好的印象，所以他认为我们后续是在敷衍了事。
是的，老师确实在上课时说过，所有学生里只有我最让他不满意，我真的很困惑。但是第四节课时，我尝试着找到了一个风格方向，老师好像对我没有说什么。
是的，你通过找到一个风格方向，显示了自己在努力改进，并成功引起了老师的注意。这是一次积极的改变。但是在这周二下课时，老师又对你说，感觉你做事情很敷衍。我觉得可能是老师暂时还没有彻底改变对你的看法，或者是你在下课时的某些表现让他有了这样的感觉。我们不要过度解读这句话，也不要过于自责。每个人都有学习过程中的起伏，关键是我们要保持信心和努力，逐渐改变老师对我们的看法。
但是我真的觉得很痛苦，每次临近上课我就会感到异常恐惧和迷茫，我不知道自己到底做错了什么。我想我是个985的学生，不应该会遇到这种情况，但是老师的言辞还是让我很怀疑自己。
我理解你的感受，这种情况对你来说确实很困扰。但是我们不要过于自责，每个人都有不顺利的时候。你是一名985的学生，证明你的实力是有的。我们要相信自己，并且不要轻易被别人的评价影响到自己的自信心。重要的是要记住，你的价值不仅仅取决于老师的评价，而是由你自己的努力和成就来决定的。我们可以尝试通过积极的态度和努力来改变和迎合老师的期望，同时也要保护好自己的情绪和自尊心。",4,愤怒,0,时序性对话_campus/10246.json,,,
A0292,campus_10954_t4,campus_10954,可是我的舍友却对我非常生气，觉得我是在背后说坏话。,"大学刚入校，作为学委说了两个舍友，结果被骂了？刚入大学，可能和舍友不太熟。老师在开班委会的时候，问有没有哪些同学最近玩的比较多啊，然后我根据他们之前就说了我的两个舍友。在班委会以后有班委把话传到了他们耳中，之后有一位骂完以后就选择了“原谅”，另一位不饶人的骂了一晚上。可能确实是我也跟老师说我不玩游戏，结果舍友就以我其实也玩游戏凭什么说我们一直攻击我说我双标。最后还以我的道歉为结尾收场。我作为学委真的做错了吗？我是过来交朋友的，不是过来吵架的，不知道大学以后的生活该怎么过了，求解决办法55555
被舍友责骂，你感到很委屈无奈吧。
是的，我觉得自己很无辜，不知道是不是自己做错了什么事情。
老师向你们了解班上同学的情况，你向老师汇报了两个舍友的情况。作为学委，按老师的要求来汇报实际情况，这本没有错。",4,愤怒,0,时序性对话_campus/10954.json,,,
A0293,cpcd_414d6625ac_s6_t47,cpcd_414d6625ac,我其实知道这样不对……但每次想到妈妈的话，我就觉得连自己的身体都管不好，更别说学习了。现在连上课都撑不住，我真的很害怕。,"听起来，当你说“连吃饭睡觉这么简单的事都做不好”时，那种对自己深深的失望感一定让你非常难受。我们一起来看一看，这种“我必须完美控制所有事情”的信念，是不是反而让你忽略了一个事实：身体其实在用晕倒这样的方式，提醒你需要停下来照顾它了？
是的...我确实觉得连最基本的事情都控制不了。以前我总以为只要足够努力，就能把一切都做好。但现在连身体都不听我的了。
听起来，当你说“连身体都不听我的了”时，那种努力却失控的感觉一定让你非常挫败和害怕。我们一起来看一看，这种“我必须完美控制所有事情”的信念，比如必须控制思绪、必须控制身体状态，是不是反而像一张越收越紧的网，让你更难放松下来？
是的...我总觉得如果连自己都控制不好，那就真的什么都做不到了。可是现在连吃饭睡觉这种最基本的事都一团糟，我甚至不敢告诉妈妈。她要是知道我在课堂上晕倒，一定会更失望的。
听起来，当你说“连吃饭睡觉这种最基本的事都一团糟”时，那种对自己深深的失望和害怕让妈妈知道的担忧，一定让你感到更加孤立无援。我们一起来看一看，当身体用晕倒这样的方式发出信号时，它是不是在提醒我们，那个“我必须完美控制一切”的信念，可能已经让我们忽略照顾自己太久了呢？",7,绝望,1,CPCD/conversation_2_consultation_events_张思雨_650_张思雨.json,,,
A0294,campus_11925_t6,campus_11925,我可以试试这样做，但我怕我没法很好地处理室友的情绪反应，不知道她会不会生气。,"啊，听起来有些不太愉快呢。你已经跟她说过你不喜欢这样的话题了吗？
是的，我已经很明确地表示过我不喜欢这些话题，但她还是会继续讲。
有时候我们在表达自己的意见时，并不能很清晰地让对方明白，也许她并没有故意想继续影响你的情绪。你可以试着以轻松的口吻及时打断她，例如“停，这个话题我不太感兴趣，我们换个话题聊聊吧”。
嗯，不是不想这么做，只是怕会伤害她的情绪。
你很关心她的感受，这很好。但也请记得，你的情感也很重要。你可以告诉她你想要些私人空间，对她的满足需求并不是你唯一的责任。建议你和她一起商量，确定一些相互尊重的边界和规则。",4,愤怒,0,时序性对话_campus/11925.json,,,
A0295,228517004,anon_0626,我总是能够激怒咨询师，感觉像是把他们的愤怒情绪挑了起来。,咨询师对我来说很重要。在我的理解中，好的咨询师应该具备高学历和督导级别的资质。但是有些咨询师用言语伤害了我，感觉到他们在嘲讽和不耐烦我。我总是能够激怒咨询师，感觉像是把他们的愤怒情绪挑了起来。,4,愤怒,0,时序性对话_merged.json,,,
A0296,43748001,anon_0421,所以并不是要追求很多朋友，而是要找几个可以敞开心扉的朋友对吧？,所以并不是要追求很多朋友，而是要找几个可以敞开心扉的朋友对吧？,1,高兴,0,时序性对话_merged.json,,,
A0297,slang_110_1_31acd24d,slang_030,小组作业做完，晚上靠吗喽快乐一下,,1,高兴,0,梗数据集_hot_speech_synth.txt,,,
A0298,cpcd_d1c5b146b5_s10_t37,cpcd_d1c5b146b5,……不需要。那时候只是觉得，能把东西设计得严丝合缝，很……安心。,"我理解你现在思绪很乱，那种感觉一定很不好受。当爸爸那句话和学业压力一起涌来的时候，确实容易让人感到被淹没。

我注意到，你刚才提到“连及格都勉强，还有什么资格说喜欢”，这个想法听起来特别绝对，好像“资格”和“表现”是完全绑定的。这让我想起我们之前讨论过的一种思维习惯：当我们压力很大时，很容易从一个具体的困难（比如学习上的挑战），直接得出一个关于自己整体价值或资格的严厉结论。

你愿意和我一起，试着轻轻地观察一下这个想法吗？我们不需要立刻改变它，只是像看云一样看着它飘过。我想邀请你思考一个很小的问题：在你最初选择机械专业，感受到那份“喜欢”的时候，那份喜欢的资格，是由什么来决定的呢？是必须建立在完美的表现之上，还是可以源于一些更简单、更属于你自己的东西？
我不知道。以前我觉得是因为喜欢那些零件和图纸，觉得它们很精确，很有秩序。但现在……现在好像不是了。
我听到你此刻的迷茫，那种“以前喜欢，但现在好像不是了”的感觉，一定让你心里空落落的。当爸爸那句话和学业压力叠加在一起时，那份最初的“喜欢”似乎被蒙上了一层厚厚的灰尘，让你看不清它本来的样子了。

我注意到，你刚才描述了一个很重要的变化：从“喜欢零件和图纸的精确、秩序”，到“现在好像不是了”。这让我想到，我们之前讨论过，当“表现”和“自我价值”紧紧绑定时，我们最初那份纯粹的、属于自己感受的“喜欢”，很容易被“我必须做好才有资格喜欢”的严厉声音所覆盖。

我想邀请你一起，轻轻地触碰一下这个变化。你愿意试着回忆一下，在最近一次你感到“喜欢”好像消失了的时候，你心里那个更响亮的声音，通常是在说什么吗？比如，它是不是在说“你连这都做不好，还谈什么喜欢”？
嗯。那个声音……它说，你连及格都做不到，还配喜欢机械吗。
我听到那个声音了，它说“你连及格都做不到，还配喜欢机械吗”。这个声音听起来非常严厉，像一位苛刻的法官，直接把你的表现和你的资格、你的喜欢完全等同起来了。

当我们压力特别大的时候，这种“全或无”的思维很容易出现——好像要么完美，要么就彻底失去资格。这让我想起我们之前讨论过的，那种把“具体困难”和“整体自我”绑在一起的模式。

我想邀请你一起，轻轻地观察一下这个声音。我们不需要立刻相信它，也不需要立刻反驳它，只是像看一段文字一样看着它。你愿意和我一起思考一个问题吗：如果暂时把“及格”这个标准放在一边，在你最初被那些零件和图纸的精确、秩序所吸引的时候，那份吸引本身，它需要谁的“批准”或“资格认证”吗？",5,恐惧,0,CPCD/conversation_9_consultation_events_张悦_630_张悦.json,,,
A0299,campus_10570_t0,campus_10570,17岁女生，在实习了两个月，想到不好的事情就会哭…近几天，睡眠不好，对自己极度不自信，有次在我做的不好的时候，看着对方脸不上的耐烦与讨厌，对我做的事情就会有什么想法，然后就想哭，明明不喜欢我，私下和她玩的好的人就议论我。上想到不好的事情会哭，想过自杀。,,6,厌恶,1,时序性对话_campus/10570.json,,,
A0300,campus_10549_t0,campus_10549,抑郁症患者，喜欢上了一个人应该怎么办呢？我是一个中度抑郁症患者，目前在服药，我很孤独，于是我就在某社交软件上聊天。近期，我发现我热衷于和附近的陌生人见面。我喜欢打扮的光鲜亮丽去见他们，聊天，微笑，仿佛自己是个正常人。第一个是因为我想跳湖，结果他骑着小电驴来接我，我们在操场散步，然后他送我回宿舍。第二个是因为他说他愿意陪我去医院，我很感动，然后我们吃了饭。第三个是因为我很无聊，他刚好休假，我们见面，散步，聊天，我欣赏他的阅历。所有见过的人，我都不会想再见。直到第四个，我理解他的悲伤和学术压力，并且产生共鸣，他企图对我做点什么，我抱着他哇哇大哭，因为我被吓到了，他抱着我安慰我，像哄一个孩子。其实我们衣裳整齐，什么都没发生。我发现我喜欢上他了，我删除了所有人，独留他一人，但我还是倔强的拒绝了他的第二次邀约。我到底怎么了呢？是我好了吗？可是我还是那个悲伤的，糟糕的，想要消失的我，我该怎么面对自己还有这陌生的感觉呢？,,0,中性,0,时序性对话_campus/10549.json,,,
A0301,60099003,anon_0693,不过，我觉得我内心还是很愤怒和受委屈的。,虽然有点难以接受，但是我明白你的意思。也许我可以试着夸他一夸，看看他的反应会怎样。不过，我觉得我内心还是很愤怒和受委屈的。,4,愤怒,0,时序性对话_merged.json,,,
A0302,campus_14449_t4,campus_14449,其实，我最近确实有些遇到宿舍霸凌的问题，可能也是因为这个原因我才会对学校产生厌恶情绪。,"20岁大二女生，最近早上总起不来上课，为什么呢？
你的问题比较复杂，我很想帮你解决抑郁的问题，但了解的情况有限，我今天只能回答你目前面临的最主要的疑问，就是问什么会起不来上课，因为趋利避害是大脑的一个本能反应，你起床后可能会面临一些对你不利的事情，大脑为了避免你受伤害，选择了通过睡觉来逃避现实中的不愉快，你可以回想一下，在小时候有没有这种情况，周一到周五早晨起床很困难，但是周六日醒的比平时还早，而且一点都不觉得困，为什么会有这种情况发生呢，因为周六日你醒来后可以做自己喜欢的事情，可以去玩电脑打游戏，可以去和朋友一起出去玩，但是工作日，你醒来之后就是要上课，去做自己不喜欢的事情，去不喜欢自己的同学和老师，这不是自律的问题，也不是自控力的问题，而是大脑的一种保护机制。
那我该怎么办呢？我真的很困扰。
解决问题的方法大致有两个思路，一是可以寻找可以替代的其他的逃避现实的方法，二是通过解决现实问题或者换一个环境，这只是大致的思路，具体应该怎么做，我需要了解清楚你的具体情况后才能给出建议。",6,厌恶,0,时序性对话_campus/14449.json,,,
A0303,campus_14664_t2,campus_14664,我有时候会撇开嘴，用生气的口气回应她，告诉她不要再说这种话了。,"舍友总是打击我，说我是个垃圾，总是动不动说我矮？虽然她这些话就是当玩笑说出来的，但是对我而言就是人身攻击，平时我觉得我已经表现出我不高兴听到这些话了，她还是说，搞的我夜里失眠。
室友总是说“过分”的话，使你很难以接受。在你感觉他说话相当尖锐、刻薄，夹杂着人生攻击的成分。这是你感觉非常不舒服，已经严重影响到你的生活，甚至睡眠了。你很难接受这样的话语，可是，舍友却始终以类似方式说着这样的话。你说，你已经表现出这样的话了，那么你又是如何表现出不高兴？",4,愤怒,0,时序性对话_campus/14664.json,,,
A0304,campus_10709_t10,campus_10709,可是我现在真的很绝望，觉得自己的人生一片黑暗，不知道该怎么走下去。,"不要这样责备自己，任何人犯错都不是一件容易的事情。我想告诉你的是，你不是孤独的，也并不是这个世界上唯一一个犯错误的人。你需要做的就是接受自己和自己的过去，尝试走出阴影，避免让心理创伤进一步影响到你的身体和生活质量。那，你有想过找谁倾诉吗？或者和父母沟通？
我曾经对闺蜜提过一次，结果被她抛弃了。我现在最担心的就是父母，他们知道一定会很生气。
是的，可能刚刚的倾诉不当让你感觉到被背叛了。其实并不是所有人都能理解你的经历，对于这样的事情大家可能持不同态度。但是你仍然需要有一个人倾诉，可以是一个专业的咨询师或者是一个信任的朋友。对于父母，你可以尝试以诚待人，承认错误，主动向他们坦白，告诉他们你在反思和尝试改变，让他们感受到你的愿望和诚意。
但我不知道该怎么面对学校和班里的同学，我现在上课都不敢抬头。我太怕被他们讥笑了。
这是一个很困难的问题。首先需要你明白的是，自己的身体是自己的，没有人有权对其进行评判和嘲笑，这些攻击都是不可接受的，别让其他人的态度进一步影响你的自信和心情。学校和班里的同学们散布谣言和攻击你是不负责任和不道德的，但是他们也许无法避免，你可以和学校的心理老师或者辅导员商量解决的方法，也可以在家保持良好的心态和习惯，用积极的行动证明自己。",7,绝望,1,时序性对话_campus/10709.json,,,
A0305,campus_16829_t0,campus_16829,为什么我如此地憎恨、厌恶、恶心我自己？,,6,厌恶,0,时序性对话_campus/16829.json,,,
A0306,cpcd_305be79653_s3_t17,cpcd_305be79653,就是觉得如果熬个夜，或者周末少睡一点，其实也能把作业赶完。,"嗯，听起来你在权衡聚餐的花销和实际价值。当时具体是什么让你觉得“能吃饱就行”呢？
就是觉得没必要花那么多钱。食堂的饭也挺好的，而且我最近确实有很多作业要赶。
嗯，听起来你在考虑聚餐的性价比，同时也有学业压力。当时具体是什么让你觉得“有很多作业要赶”呢？
就是有结构力学的作业，还有混凝土设计的报告。其实……也不是完全做不完。
嗯，听起来你在权衡聚餐和学业任务。当时具体是什么让你觉得“也不是完全做不完”呢？",3,悲伤,0,CPCD/conversation_5_consultation_events_张伟_379_张伟.json,,,
A0307,cpcd_305be79653_s6_t49,cpcd_305be79653,"嗯…您说得对。我确实觉得在讨论中如果说不清楚，别人就会觉得我能力不行。上次高数测验之后，这种感觉更明显了。

其实这周王明找我组队做实验的时候，我第一反应就是怕自己搞砸了拖累他。电路实验需要动手搭电路，我理论课都听得一知半解，更别说实际操作了。所以我就直接拒绝了。

但现在想想，可能错过了一次练习的机会。而且王明平时成绩挺好的，他主动找我，说明至少不讨厌我吧。但我当时就是开不了口说“我可以试试”。","我听到你再次提到那份后悔，能感受到你内心其实很渴望参与，却又被“怕拖累别人”的想法卡住了脚步，这种反复拉扯一定让你很疲惫。

我注意到，当你想到组队时，那个“我肯定会做不好、会拖累他”的念头总是第一时间跳出来，几乎成了自动反应。你觉得，这个想法背后，是不是隐藏着一个“在合作中，我必须完美表现、不能有任何不足”的信念呢？

我们可以一起想一想：一次实验合作的目的，究竟是让每个人完美地展示已知的部分，还是让大家在互相帮助中，一起弄懂那些原本不会的东西？如果团队中每个人都只做自己“已经会”的事，那合作本身的意义又在哪里呢？

如果下次类似的念头再出现，你愿不愿意试着先做一次深呼吸，然后温和地问自己一句：“我现在是把这次合作看作一场对我的考试，还是一个和大家一起学习成长的机会？” 我们不需要立刻改变行动，但可以从这样一个小小的自我提问开始练习。
嗯……您说得对。我确实觉得合作就像一场考试，我必须什么都懂才行。上次王明问我电路图的时候，我第一反应就是“完了我肯定说不清楚”，所以干脆就拒绝了。
我听到你再次描述了那种“必须什么都懂才行”的紧绷感，当王明问你电路图时，那个“完了我肯定说不清楚”的念头一下子就抓住了你，这一定让你感到既焦虑又无力。

我注意到，这个自动跳出来的想法背后，似乎藏着一个很深的信念：“在合作中，我必须是那个‘提供答案’的人，而不是‘提出问题’的人”。你觉得，这种“只能说清楚，不能有疑问”的要求，会不会让每一次互动都变成了对自己的考验？

我们可以一起想一想：如果合作的目的不是为了证明“我已经全懂了”，而是为了通过交流，把那些“还不清楚”的地方一起弄明白，你开口时的感受会不会有些不同？

下次当那个“我肯定说不清楚”的念头再冒出来时，你愿不愿意试着先停顿一下，然后对自己说：“我现在感到紧张是正常的，但我可以先尝试分享我目前理解到哪一步，哪怕只是很小的一步。” 从这样一个小小的自我允许开始练习，你觉得怎么样？
嗯...您说得对。我确实觉得每次和别人讨论问题都像考试一样。尤其是上次高数考砸之后，我更不敢在别人面前表现出不懂的样子了。

其实王明问我的时候，我脑子里一片空白。我明明预习了实验内容，但就是怕说错。现在想想，如果当时能告诉他“这部分我还不太确定”，可能就不会直接拒绝了。

可是...如果我说自己不懂，别人会不会觉得我很笨？就像上次宿舍讨论时那样，大家聊得热火朝天，我却完全插不上话。
我听到你刚才的分享，能感受到那种“怕说错”和“怕被觉得笨”的恐惧，尤其是当你想开口却发现自己插不上话时，那种孤立和焦虑的感觉一定很难受。

我注意到，当你想到要表达“我不确定”时，脑海里似乎立刻出现一个念头：“别人会觉得我很笨”。你觉得这个想法背后，是不是藏着一种“在讨论中，我只能展示确定和正确的部分，任何不确定都是弱点”的信念呢？

我们可以一起想一想：在学习讨论中，坦诚自己“还不确定”的部分，是代表一个人笨，还是恰恰说明他在认真思考并愿意澄清困惑？如果反过来，一个人总是表现得什么都懂，他的合作者真的能从他那里学到新东西吗？

如果下次那个“别人会觉得我笨”的念头再出现，你愿不愿意试着先对自己说：“我现在的不确定是学习过程中的正常部分，我可以试着把它当作一个邀请，邀请别人和我一起把这个问题弄明白。” 从这样一个小小的自我对话开始，你觉得可以吗？",3,悲伤,0,CPCD/conversation_5_consultation_events_张伟_461_张伟.json,,,
A0308,cpcd_305be79653_s13_t47,cpcd_305be79653,"嗯...您说得对。我当时鼓起勇气说的时候，其实心里已经预感到会这样了。好像每次我想说点什么，最后都会变成“你想太多了”或者“坚持一下就好了”。就像您说的，我好像真的觉得，如果别人听不懂，那就是我的问题，是我太敏感了。

承认那份渴望...感觉有点难。因为承认了，就好像承认自己真的很需要别人，可我又觉得没人能真的明白。那种“电路没有生命”的感觉，我跟那位同学提过一点点，但他只是说“多看看应用案例就有意思了”。我...我不知道该怎么解释，那不只是有没有意思的问题。","听起来，当那种“空洞感”或“大脑空白”出现时，你立刻会陷入“完了，要失控了”的恐慌，然后被自我批评的声音淹没。这种想要立刻逃离、却又被自责困住的感觉，一定让你非常疲惫。

我注意到，你心里似乎有一个很牢固的信念：“这种感受的出现，就证明我又要失败了，我必须立刻消除它”。这种想法，会不会让你在感受刚冒头时，就进入了“对抗或逃跑”的紧张状态，反而更难平静地面对它呢？

如果我们一起看看这个想法，你觉得，有没有可能，这些感受就像天气一样，会来也会走？它出现时，如果我们不拼命抵抗，只是承认“哦，它现在在这里了”，那种“完了”的恐慌感，会不会反而有空间慢慢平息一些？

你刚才提到，如果模电作业卡住时能停下来观察，而不是立刻骂自己，痛苦可能会少一点——这本身就是一个很重要的觉察。你愿意从非常小的步骤开始尝试吗？比如，下次再感觉到那种“空”或“慌”时，先暂停一下，做一次深呼吸，然后在心里简单说一句：“嗯，它又来了。” 就像看到一片云飘过一样，只是注意到它，不急着赶它走，也不评价它好坏。我们可以从这样微小的“观察练习”开始，看看会有什么不同。
嗯…我试过。上次咨询后，我确实在图书馆对着模电书试了一次。当那种熟悉的空白感上来的时候，我停了一下，对自己说“它又来了”。可是…说完之后，我脑子里紧接着就冒出来另一个声音：“你看，你又来了，你就是不行，连这种简单的观察都做不好，有什么用呢？”然后…然后我就更烦躁了，那天晚上什么也没看进去。
听起来，当你尝试观察感受时，那个自我批评的声音立刻又出现了，甚至让你觉得连“观察”都做不好，这一定让你感到更加挫败。这种“连尝试都做不好”的念头，会不会让你在开始任何新方法前，就已经预感到会失败呢？

我注意到，你心里似乎有一个很牢固的信念：“如果我不能完美地做到某个练习，那就证明这个方法没用，或者我更糟了”。这种想法，会不会让任何尝试都变得格外沉重，反而阻碍了你去体验过程中那些细微的变化？

如果我们一起看看这个想法，你觉得，有没有可能，那个自我批评的声音本身，也只是你脑海里自动飘过的另一片“云”？它出现时，我们能不能也试着对它说一句：“嗯，这个批评的声音也来了。” 然后继续把注意力轻轻放回到呼吸上，哪怕只多一秒钟？
嗯……您说得对。每次我试着按上次说的方法去观察，那个“你又做不好”的声音就会立刻跳出来。然后我就觉得，连这么简单的事都做不好，我可能真的没救了。

其实这周……我试着跟一个平时还算聊得来的同学说了说我的迷茫。我说我觉得学这些电路和代码很没意思，心里空荡荡的。结果他拍了拍我肩膀说：“坚持一下嘛，咱们专业出来好找工作，前景多好。” 我当时就……不知道该怎么接话了。

好像没人真的想听我说“没意思”是什么感觉。他们只想告诉我应该怎么做。
听起来，当你尝试观察自己的感受时，那个自我批评的声音立刻又出现了，甚至让你觉得连“观察”都做不好，这一定让你感到更加挫败。而当你鼓起勇气向同学表达迷茫，得到的回应却让你感觉自己的痛苦被轻描淡写地忽略了，这种“不被真正听见”的体验，是不是让你更确信“没人会理解”，从而更不敢继续表达了？

我注意到，你心里似乎有一个很牢固的信念：“如果别人不能立刻理解我的痛苦，那就说明我的感受本身是不值得被重视的，或者是我太脆弱了”。这种想法，会不会让你在开口分享前，就已经预感到会被误解，从而更容易退回孤独里？

如果我们一起看看这个想法，你觉得，有没有可能，别人无法给出你需要的回应，更多是因为他们暂时没有站在你的视角里，而不是因为你的痛苦“不重要”或“不真实”？就像你描述的那种“电路没有生命”的空洞感，它对你来说是非常真切的体验，只是别人暂时还没学会听懂这种语言。

你愿意试试一个很小的调整吗？下次再感到那种不被理解的孤独时，可以先对自己说：“我现在感到孤独，是因为我真的很希望有人能听懂我。” 只是承认这份渴望的存在，而不去评判它“对不对”。看看这样简单地承认感受，会不会让那种“自己错了”的自我怀疑稍微缓和一点？",3,悲伤,0,CPCD/conversation_3_consultation_events_张伟_13_张伟.json,,,
A0309,351852001,anon_0657,一开始看牙齿他牙齿不好，后面加上这个假期意外太多，可能他手淫的就有点多，出现了肾亏的症状。,一开始看牙齿他牙齿不好，后面加上这个假期意外太多，可能他手淫的就有点多，出现了肾亏的症状。自己也有了不舒服的感觉。,2,惊讶,0,时序性对话_merged.json,,,
A0310,cpcd_d1c5b146b5_s12_t9,cpcd_d1c5b146b5,我没想到她们会这么做。那天我按照你说的，回去跟她们道歉，也简单说了家里的情况。说完我就想赶紧回床上躲着，结果她们把我叫住了。,"嗯，听起来事情的发展和你的预想不太一样。你愿意具体说说她们是怎么回应的吗？
她们……她们没有怪我。反而凑了钱，说让我先去上大师课。
嗯，这确实出乎意料。你当时听到她们这么说，心里是什么感觉？
我…我当时愣住了。她们把钱塞给我的时候，我手都在抖。
嗯，听起来这件事让你很意外。你愿意多说说当时的具体情况吗？",2,惊讶,0,CPCD/conversation_8_consultation_events_张悦_134_张悦.json,,,
A0311,cpcd_1fed6de375_s5_t59,cpcd_1fed6de375,嗯…“僵住警报”…这个名字还挺贴切的。就是那种，好像大脑和身体同时死机了的感觉。我甚至都来不及想“这画得不好”，那个声音就直接把我钉在原地了。,"嗯，我能感受到，当你说“那根本不是我想表达的东西”时，那种胃里空空又发堵的感觉一定非常真实，也让你感到深深的失望。这让我想到，那个“作品不完美就等于我失败了”的信念，似乎又一次紧紧地抓住了你。

我注意到，你刚才提到“我甚至不敢再看第二眼”，这让我想到，我们是不是可以试着先不急着评判这个作品的好坏，而是像观察一个路标一样，先留意到“我不敢看”这个反应本身？比如，我们可以在心里轻轻说一句：“哦，那个‘害怕面对作品’的感觉又来了。”你愿意先试着这样觉察一下吗？
我试过了…但每次一看到那幅画，脑子里就只剩下“我搞砸了”这句话在打转。它就像个警报器，根本停不下来。
嗯，我能感受到，当那个“我搞砸了”的念头像警报器一样响个不停时，想要让它停下来确实非常困难，甚至感觉不可能。你已经很努力地在尝试觉察它了，这种被念头反复拉扯的感觉一定让你精疲力尽。

我注意到，你刚才提到“它就像个警报器，根本停不下来”，这让我想到，我们之前讨论过的“快速下结论”的模式，可能在这里表现得特别明显——从“看到画”直接跳到“我搞砸了”，中间几乎没有停顿，就像警报被瞬间拉响。你愿意和我一起，试着先不急着去关掉这个警报，而是像观察天气一样，先留意到：“哦，那个‘警报’又响了。”我们只是先承认它的存在，你觉得这样可以吗？
嗯…其实我试过。就是像你说的那样，只是看着那个念头。但每次一看到画，那个“搞砸了”的声音就立刻冲出来，然后胃就开始不舒服，整个人都僵住了。我根本来不及去“观察”它，它就已经把我淹没了。
嗯，我能感受到，当那个“搞砸了”的念头瞬间冲出来，身体也跟着僵住的时候，你感觉完全被它淹没，根本来不及做任何事。这种被念头和感受瞬间“卷走”的体验，一定让你感到特别无力，也特别真实。

我注意到，你刚才描述的这个过程——“看到画，声音冲出来，身体僵住”——几乎是在一瞬间完成的，快到你根本来不及反应。这让我想到，我们之前讨论过的那个“快速下结论”的模式，在这里可能已经变成了一种非常自动化的身心反应，就像按下了一个开关。

如果暂时不急着去观察或改变它，你愿意和我一起，试着先给这个完整的、瞬间发生的体验取一个更具体的名字吗？比如，我们可以叫它“僵住警报”时刻。我们只是先承认，有这么一个特定的模式存在，你觉得可以吗？",5,恐惧,0,CPCD/conversation_8_consultation_events_张宇_695_张宇.json,,,
A0312,slang_65_3_e759c9a9,slang_065,又被导师手游圈TF，我直接破防了,,3,悲伤,0,梗数据集_hot_speech_synth.txt,,,
A0313,campus_15939_t0,campus_15939,我是某985基础数学在读研究生，最近压力很大心累，吃不消。开学一个月了，越来越觉得力不从心。课上的内容量大且难度高，我课余时间都花在复习上了。虽然对数学很感兴趣，但感觉很心累。导师布置的任务也超出了我的能力范围，我就感觉有些吃不消。我本科曾由于过大压力得抑郁症，后来通过心理学疗法恢复了。但上了研究生后，发现做研究的圈子与心理学相悖，感觉自己与这个群体格格不入，但我对数学还是有兴趣的。近期压力大得频频出现，虽能调节，但几天后又会再度感到压力巨大。主要是老师要求的任务超出了我的能力范围，我也还没找到适合自己的学习方法，感觉这样下去会吃不消。希望能够得到帮助。,,7,绝望,1,时序性对话_campus/15939.json,,,
A0314,campus_11607_t4,campus_11607,谢谢你的建议，我会好好准备并尝试与她坦诚地沟通。我明白了要保持冷静和理智，尊重她的选择和意见。希望这次沟通能够解决我们之间的问题，让宿舍的氛围变得更加融洽。不过，即便最后我们不能成为朋友，也希望我们能够和平相处。我会试着去理解她的想法和感受，希望她也能理解我的。再次感谢你的支持和鼓励！,"我跟我的寝室同学相处得很不开心，感觉她对我有意排斥，并故意伤害我。也许是因为我在寝室里话不多，但我们已经住了两年了，算是相当熟悉了。只是我们的交情可能不够深厚，因为一开始我就不太喜欢她，觉得她不是那种好相处的人，不够真诚和善良，也缺乏同理心，过于自我和虚荣。当然这只是我的感受，或许对其他人不一样。或者也可以说，她也不太喜欢我，所以我们之间没有成为朋友的意愿。但是我还是想保持一些正常的同学关系，毕竟我们之间也没有发生过大的矛盾。大概是因为我们的交流较少，所以交情不深吧。只是我这个人总是比较注重别人的感受，所以即使有时我不太喜欢她，也会违背内心和她聊天，比如宿舍里问大家需不需要带饭，分享吃的，她来了我不好拒绝，就邀请她一起吃。我会平均地分饭菜，不会明显偏好任何人。但好几次我都发现她给其他两个人分了吃的，唯独我没有。虽然分的时候我不在场，但回来后我能看到。所以心里很不舒服，毕竟我们之间也有一些交情，但她却故意不给我分。我该怎么办呢？
你内心其实并不喜欢你的舍友，也不想和她成为朋友，但为了维持同学关系，你还是会和她进行一些人际互动。尽管你对她表现得友好，但你对她的不喜欢仍然存在于潜意识深处。这可能会在某些情况下通过一些行为表现出来，让她感受到你的不喜欢，所以她也对你故意不喜欢你。你从她对待你的方式中感受到了她对你的敌意，感觉很不开心。被人轻视的感觉确实令人痛苦，尤其是你们是同宿舍的，有着紧密的联系和一定的交情。你感到愤怒和不满，说明你对你们之间的关系还是很在意的。当你的付出被忽略时，会感到失落和不公平。其实这个时候你应该能理解她被轻视时的心情了吧。同住一个宿舍，每天都要见面，心里肯定会很烦恼，想想都觉得气氛尴尬。所以你需要自己思考一下，对于这种令人不愉快的关系，你想要怎样处理呢？有几种选择：是继续保持僵持和回避的关系？还是想办法解决关系危机，让大家能够坦诚相待，互相尊重？或者是积极面对，与她直接沟通？还是申请换一个宿舍，与她断绝联系？在处理不良的人际关系时，我们只能学会改善或选择逃离。你需要问问自己的内心，想要选择哪一种方式。祝好~。
谢谢你的理解和建议，我明白了。我觉得继续保持僵持和回避的关系对我们两个都没有好处，会让宿舍气氛更加尴尬。我想试试与她坦诚地沟通，看看能否解决这个关系危机。但是我有些担心，怕她会对我产生更多敌意，导致关系进一步恶化。我应该如何应对呢？
非常理解你的担心，与她坦诚地沟通是个不错的尝试。在沟通之前，你可以先做好准备，明确地表达你的感受和期望，同时也要给她充分的表达空间。表达的同时要注意语气和措辞，尽量保持冷静和理智，避免情绪化的争吵。你可以从你们有交情的一面入手，提到你之前邀请她一起吃饭时的感受，并询问她对此是否有什么想法。同时，也请她分享自己对你们关系的看法和感受。通过相互倾听和理解，或许能找到解决问题的方法。但要记住，无论结果如何，你都要尊重她的选择和意见。祝你好运！",0,中性,0,时序性对话_campus/11607.json,,,
A0315,campus_17173_t2,campus_17173,她生气的原因是因为我没有先问她，而是在群里问其他人？,"因网课课表的事，学习委员兼舍友很生气，怎么办？因为网课的事情有一节课程课程表里没有，就在群里问，里面也有老师，然后学习委员也就是我舍友就很生气，说我应该去问她，不然老师怎么想她。和是又吵架了怎么办。
您好很理解您因为这件事被牵扯进来的感受。从您的描述中可以看出，你们班学习委员是一个比较直接且爱面子的人，她直接说出了对网课课表这件事的看法，同时也宣泄了自己的情绪。跟这种性格的人相处反而比较放心，因为会有什么说什么。",4,愤怒,0,时序性对话_campus/17173.json,,,
A0316,slang_182_1_c29f64b7,slang_022,小组作业做完，晚上靠X女士说得对快乐一下,,1,高兴,0,梗数据集_hot_speech_synth.txt,,,
A0317,351852001,anon_0657,一开始看牙齿他牙齿不好，后面加上这个假期意外太多，可能他手淫的就有点多，出现了肾亏的症状。,一开始看牙齿他牙齿不好，后面加上这个假期意外太多，可能他手淫的就有点多，出现了肾亏的症状。自己也有了不舒服的感觉。,2,惊讶,0,时序性对话_merged.json,,,
A0318,campus_10987_t9,campus_10987,嗯嗯，我会尝试的，但是我总是会觉得别人讨厌我。,"你现在也在上学吧，跟同学建立良好的关系是比较重要的过程。尝试去接受一些小任务，因为与人交往的过程是相互的，也给自己挑战和机会。而且如果他们不找你了，不让你做事情了，自己也会不舒服吧？试着放开心态去相信别人，他们不会故意排斥你的。
我初步接受了你的看法，我现在开始挑战接受任务。
听到这个很赞，做事情需要掌握技巧，比如多问问同学意见，多试着去帮助别人，这样大家就会彼此的更加熟悉，自己的心里也会挺舒服的。
真的很感谢你的建议，那我还有一个问题，因为我内向，脾气也有点冷淡，不喜欢社交，我该怎么办呢？
人和人之间都不一样，有的人喜欢独来独往，有的人就喜欢三三两两的一起做事情，没有伴就不行，就必须要跟人一起才可以，那都可以理解。你是内向的人，但也不排斥社交，我觉得可以尝试扩大自己的人际圈子，参加一些社交活动或者社团，慢慢地结识一些志同道合的人。",6,厌恶,0,时序性对话_campus/10987.json,,,
A0319,fixed_10,slang_fixed_010,网课挂机被点名，社死,,2,惊讶,0,campus_hot_speech_fixed.txt,,,
