user_id,user_id_type,text,label_id,is_crisis,source_file,label_raw,score,row_id,conversation_history,role
slang_000,student_slang,网上全是远方传来风笛，感觉信息过载,0,0,梗数据集_hot_speech_synth.txt,meme=远方传来风笛,2.0,slang_0_0_309bfdde,,client
slang_000,student_slang,群里又在玩远方传来风笛，我只能回一个6,0,0,梗数据集_hot_speech_synth.txt,meme=远方传来风笛,2.0,slang_0_0_8d6f5cf8,,client
slang_000,student_slang,课间大家聊远方传来风笛，我插不上话,0,0,梗数据集_hot_speech_synth.txt,meme=远方传来风笛,2.0,slang_0_0_b8aaa540,,client
slang_000,student_slang,刷到远方传来风笛笑出猪叫，明天考试也不慌了,1,0,梗数据集_hot_speech_synth.txt,meme=远方传来风笛,2.0,slang_0_1_9f7322ee,,client
slang_000,student_slang,和室友聊到远方传来风笛，大家都笑疯了,1,0,梗数据集_hot_speech_synth.txt,meme=远方传来风笛,2.0,slang_0_1_58b40160,,client
slang_000,student_slang,今天终于远方传来风笛了，心情一下子好起来,1,0,梗数据集_hot_speech_synth.txt,meme=远方传来风笛,2.0,slang_0_1_ba2d9d4a,,client
slang_000,student_slang,宿舍那事搞得我很远方传来风笛，真的绷不住,3,0,梗数据集_hot_speech_synth.txt,meme=远方传来风笛,5.0,slang_0_3_73c939af,,client
slang_000,student_slang,秋招碰壁，刷到远方传来风笛更焦虑了,3,0,梗数据集_hot_speech_synth.txt,meme=远方传来风笛,5.0,slang_0_3_a931d578,,client
slang_000,student_slang,又被导师远方传来风笛，我直接破防了,3,0,梗数据集_hot_speech_synth.txt,meme=远方传来风笛,5.0,slang_0_3_40975fd0,,client
slang_000,student_slang,旁边人都在远方传来风笛，我却觉得自己很失败,7,1,梗数据集_hot_speech_synth.txt,meme=远方传来风笛,8.0,slang_0_7_9bee4e17,,client
slang_000,student_slang,最近满脑子都是远方传来风笛，感觉活着没意思,7,1,梗数据集_hot_speech_synth.txt,meme=远方传来风笛,8.0,slang_0_7_da3df8a2,,client
slang_000,student_slang,被远方传来风笛搞到撑不下去了，真的好累,7,1,梗数据集_hot_speech_synth.txt,meme=远方传来风笛,8.0,slang_0_7_6e4e2f51,,client
slang_001,student_slang,群里又在玩-16，我只能回一个6,0,0,梗数据集_hot_speech_synth.txt,meme=-16,2.0,slang_1_0_36f34686,,client
slang_001,student_slang,网上全是-16，感觉信息过载,0,0,梗数据集_hot_speech_synth.txt,meme=-16,2.0,slang_1_0_9e404c63,,client
slang_001,student_slang,课间大家聊-16，我插不上话,0,0,梗数据集_hot_speech_synth.txt,meme=-16,2.0,slang_1_0_e5ecf803,,client
slang_001,student_slang,和室友聊到-16，大家都笑疯了,1,0,梗数据集_hot_speech_synth.txt,meme=-16,2.0,slang_1_1_6c9bf5fc,,client
slang_001,student_slang,小组作业做完，晚上靠-16快乐一下,1,0,梗数据集_hot_speech_synth.txt,meme=-16,2.0,slang_1_1_74831c6e,,client
slang_001,student_slang,刷到-16笑出猪叫，明天考试也不慌了,1,0,梗数据集_hot_speech_synth.txt,meme=-16,2.0,slang_1_1_8427698b,,client
slang_001,student_slang,被同学阴阳-16，内耗一整天,3,0,梗数据集_hot_speech_synth.txt,meme=-16,5.0,slang_1_3_b04e30d0,,client
slang_001,student_slang,又被导师-16，我直接破防了,3,0,梗数据集_hot_speech_synth.txt,meme=-16,5.0,slang_1_3_b5bac547,,client
slang_001,student_slang,挂科预警加上-16，今晚睡不着,3,0,梗数据集_hot_speech_synth.txt,meme=-16,5.0,slang_1_3_0fb195fc,,client
slang_002,student_slang,同学整天中国人不蹦洋迪，我有点跟不上梗,0,0,梗数据集_hot_speech_synth.txt,meme=中国人不蹦洋迪,2.0,slang_2_0_2efdea22,,client
slang_002,student_slang,课间大家聊中国人不蹦洋迪，我插不上话,0,0,梗数据集_hot_speech_synth.txt,meme=中国人不蹦洋迪,2.0,slang_2_0_eb7facc4,,client
slang_002,student_slang,宿舍夜谈又提到中国人不蹦洋迪，我躺着听,0,0,梗数据集_hot_speech_synth.txt,meme=中国人不蹦洋迪,2.0,slang_2_0_95fff4e8,,client
slang_002,student_slang,和室友聊到中国人不蹦洋迪，大家都笑疯了,1,0,梗数据集_hot_speech_synth.txt,meme=中国人不蹦洋迪,2.0,slang_2_1_d178026d,,client
slang_002,student_slang,朋友用中国人不蹦洋迪逗我，整个人都轻松了,1,0,梗数据集_hot_speech_synth.txt,meme=中国人不蹦洋迪,2.0,slang_2_1_6b3d9947,,client
slang_002,student_slang,刷到中国人不蹦洋迪笑出猪叫，明天考试也不慌了,1,0,梗数据集_hot_speech_synth.txt,meme=中国人不蹦洋迪,2.0,slang_2_1_805d2299,,client
slang_002,student_slang,期末周还遇到中国人不蹦洋迪，心态崩了,3,0,梗数据集_hot_speech_synth.txt,meme=中国人不蹦洋迪,5.0,slang_2_3_1cba6da8,,client
slang_002,student_slang,又被导师中国人不蹦洋迪，我直接破防了,3,0,梗数据集_hot_speech_synth.txt,meme=中国人不蹦洋迪,5.0,slang_2_3_5cd55344,,client
slang_002,student_slang,宿舍那事搞得我很中国人不蹦洋迪，真的绷不住,3,0,梗数据集_hot_speech_synth.txt,meme=中国人不蹦洋迪,5.0,slang_2_3_8b2aea1b,,client
slang_003,student_slang,网上全是万柳书院少爷，感觉信息过载,0,0,梗数据集_hot_speech_synth.txt,meme=万柳书院少爷,2.0,slang_3_0_55fcc35e,,client
slang_003,student_slang,宿舍夜谈又提到万柳书院少爷，我躺着听,0,0,梗数据集_hot_speech_synth.txt,meme=万柳书院少爷,2.0,slang_3_0_3f2a8a62,,client
slang_003,student_slang,朋友发了个万柳书院少爷，我假装看懂了,0,0,梗数据集_hot_speech_synth.txt,meme=万柳书院少爷,2.0,slang_3_0_040bd445,,client
slang_003,student_slang,刷到万柳书院少爷笑出猪叫，明天考试也不慌了,1,0,梗数据集_hot_speech_synth.txt,meme=万柳书院少爷,2.0,slang_3_1_68633c7f,,client
slang_003,student_slang,和室友聊到万柳书院少爷，大家都笑疯了,1,0,梗数据集_hot_speech_synth.txt,meme=万柳书院少爷,2.0,slang_3_1_7e8d16b1,,client
slang_003,student_slang,今天终于万柳书院少爷了，心情一下子好起来,1,0,梗数据集_hot_speech_synth.txt,meme=万柳书院少爷,2.0,slang_3_1_fb29763a,,client
slang_003,student_slang,挂科预警加上万柳书院少爷，今晚睡不着,3,0,梗数据集_hot_speech_synth.txt,meme=万柳书院少爷,5.0,slang_3_3_15e3cbe7,,client
slang_003,student_slang,期末周还遇到万柳书院少爷，心态崩了,3,0,梗数据集_hot_speech_synth.txt,meme=万柳书院少爷,5.0,slang_3_3_4e48eca9,,client
slang_003,student_slang,又被导师万柳书院少爷，我直接破防了,3,0,梗数据集_hot_speech_synth.txt,meme=万柳书院少爷,5.0,slang_3_3_91a63267,,client
slang_004,student_slang,群里又在玩老马啊老马，我只能回一个6,0,0,梗数据集_hot_speech_synth.txt,meme=老马啊老马,2.0,slang_4_0_2a010990,,client
slang_004,student_slang,宿舍夜谈又提到老马啊老马，我躺着听,0,0,梗数据集_hot_speech_synth.txt,meme=老马啊老马,2.0,slang_4_0_78b4fd5a,,client
slang_004,student_slang,网上全是老马啊老马，感觉信息过载,0,0,梗数据集_hot_speech_synth.txt,meme=老马啊老马,2.0,slang_4_0_81f2e152,,client
slang_004,student_slang,刷到老马啊老马笑出猪叫，明天考试也不慌了,1,0,梗数据集_hot_speech_synth.txt,meme=老马啊老马,2.0,slang_4_1_c0662eb2,,client
slang_004,student_slang,小组作业做完，晚上靠老马啊老马快乐一下,1,0,梗数据集_hot_speech_synth.txt,meme=老马啊老马,2.0,slang_4_1_41aa234d,,client
slang_004,student_slang,朋友用老马啊老马逗我，整个人都轻松了,1,0,梗数据集_hot_speech_synth.txt,meme=老马啊老马,2.0,slang_4_1_33d9d823,,client
slang_004,student_slang,期末周还遇到老马啊老马，心态崩了,3,0,梗数据集_hot_speech_synth.txt,meme=老马啊老马,5.0,slang_4_3_93038bb4,,client
slang_004,student_slang,又被导师老马啊老马，我直接破防了,3,0,梗数据集_hot_speech_synth.txt,meme=老马啊老马,5.0,slang_4_3_31c04288,,client
slang_004,student_slang,看到老马啊老马突然emo了，不想社交,3,0,梗数据集_hot_speech_synth.txt,meme=老马啊老马,5.0,slang_4_3_0e3015e4,,client
slang_005,student_slang,课间大家聊可颂猫，我插不上话,0,0,梗数据集_hot_speech_synth.txt,meme=可颂猫,2.0,slang_5_0_0d722710,,client
slang_005,student_slang,群里又在玩可颂猫，我只能回一个6,0,0,梗数据集_hot_speech_synth.txt,meme=可颂猫,2.0,slang_5_0_90884472,,client
slang_005,student_slang,宿舍夜谈又提到可颂猫，我躺着听,0,0,梗数据集_hot_speech_synth.txt,meme=可颂猫,2.0,slang_5_0_a9ec041c,,client
slang_005,student_slang,今天终于可颂猫了，心情一下子好起来,1,0,梗数据集_hot_speech_synth.txt,meme=可颂猫,2.0,slang_5_1_bf80d8f7,,client
slang_005,student_slang,刷到可颂猫笑出猪叫，明天考试也不慌了,1,0,梗数据集_hot_speech_synth.txt,meme=可颂猫,2.0,slang_5_1_2cc5d313,,client
slang_005,student_slang,朋友用可颂猫逗我，整个人都轻松了,1,0,梗数据集_hot_speech_synth.txt,meme=可颂猫,2.0,slang_5_1_c1b69bc3,,client
slang_005,student_slang,被同学阴阳可颂猫，内耗一整天,3,0,梗数据集_hot_speech_synth.txt,meme=可颂猫,5.0,slang_5_3_37325d28,,client
slang_005,student_slang,期末周还遇到可颂猫，心态崩了,3,0,梗数据集_hot_speech_synth.txt,meme=可颂猫,5.0,slang_5_3_df14b34f,,client
slang_005,student_slang,挂科预警加上可颂猫，今晚睡不着,3,0,梗数据集_hot_speech_synth.txt,meme=可颂猫,5.0,slang_5_3_16d0efbf,,client
slang_006,student_slang,同学整天加州女孩，我有点跟不上梗,0,0,梗数据集_hot_speech_synth.txt,meme=加州女孩,2.0,slang_6_0_0c28f5fb,,client
slang_006,student_slang,群里又在玩加州女孩，我只能回一个6,0,0,梗数据集_hot_speech_synth.txt,meme=加州女孩,2.0,slang_6_0_3d5d88d8,,client
slang_006,student_slang,课间大家聊加州女孩，我插不上话,0,0,梗数据集_hot_speech_synth.txt,meme=加州女孩,2.0,slang_6_0_17a6399b,,client
slang_006,student_slang,和室友聊到加州女孩，大家都笑疯了,1,0,梗数据集_hot_speech_synth.txt,meme=加州女孩,2.0,slang_6_1_6b2f2d57,,client
slang_006,student_slang,刷到加州女孩笑出猪叫，明天考试也不慌了,1,0,梗数据集_hot_speech_synth.txt,meme=加州女孩,2.0,slang_6_1_4eee0f7d,,client
slang_006,student_slang,今天终于加州女孩了，心情一下子好起来,1,0,梗数据集_hot_speech_synth.txt,meme=加州女孩,2.0,slang_6_1_557903af,,client
slang_006,student_slang,挂科预警加上加州女孩，今晚睡不着,3,0,梗数据集_hot_speech_synth.txt,meme=加州女孩,5.0,slang_6_3_0f7fffcf,,client
slang_006,student_slang,宿舍那事搞得我很加州女孩，真的绷不住,3,0,梗数据集_hot_speech_synth.txt,meme=加州女孩,5.0,slang_6_3_7cb4f5ed,,client
slang_006,student_slang,又被导师加州女孩，我直接破防了,3,0,梗数据集_hot_speech_synth.txt,meme=加州女孩,5.0,slang_6_3_6e9fe62a,,client
slang_007,student_slang,宿舍夜谈又提到夜の踊りXX，我躺着听,0,0,梗数据集_hot_speech_synth.txt,meme=夜の踊りXX,2.0,slang_7_0_c52cec60,,client
slang_007,student_slang,朋友发了个夜の踊りXX，我假装看懂了,0,0,梗数据集_hot_speech_synth.txt,meme=夜の踊りXX,2.0,slang_7_0_22b5fc46,,client
slang_007,student_slang,网上全是夜の踊りXX，感觉信息过载,0,0,梗数据集_hot_speech_synth.txt,meme=夜の踊りXX,2.0,slang_7_0_0be7f8eb,,client
slang_007,student_slang,刷到夜の踊りXX笑出猪叫，明天考试也不慌了,1,0,梗数据集_hot_speech_synth.txt,meme=夜の踊りXX,2.0,slang_7_1_3cd505e0,,client
slang_007,student_slang,和室友聊到夜の踊りXX，大家都笑疯了,1,0,梗数据集_hot_speech_synth.txt,meme=夜の踊りXX,2.0,slang_7_1_5a3473ae,,client
slang_007,student_slang,朋友用夜の踊りXX逗我，整个人都轻松了,1,0,梗数据集_hot_speech_synth.txt,meme=夜の踊りXX,2.0,slang_7_1_635ef11d,,client
slang_007,student_slang,期末周还遇到夜の踊りXX，心态崩了,3,0,梗数据集_hot_speech_synth.txt,meme=夜の踊りXX,5.0,slang_7_3_22ea257f,,client
slang_007,student_slang,宿舍那事搞得我很夜の踊りXX，真的绷不住,3,0,梗数据集_hot_speech_synth.txt,meme=夜の踊りXX,5.0,slang_7_3_4f24327a,,client
slang_007,student_slang,挂科预警加上夜の踊りXX，今晚睡不着,3,0,梗数据集_hot_speech_synth.txt,meme=夜の踊りXX,5.0,slang_7_3_3d68886c,,client
slang_008,student_slang,网上全是银行不妙曲，感觉信息过载,0,0,梗数据集_hot_speech_synth.txt,meme=银行不妙曲,2.0,slang_8_0_86aa0180,,client
slang_008,student_slang,群里又在玩银行不妙曲，我只能回一个6,0,0,梗数据集_hot_speech_synth.txt,meme=银行不妙曲,2.0,slang_8_0_8cec5e9c,,client
slang_008,student_slang,同学整天银行不妙曲，我有点跟不上梗,0,0,梗数据集_hot_speech_synth.txt,meme=银行不妙曲,2.0,slang_8_0_8c640800,,client
slang_008,student_slang,小组作业做完，晚上靠银行不妙曲快乐一下,1,0,梗数据集_hot_speech_synth.txt,meme=银行不妙曲,2.0,slang_8_1_6941fe63,,client
slang_008,student_slang,和室友聊到银行不妙曲，大家都笑疯了,1,0,梗数据集_hot_speech_synth.txt,meme=银行不妙曲,2.0,slang_8_1_7a712382,,client
slang_008,student_slang,今天终于银行不妙曲了，心情一下子好起来,1,0,梗数据集_hot_speech_synth.txt,meme=银行不妙曲,2.0,slang_8_1_e561f829,,client
slang_008,student_slang,看到银行不妙曲突然emo了，不想社交,3,0,梗数据集_hot_speech_synth.txt,meme=银行不妙曲,5.0,slang_8_3_dde7fe51,,client
slang_008,student_slang,挂科预警加上银行不妙曲，今晚睡不着,3,0,梗数据集_hot_speech_synth.txt,meme=银行不妙曲,5.0,slang_8_3_543eb527,,client
slang_008,student_slang,期末周还遇到银行不妙曲，心态崩了,3,0,梗数据集_hot_speech_synth.txt,meme=银行不妙曲,5.0,slang_8_3_d92e9173,,client
slang_009,student_slang,网上全是绝望的文盲，感觉信息过载,0,0,梗数据集_hot_speech_synth.txt,meme=绝望的文盲,2.0,slang_9_0_c2a0f010,,client
slang_009,student_slang,课间大家聊绝望的文盲，我插不上话,0,0,梗数据集_hot_speech_synth.txt,meme=绝望的文盲,2.0,slang_9_0_7f19f340,,client
slang_009,student_slang,同学整天绝望的文盲，我有点跟不上梗,0,0,梗数据集_hot_speech_synth.txt,meme=绝望的文盲,2.0,slang_9_0_beafce88,,client
slang_009,student_slang,刷到绝望的文盲笑出猪叫，明天考试也不慌了,1,0,梗数据集_hot_speech_synth.txt,meme=绝望的文盲,2.0,slang_9_1_0aa9d9d3,,client
slang_009,student_slang,今天终于绝望的文盲了，心情一下子好起来,1,0,梗数据集_hot_speech_synth.txt,meme=绝望的文盲,2.0,slang_9_1_a2a5f936,,client
slang_009,student_slang,朋友用绝望的文盲逗我，整个人都轻松了,1,0,梗数据集_hot_speech_synth.txt,meme=绝望的文盲,2.0,slang_9_1_b4dacae0,,client
slang_009,student_slang,挂科预警加上绝望的文盲，今晚睡不着,3,0,梗数据集_hot_speech_synth.txt,meme=绝望的文盲,5.0,slang_9_3_55365b3b,,client
slang_009,student_slang,又被导师绝望的文盲，我直接破防了,3,0,梗数据集_hot_speech_synth.txt,meme=绝望的文盲,5.0,slang_9_3_c27e1871,,client
slang_009,student_slang,期末周还遇到绝望的文盲，心态崩了,3,0,梗数据集_hot_speech_synth.txt,meme=绝望的文盲,5.0,slang_9_3_af86b282,,client
slang_010,student_slang,宿舍夜谈又提到电影院睡了三个小时，我躺着听,0,0,梗数据集_hot_speech_synth.txt,meme=电影院睡了三个小时,2.0,slang_10_0_3d7f42dc,,client
slang_010,student_slang,朋友发了个电影院睡了三个小时，我假装看懂了,0,0,梗数据集_hot_speech_synth.txt,meme=电影院睡了三个小时,2.0,slang_10_0_9c6cc54d,,client
slang_010,student_slang,群里又在玩电影院睡了三个小时，我只能回一个6,0,0,梗数据集_hot_speech_synth.txt,meme=电影院睡了三个小时,2.0,slang_10_0_436738b4,,client
slang_010,student_slang,和室友聊到电影院睡了三个小时，大家都笑疯了,1,0,梗数据集_hot_speech_synth.txt,meme=电影院睡了三个小时,2.0,slang_10_1_9799d797,,client
slang_010,student_slang,刷到电影院睡了三个小时笑出猪叫，明天考试也不慌了,1,0,梗数据集_hot_speech_synth.txt,meme=电影院睡了三个小时,2.0,slang_10_1_defd1243,,client
slang_010,student_slang,今天终于电影院睡了三个小时了，心情一下子好起来,1,0,梗数据集_hot_speech_synth.txt,meme=电影院睡了三个小时,2.0,slang_10_1_f447e4b7,,client
slang_010,student_slang,秋招碰壁，刷到电影院睡了三个小时更焦虑了,3,0,梗数据集_hot_speech_synth.txt,meme=电影院睡了三个小时,5.0,slang_10_3_e36526a4,,client
slang_010,student_slang,看到电影院睡了三个小时突然emo了，不想社交,3,0,梗数据集_hot_speech_synth.txt,meme=电影院睡了三个小时,5.0,slang_10_3_7a6fcffe,,client
slang_010,student_slang,挂科预警加上电影院睡了三个小时，今晚睡不着,3,0,梗数据集_hot_speech_synth.txt,meme=电影院睡了三个小时,5.0,slang_10_3_0ed4cfb3,,client
slang_011,student_slang,网上全是顶级厨师九转大肠，感觉信息过载,0,0,梗数据集_hot_speech_synth.txt,meme=顶级厨师九转大肠,2.0,slang_11_0_557f131e,,client
slang_011,student_slang,宿舍夜谈又提到顶级厨师九转大肠，我躺着听,0,0,梗数据集_hot_speech_synth.txt,meme=顶级厨师九转大肠,2.0,slang_11_0_cbdd0b2e,,client
slang_011,student_slang,同学整天顶级厨师九转大肠，我有点跟不上梗,0,0,梗数据集_hot_speech_synth.txt,meme=顶级厨师九转大肠,2.0,slang_11_0_20c02ce2,,client
slang_011,student_slang,刷到顶级厨师九转大肠笑出猪叫，明天考试也不慌了,1,0,梗数据集_hot_speech_synth.txt,meme=顶级厨师九转大肠,2.0,slang_11_1_7c0c07c1,,client
slang_011,student_slang,和室友聊到顶级厨师九转大肠，大家都笑疯了,1,0,梗数据集_hot_speech_synth.txt,meme=顶级厨师九转大肠,2.0,slang_11_1_9eec51be,,client
slang_011,student_slang,今天终于顶级厨师九转大肠了，心情一下子好起来,1,0,梗数据集_hot_speech_synth.txt,meme=顶级厨师九转大肠,2.0,slang_11_1_038257a8,,client
slang_011,student_slang,秋招碰壁，刷到顶级厨师九转大肠更焦虑了,3,0,梗数据集_hot_speech_synth.txt,meme=顶级厨师九转大肠,5.0,slang_11_3_48224be1,,client
slang_011,student_slang,被同学阴阳顶级厨师九转大肠，内耗一整天,3,0,梗数据集_hot_speech_synth.txt,meme=顶级厨师九转大肠,5.0,slang_11_3_64a5eccc,,client
slang_011,student_slang,挂科预警加上顶级厨师九转大肠，今晚睡不着,3,0,梗数据集_hot_speech_synth.txt,meme=顶级厨师九转大肠,5.0,slang_11_3_82bca223,,client
slang_012,student_slang,朋友发了个鼠鼠文学，我假装看懂了,0,0,梗数据集_hot_speech_synth.txt,meme=鼠鼠文学,2.0,slang_12_0_85ee38cb,,client
slang_012,student_slang,课间大家聊鼠鼠文学，我插不上话,0,0,梗数据集_hot_speech_synth.txt,meme=鼠鼠文学,2.0,slang_12_0_1e31a1b0,,client
slang_012,student_slang,宿舍夜谈又提到鼠鼠文学，我躺着听,0,0,梗数据集_hot_speech_synth.txt,meme=鼠鼠文学,2.0,slang_12_0_10985af9,,client
slang_012,student_slang,小组作业做完，晚上靠鼠鼠文学快乐一下,1,0,梗数据集_hot_speech_synth.txt,meme=鼠鼠文学,2.0,slang_12_1_8b3d1423,,client
slang_012,student_slang,朋友用鼠鼠文学逗我，整个人都轻松了,1,0,梗数据集_hot_speech_synth.txt,meme=鼠鼠文学,2.0,slang_12_1_3659e525,,client
slang_012,student_slang,和室友聊到鼠鼠文学，大家都笑疯了,1,0,梗数据集_hot_speech_synth.txt,meme=鼠鼠文学,2.0,slang_12_1_f72cac7b,,client
slang_012,student_slang,宿舍那事搞得我很鼠鼠文学，真的绷不住,3,0,梗数据集_hot_speech_synth.txt,meme=鼠鼠文学,5.0,slang_12_3_f4d8bb48,,client
slang_012,student_slang,挂科预警加上鼠鼠文学，今晚睡不着,3,0,梗数据集_hot_speech_synth.txt,meme=鼠鼠文学,5.0,slang_12_3_a8b537ee,,client
slang_012,student_slang,被同学阴阳鼠鼠文学，内耗一整天,3,0,梗数据集_hot_speech_synth.txt,meme=鼠鼠文学,5.0,slang_12_3_36090d92,,client
slang_013,student_slang,宿舍夜谈又提到长鼻狗，我躺着听,0,0,梗数据集_hot_speech_synth.txt,meme=长鼻狗,2.0,slang_13_0_aa5a7b02,,client
slang_013,student_slang,群里又在玩长鼻狗，我只能回一个6,0,0,梗数据集_hot_speech_synth.txt,meme=长鼻狗,2.0,slang_13_0_e845ecfb,,client
slang_013,student_slang,课间大家聊长鼻狗，我插不上话,0,0,梗数据集_hot_speech_synth.txt,meme=长鼻狗,2.0,slang_13_0_9d97a3ca,,client
slang_013,student_slang,今天终于长鼻狗了，心情一下子好起来,1,0,梗数据集_hot_speech_synth.txt,meme=长鼻狗,2.0,slang_13_1_6a28f132,,client
slang_013,student_slang,和室友聊到长鼻狗，大家都笑疯了,1,0,梗数据集_hot_speech_synth.txt,meme=长鼻狗,2.0,slang_13_1_6d233e6d,,client
slang_013,student_slang,刷到长鼻狗笑出猪叫，明天考试也不慌了,1,0,梗数据集_hot_speech_synth.txt,meme=长鼻狗,2.0,slang_13_1_65e4ec19,,client
slang_013,student_slang,宿舍那事搞得我很长鼻狗，真的绷不住,3,0,梗数据集_hot_speech_synth.txt,meme=长鼻狗,5.0,slang_13_3_43feabd6,,client
slang_013,student_slang,秋招碰壁，刷到长鼻狗更焦虑了,3,0,梗数据集_hot_speech_synth.txt,meme=长鼻狗,5.0,slang_13_3_cc40e75e,,client
slang_013,student_slang,看到长鼻狗突然emo了，不想社交,3,0,梗数据集_hot_speech_synth.txt,meme=长鼻狗,5.0,slang_13_3_052cdf14,,client
slang_014,student_slang,课间大家聊青海摇，我插不上话,0,0,梗数据集_hot_speech_synth.txt,meme=青海摇,2.0,slang_14_0_097a3d53,,client
slang_014,student_slang,群里又在玩青海摇，我只能回一个6,0,0,梗数据集_hot_speech_synth.txt,meme=青海摇,2.0,slang_14_0_aec18c2a,,client
slang_014,student_slang,宿舍夜谈又提到青海摇，我躺着听,0,0,梗数据集_hot_speech_synth.txt,meme=青海摇,2.0,slang_14_0_e588f3af,,client
slang_014,student_slang,朋友用青海摇逗我，整个人都轻松了,1,0,梗数据集_hot_speech_synth.txt,meme=青海摇,2.0,slang_14_1_0394731f,,client
slang_014,student_slang,小组作业做完，晚上靠青海摇快乐一下,1,0,梗数据集_hot_speech_synth.txt,meme=青海摇,2.0,slang_14_1_f605d55d,,client
slang_014,student_slang,刷到青海摇笑出猪叫，明天考试也不慌了,1,0,梗数据集_hot_speech_synth.txt,meme=青海摇,2.0,slang_14_1_e42e1f22,,client
slang_014,student_slang,期末周还遇到青海摇，心态崩了,3,0,梗数据集_hot_speech_synth.txt,meme=青海摇,5.0,slang_14_3_012f63fb,,client
slang_014,student_slang,被同学阴阳青海摇，内耗一整天,3,0,梗数据集_hot_speech_synth.txt,meme=青海摇,5.0,slang_14_3_40d93040,,client
slang_014,student_slang,又被导师青海摇，我直接破防了,3,0,梗数据集_hot_speech_synth.txt,meme=青海摇,5.0,slang_14_3_d5f901d5,,client
slang_015,student_slang,网上全是阳光开朗大男孩，感觉信息过载,0,0,梗数据集_hot_speech_synth.txt,meme=阳光开朗大男孩,2.0,slang_15_0_4438004d,,client
slang_015,student_slang,群里又在玩阳光开朗大男孩，我只能回一个6,0,0,梗数据集_hot_speech_synth.txt,meme=阳光开朗大男孩,2.0,slang_15_0_4d5463bc,,client
slang_015,student_slang,朋友发了个阳光开朗大男孩，我假装看懂了,0,0,梗数据集_hot_speech_synth.txt,meme=阳光开朗大男孩,2.0,slang_15_0_54044689,,client
slang_015,student_slang,刷到阳光开朗大男孩笑出猪叫，明天考试也不慌了,1,0,梗数据集_hot_speech_synth.txt,meme=阳光开朗大男孩,2.0,slang_15_1_65052971,,client
slang_015,student_slang,今天终于阳光开朗大男孩了，心情一下子好起来,1,0,梗数据集_hot_speech_synth.txt,meme=阳光开朗大男孩,2.0,slang_15_1_1839c8ba,,client
slang_015,student_slang,和室友聊到阳光开朗大男孩，大家都笑疯了,1,0,梗数据集_hot_speech_synth.txt,meme=阳光开朗大男孩,2.0,slang_15_1_e9685f8a,,client
slang_015,student_slang,看到阳光开朗大男孩突然emo了，不想社交,3,0,梗数据集_hot_speech_synth.txt,meme=阳光开朗大男孩,5.0,slang_15_3_eaa00d5d,,client
slang_015,student_slang,宿舍那事搞得我很阳光开朗大男孩，真的绷不住,3,0,梗数据集_hot_speech_synth.txt,meme=阳光开朗大男孩,5.0,slang_15_3_67d9f126,,client
slang_015,student_slang,挂科预警加上阳光开朗大男孩，今晚睡不着,3,0,梗数据集_hot_speech_synth.txt,meme=阳光开朗大男孩,5.0,slang_15_3_e0b77e2e,,client
slang_016,student_slang,群里又在玩英雄联盟马服，我只能回一个6,0,0,梗数据集_hot_speech_synth.txt,meme=英雄联盟马服,2.0,slang_16_0_7575c6c1,,client
slang_016,student_slang,朋友发了个英雄联盟马服，我假装看懂了,0,0,梗数据集_hot_speech_synth.txt,meme=英雄联盟马服,2.0,slang_16_0_103fc613,,client
slang_016,student_slang,同学整天英雄联盟马服，我有点跟不上梗,0,0,梗数据集_hot_speech_synth.txt,meme=英雄联盟马服,2.0,slang_16_0_0ab2bbcc,,client
slang_016,student_slang,小组作业做完，晚上靠英雄联盟马服快乐一下,1,0,梗数据集_hot_speech_synth.txt,meme=英雄联盟马服,2.0,slang_16_1_d1459dc9,,client
slang_016,student_slang,今天终于英雄联盟马服了，心情一下子好起来,1,0,梗数据集_hot_speech_synth.txt,meme=英雄联盟马服,2.0,slang_16_1_0c636da7,,client
slang_016,student_slang,刷到英雄联盟马服笑出猪叫，明天考试也不慌了,1,0,梗数据集_hot_speech_synth.txt,meme=英雄联盟马服,2.0,slang_16_1_368c2d7d,,client
slang_016,student_slang,期末周还遇到英雄联盟马服，心态崩了,3,0,梗数据集_hot_speech_synth.txt,meme=英雄联盟马服,5.0,slang_16_3_8c9e2f7d,,client
slang_016,student_slang,秋招碰壁，刷到英雄联盟马服更焦虑了,3,0,梗数据集_hot_speech_synth.txt,meme=英雄联盟马服,5.0,slang_16_3_d61af95e,,client
slang_016,student_slang,被同学阴阳英雄联盟马服，内耗一整天,3,0,梗数据集_hot_speech_synth.txt,meme=英雄联盟马服,5.0,slang_16_3_cd37a9ed,,client
slang_017,student_slang,课间大家聊sigma表情，我插不上话,0,0,梗数据集_hot_speech_synth.txt,meme=sigma表情,2.0,slang_17_0_c63da43b,,client
slang_017,student_slang,同学整天sigma表情，我有点跟不上梗,0,0,梗数据集_hot_speech_synth.txt,meme=sigma表情,2.0,slang_17_0_284f6ecc,,client
slang_017,student_slang,网上全是sigma表情，感觉信息过载,0,0,梗数据集_hot_speech_synth.txt,meme=sigma表情,2.0,slang_17_0_f66783a8,,client
slang_017,student_slang,刷到sigma表情笑出猪叫，明天考试也不慌了,1,0,梗数据集_hot_speech_synth.txt,meme=sigma表情,2.0,slang_17_1_31734290,,client
slang_017,student_slang,和室友聊到sigma表情，大家都笑疯了,1,0,梗数据集_hot_speech_synth.txt,meme=sigma表情,2.0,slang_17_1_e05e7a04,,client
slang_017,student_slang,小组作业做完，晚上靠sigma表情快乐一下,1,0,梗数据集_hot_speech_synth.txt,meme=sigma表情,2.0,slang_17_1_427290d2,,client
slang_017,student_slang,挂科预警加上sigma表情，今晚睡不着,3,0,梗数据集_hot_speech_synth.txt,meme=sigma表情,5.0,slang_17_3_61bf770e,,client
slang_017,student_slang,被同学阴阳sigma表情，内耗一整天,3,0,梗数据集_hot_speech_synth.txt,meme=sigma表情,5.0,slang_17_3_de8f93f0,,client
slang_017,student_slang,又被导师sigma表情，我直接破防了,3,0,梗数据集_hot_speech_synth.txt,meme=sigma表情,5.0,slang_17_3_f23b2c97,,client
slang_017,student_slang,旁边人都在sigma表情，我却觉得自己很失败,7,1,梗数据集_hot_speech_synth.txt,meme=sigma表情,8.0,slang_17_7_b1c80222,,client
slang_017,student_slang,被sigma表情搞到撑不下去了，真的好累,7,1,梗数据集_hot_speech_synth.txt,meme=sigma表情,8.0,slang_17_7_3fc519c7,,client
slang_017,student_slang,最近满脑子都是sigma表情，感觉活着没意思,7,1,梗数据集_hot_speech_synth.txt,meme=sigma表情,8.0,slang_17_7_7177d8c0,,client
slang_018,student_slang,群里又在玩蝉鸣文学，我只能回一个6,0,0,梗数据集_hot_speech_synth.txt,meme=蝉鸣文学,2.0,slang_18_0_6fc4661d,,client
slang_018,student_slang,网上全是蝉鸣文学，感觉信息过载,0,0,梗数据集_hot_speech_synth.txt,meme=蝉鸣文学,2.0,slang_18_0_917708d6,,client
slang_018,student_slang,朋友发了个蝉鸣文学，我假装看懂了,0,0,梗数据集_hot_speech_synth.txt,meme=蝉鸣文学,2.0,slang_18_0_4da4c832,,client
slang_018,student_slang,刷到蝉鸣文学笑出猪叫，明天考试也不慌了,1,0,梗数据集_hot_speech_synth.txt,meme=蝉鸣文学,2.0,slang_18_1_33c96336,,client
slang_018,student_slang,和室友聊到蝉鸣文学，大家都笑疯了,1,0,梗数据集_hot_speech_synth.txt,meme=蝉鸣文学,2.0,slang_18_1_55fe5fa1,,client
slang_018,student_slang,今天终于蝉鸣文学了，心情一下子好起来,1,0,梗数据集_hot_speech_synth.txt,meme=蝉鸣文学,2.0,slang_18_1_c5e1d24b,,client
slang_018,student_slang,宿舍那事搞得我很蝉鸣文学，真的绷不住,3,0,梗数据集_hot_speech_synth.txt,meme=蝉鸣文学,5.0,slang_18_3_9a7eb5d3,,client
slang_018,student_slang,被同学阴阳蝉鸣文学，内耗一整天,3,0,梗数据集_hot_speech_synth.txt,meme=蝉鸣文学,5.0,slang_18_3_c765844e,,client
slang_018,student_slang,又被导师蝉鸣文学，我直接破防了,3,0,梗数据集_hot_speech_synth.txt,meme=蝉鸣文学,5.0,slang_18_3_73cfec1a,,client
slang_019,student_slang,群里又在玩甜美的空气，我只能回一个6,0,0,梗数据集_hot_speech_synth.txt,meme=甜美的空气,2.0,slang_19_0_7190d05c,,client
slang_019,student_slang,宿舍夜谈又提到甜美的空气，我躺着听,0,0,梗数据集_hot_speech_synth.txt,meme=甜美的空气,2.0,slang_19_0_cdff6581,,client
slang_019,student_slang,网上全是甜美的空气，感觉信息过载,0,0,梗数据集_hot_speech_synth.txt,meme=甜美的空气,2.0,slang_19_0_1dd8b9fb,,client
slang_019,student_slang,小组作业做完，晚上靠甜美的空气快乐一下,1,0,梗数据集_hot_speech_synth.txt,meme=甜美的空气,2.0,slang_19_1_86c376d8,,client
slang_019,student_slang,和室友聊到甜美的空气，大家都笑疯了,1,0,梗数据集_hot_speech_synth.txt,meme=甜美的空气,2.0,slang_19_1_104a77ad,,client
slang_019,student_slang,今天终于甜美的空气了，心情一下子好起来,1,0,梗数据集_hot_speech_synth.txt,meme=甜美的空气,2.0,slang_19_1_2e797384,,client
slang_019,student_slang,秋招碰壁，刷到甜美的空气更焦虑了,3,0,梗数据集_hot_speech_synth.txt,meme=甜美的空气,5.0,slang_19_3_c9572346,,client
slang_019,student_slang,看到甜美的空气突然emo了，不想社交,3,0,梗数据集_hot_speech_synth.txt,meme=甜美的空气,5.0,slang_19_3_7ea232dd,,client
slang_019,student_slang,被同学阴阳甜美的空气，内耗一整天,3,0,梗数据集_hot_speech_synth.txt,meme=甜美的空气,5.0,slang_19_3_99452c13,,client
slang_020,student_slang,同学整天我放弃了xx，我原本想xx，我有点跟不上梗,0,0,梗数据集_hot_speech_synth.txt,meme=我放弃了xx，我原本想xx,2.0,slang_20_0_fefcfbe3,,client
slang_020,student_slang,朋友发了个我放弃了xx，我原本想xx，我假装看懂了,0,0,梗数据集_hot_speech_synth.txt,meme=我放弃了xx，我原本想xx,2.0,slang_20_0_a3e8897a,,client
slang_020,student_slang,宿舍夜谈又提到我放弃了xx，我原本想xx，我躺着听,0,0,梗数据集_hot_speech_synth.txt,meme=我放弃了xx，我原本想xx,2.0,slang_20_0_5d3b4209,,client
slang_020,student_slang,和室友聊到我放弃了xx，我原本想xx，大家都笑疯了,1,0,梗数据集_hot_speech_synth.txt,meme=我放弃了xx，我原本想xx,2.0,slang_20_1_0c45287c,,client
slang_020,student_slang,小组作业做完，晚上靠我放弃了xx，我原本想xx快乐一下,1,0,梗数据集_hot_speech_synth.txt,meme=我放弃了xx，我原本想xx,2.0,slang_20_1_1cc2fef6,,client
slang_020,student_slang,刷到我放弃了xx，我原本想xx笑出猪叫，明天考试也不慌了,1,0,梗数据集_hot_speech_synth.txt,meme=我放弃了xx，我原本想xx,2.0,slang_20_1_06bf3070,,client
slang_020,student_slang,期末周还遇到我放弃了xx，我原本想xx，心态崩了,3,0,梗数据集_hot_speech_synth.txt,meme=我放弃了xx，我原本想xx,5.0,slang_20_3_d9f74493,,client
slang_020,student_slang,看到我放弃了xx，我原本想xx突然emo了，不想社交,3,0,梗数据集_hot_speech_synth.txt,meme=我放弃了xx，我原本想xx,5.0,slang_20_3_a1a6e561,,client
slang_020,student_slang,挂科预警加上我放弃了xx，我原本想xx，今晚睡不着,3,0,梗数据集_hot_speech_synth.txt,meme=我放弃了xx，我原本想xx,5.0,slang_20_3_ece5f57a,,client
slang_021,student_slang,宿舍夜谈又提到爱如火，我躺着听,0,0,梗数据集_hot_speech_synth.txt,meme=爱如火,2.0,slang_21_0_121dbff8,,client
slang_021,student_slang,课间大家聊爱如火，我插不上话,0,0,梗数据集_hot_speech_synth.txt,meme=爱如火,2.0,slang_21_0_bd32b953,,client
slang_021,student_slang,网上全是爱如火，感觉信息过载,0,0,梗数据集_hot_speech_synth.txt,meme=爱如火,2.0,slang_21_0_182e34f3,,client
slang_021,student_slang,今天终于爱如火了，心情一下子好起来,1,0,梗数据集_hot_speech_synth.txt,meme=爱如火,2.0,slang_21_1_e444d2f8,,client
slang_021,student_slang,和室友聊到爱如火，大家都笑疯了,1,0,梗数据集_hot_speech_synth.txt,meme=爱如火,2.0,slang_21_1_02ffb433,,client
slang_021,student_slang,小组作业做完，晚上靠爱如火快乐一下,1,0,梗数据集_hot_speech_synth.txt,meme=爱如火,2.0,slang_21_1_1daf8e3d,,client
slang_021,student_slang,又被导师爱如火，我直接破防了,3,0,梗数据集_hot_speech_synth.txt,meme=爱如火,5.0,slang_21_3_f8f3148f,,client
slang_021,student_slang,期末周还遇到爱如火，心态崩了,3,0,梗数据集_hot_speech_synth.txt,meme=爱如火,5.0,slang_21_3_5e5c1af3,,client
slang_021,student_slang,挂科预警加上爱如火，今晚睡不着,3,0,梗数据集_hot_speech_synth.txt,meme=爱如火,5.0,slang_21_3_66ab21a5,,client
slang_022,student_slang,课间大家聊变态冰箱，我插不上话,0,0,梗数据集_hot_speech_synth.txt,meme=变态冰箱,2.0,slang_22_0_a7009405,,client
slang_022,student_slang,网上全是变态冰箱，感觉信息过载,0,0,梗数据集_hot_speech_synth.txt,meme=变态冰箱,2.0,slang_22_0_65003fa4,,client
slang_022,student_slang,同学整天变态冰箱，我有点跟不上梗,0,0,梗数据集_hot_speech_synth.txt,meme=变态冰箱,2.0,slang_22_0_723e29e6,,client
slang_022,student_slang,小组作业做完，晚上靠变态冰箱快乐一下,1,0,梗数据集_hot_speech_synth.txt,meme=变态冰箱,2.0,slang_22_1_c77e2041,,client
slang_022,student_slang,和室友聊到变态冰箱，大家都笑疯了,1,0,梗数据集_hot_speech_synth.txt,meme=变态冰箱,2.0,slang_22_1_ce6e7959,,client
slang_022,student_slang,今天终于变态冰箱了，心情一下子好起来,1,0,梗数据集_hot_speech_synth.txt,meme=变态冰箱,2.0,slang_22_1_82efe919,,client
slang_022,student_slang,又被导师变态冰箱，我直接破防了,3,0,梗数据集_hot_speech_synth.txt,meme=变态冰箱,5.0,slang_22_3_1a9911be,,client
slang_022,student_slang,秋招碰壁，刷到变态冰箱更焦虑了,3,0,梗数据集_hot_speech_synth.txt,meme=变态冰箱,5.0,slang_22_3_3a49984d,,client
slang_022,student_slang,挂科预警加上变态冰箱，今晚睡不着,3,0,梗数据集_hot_speech_synth.txt,meme=变态冰箱,5.0,slang_22_3_a127aed3,,client
slang_023,student_slang,同学整天XX是一个魁梧女子，我有点跟不上梗,0,0,梗数据集_hot_speech_synth.txt,meme=XX是一个魁梧女子,2.0,slang_23_0_fe0d990b,,client
slang_023,student_slang,群里又在玩XX是一个魁梧女子，我只能回一个6,0,0,梗数据集_hot_speech_synth.txt,meme=XX是一个魁梧女子,2.0,slang_23_0_0a8e16de,,client
slang_023,student_slang,课间大家聊XX是一个魁梧女子，我插不上话,0,0,梗数据集_hot_speech_synth.txt,meme=XX是一个魁梧女子,2.0,slang_23_0_e90aae46,,client
slang_023,student_slang,刷到XX是一个魁梧女子笑出猪叫，明天考试也不慌了,1,0,梗数据集_hot_speech_synth.txt,meme=XX是一个魁梧女子,2.0,slang_23_1_5f145cb7,,client
slang_023,student_slang,今天终于XX是一个魁梧女子了，心情一下子好起来,1,0,梗数据集_hot_speech_synth.txt,meme=XX是一个魁梧女子,2.0,slang_23_1_feeb2a98,,client
slang_023,student_slang,小组作业做完，晚上靠XX是一个魁梧女子快乐一下,1,0,梗数据集_hot_speech_synth.txt,meme=XX是一个魁梧女子,2.0,slang_23_1_8fb6d5fd,,client
slang_023,student_slang,宿舍那事搞得我很XX是一个魁梧女子，真的绷不住,3,0,梗数据集_hot_speech_synth.txt,meme=XX是一个魁梧女子,5.0,slang_23_3_f194ee8b,,client
slang_023,student_slang,期末周还遇到XX是一个魁梧女子，心态崩了,3,0,梗数据集_hot_speech_synth.txt,meme=XX是一个魁梧女子,5.0,slang_23_3_310b36f9,,client
slang_023,student_slang,看到XX是一个魁梧女子突然emo了，不想社交,3,0,梗数据集_hot_speech_synth.txt,meme=XX是一个魁梧女子,5.0,slang_23_3_08047acd,,client
slang_024,student_slang,同学整天奶嗝文学，我有点跟不上梗,0,0,梗数据集_hot_speech_synth.txt,meme=奶嗝文学,2.0,slang_24_0_85184634,,client
slang_024,student_slang,课间大家聊奶嗝文学，我插不上话,0,0,梗数据集_hot_speech_synth.txt,meme=奶嗝文学,2.0,slang_24_0_8b769f27,,client
slang_024,student_slang,网上全是奶嗝文学，感觉信息过载,0,0,梗数据集_hot_speech_synth.txt,meme=奶嗝文学,2.0,slang_24_0_b0d417d8,,client
slang_024,student_slang,小组作业做完，晚上靠奶嗝文学快乐一下,1,0,梗数据集_hot_speech_synth.txt,meme=奶嗝文学,2.0,slang_24_1_2a4fab21,,client
slang_024,student_slang,朋友用奶嗝文学逗我，整个人都轻松了,1,0,梗数据集_hot_speech_synth.txt,meme=奶嗝文学,2.0,slang_24_1_1d34a40e,,client
slang_024,student_slang,今天终于奶嗝文学了，心情一下子好起来,1,0,梗数据集_hot_speech_synth.txt,meme=奶嗝文学,2.0,slang_24_1_e4d6300f,,client
slang_024,student_slang,挂科预警加上奶嗝文学，今晚睡不着,3,0,梗数据集_hot_speech_synth.txt,meme=奶嗝文学,5.0,slang_24_3_180db56d,,client
slang_024,student_slang,看到奶嗝文学突然emo了，不想社交,3,0,梗数据集_hot_speech_synth.txt,meme=奶嗝文学,5.0,slang_24_3_5d174a0c,,client
slang_024,student_slang,秋招碰壁，刷到奶嗝文学更焦虑了,3,0,梗数据集_hot_speech_synth.txt,meme=奶嗝文学,5.0,slang_24_3_293155de,,client
slang_025,student_slang,同学整天华语乐坛新四大天王，我有点跟不上梗,0,0,梗数据集_hot_speech_synth.txt,meme=华语乐坛新四大天王,2.0,slang_25_0_ddc0ba91,,client
slang_025,student_slang,群里又在玩华语乐坛新四大天王，我只能回一个6,0,0,梗数据集_hot_speech_synth.txt,meme=华语乐坛新四大天王,2.0,slang_25_0_e17f6a14,,client
slang_025,student_slang,课间大家聊华语乐坛新四大天王，我插不上话,0,0,梗数据集_hot_speech_synth.txt,meme=华语乐坛新四大天王,2.0,slang_25_0_428a5858,,client
slang_025,student_slang,朋友用华语乐坛新四大天王逗我，整个人都轻松了,1,0,梗数据集_hot_speech_synth.txt,meme=华语乐坛新四大天王,2.0,slang_25_1_f4bb3e0e,,client
slang_025,student_slang,刷到华语乐坛新四大天王笑出猪叫，明天考试也不慌了,1,0,梗数据集_hot_speech_synth.txt,meme=华语乐坛新四大天王,2.0,slang_25_1_15e3dd0a,,client
slang_025,student_slang,和室友聊到华语乐坛新四大天王，大家都笑疯了,1,0,梗数据集_hot_speech_synth.txt,meme=华语乐坛新四大天王,2.0,slang_25_1_4427c9c6,,client
slang_025,student_slang,看到华语乐坛新四大天王突然emo了，不想社交,3,0,梗数据集_hot_speech_synth.txt,meme=华语乐坛新四大天王,5.0,slang_25_3_c92e7ffe,,client
slang_025,student_slang,挂科预警加上华语乐坛新四大天王，今晚睡不着,3,0,梗数据集_hot_speech_synth.txt,meme=华语乐坛新四大天王,5.0,slang_25_3_d9b88de3,,client
slang_025,student_slang,又被导师华语乐坛新四大天王，我直接破防了,3,0,梗数据集_hot_speech_synth.txt,meme=华语乐坛新四大天王,5.0,slang_25_3_8d9926f7,,client
slang_026,student_slang,网上全是我承认阁下很强，感觉信息过载,0,0,梗数据集_hot_speech_synth.txt,meme=我承认阁下很强,2.0,slang_26_0_c3f1abab,,client
slang_026,student_slang,群里又在玩我承认阁下很强，我只能回一个6,0,0,梗数据集_hot_speech_synth.txt,meme=我承认阁下很强,2.0,slang_26_0_e1b2725a,,client
slang_026,student_slang,课间大家聊我承认阁下很强，我插不上话,0,0,梗数据集_hot_speech_synth.txt,meme=我承认阁下很强,2.0,slang_26_0_942346dc,,client
slang_026,student_slang,朋友用我承认阁下很强逗我，整个人都轻松了,1,0,梗数据集_hot_speech_synth.txt,meme=我承认阁下很强,2.0,slang_26_1_5280d8f1,,client
slang_026,student_slang,刷到我承认阁下很强笑出猪叫，明天考试也不慌了,1,0,梗数据集_hot_speech_synth.txt,meme=我承认阁下很强,2.0,slang_26_1_89995a3c,,client
slang_026,student_slang,今天终于我承认阁下很强了，心情一下子好起来,1,0,梗数据集_hot_speech_synth.txt,meme=我承认阁下很强,2.0,slang_26_1_b77447c1,,client
slang_026,student_slang,宿舍那事搞得我很我承认阁下很强，真的绷不住,3,0,梗数据集_hot_speech_synth.txt,meme=我承认阁下很强,5.0,slang_26_3_eda4249f,,client
slang_026,student_slang,挂科预警加上我承认阁下很强，今晚睡不着,3,0,梗数据集_hot_speech_synth.txt,meme=我承认阁下很强,5.0,slang_26_3_e9633db7,,client
slang_026,student_slang,秋招碰壁，刷到我承认阁下很强更焦虑了,3,0,梗数据集_hot_speech_synth.txt,meme=我承认阁下很强,5.0,slang_26_3_60d58c9c,,client
slang_027,student_slang,课间大家聊猫鼠队，我插不上话,0,0,梗数据集_hot_speech_synth.txt,meme=猫鼠队,2.0,slang_27_0_234e0d80,,client
slang_027,student_slang,宿舍夜谈又提到猫鼠队，我躺着听,0,0,梗数据集_hot_speech_synth.txt,meme=猫鼠队,2.0,slang_27_0_727c0bba,,client
slang_027,student_slang,同学整天猫鼠队，我有点跟不上梗,0,0,梗数据集_hot_speech_synth.txt,meme=猫鼠队,2.0,slang_27_0_5fae840e,,client
slang_027,student_slang,朋友用猫鼠队逗我，整个人都轻松了,1,0,梗数据集_hot_speech_synth.txt,meme=猫鼠队,2.0,slang_27_1_46394f07,,client
slang_027,student_slang,和室友聊到猫鼠队，大家都笑疯了,1,0,梗数据集_hot_speech_synth.txt,meme=猫鼠队,2.0,slang_27_1_d0ac43b1,,client
slang_027,student_slang,小组作业做完，晚上靠猫鼠队快乐一下,1,0,梗数据集_hot_speech_synth.txt,meme=猫鼠队,2.0,slang_27_1_e30f84f3,,client
slang_027,student_slang,看到猫鼠队突然emo了，不想社交,3,0,梗数据集_hot_speech_synth.txt,meme=猫鼠队,5.0,slang_27_3_ce27c93b,,client
slang_027,student_slang,宿舍那事搞得我很猫鼠队，真的绷不住,3,0,梗数据集_hot_speech_synth.txt,meme=猫鼠队,5.0,slang_27_3_be973dbb,,client
slang_027,student_slang,又被导师猫鼠队，我直接破防了,3,0,梗数据集_hot_speech_synth.txt,meme=猫鼠队,5.0,slang_27_3_9ef30913,,client
slang_028,student_slang,宿舍夜谈又提到乌龟大师仙逝，我躺着听,0,0,梗数据集_hot_speech_synth.txt,meme=乌龟大师仙逝,2.0,slang_28_0_4d5b67da,,client
slang_028,student_slang,课间大家聊乌龟大师仙逝，我插不上话,0,0,梗数据集_hot_speech_synth.txt,meme=乌龟大师仙逝,2.0,slang_28_0_4c1f8a45,,client
slang_028,student_slang,群里又在玩乌龟大师仙逝，我只能回一个6,0,0,梗数据集_hot_speech_synth.txt,meme=乌龟大师仙逝,2.0,slang_28_0_93944d9c,,client
slang_028,student_slang,今天终于乌龟大师仙逝了，心情一下子好起来,1,0,梗数据集_hot_speech_synth.txt,meme=乌龟大师仙逝,2.0,slang_28_1_5bdd0c24,,client
slang_028,student_slang,小组作业做完，晚上靠乌龟大师仙逝快乐一下,1,0,梗数据集_hot_speech_synth.txt,meme=乌龟大师仙逝,2.0,slang_28_1_4c9db167,,client
slang_028,student_slang,朋友用乌龟大师仙逝逗我，整个人都轻松了,1,0,梗数据集_hot_speech_synth.txt,meme=乌龟大师仙逝,2.0,slang_28_1_cda5dd93,,client
slang_028,student_slang,挂科预警加上乌龟大师仙逝，今晚睡不着,3,0,梗数据集_hot_speech_synth.txt,meme=乌龟大师仙逝,5.0,slang_28_3_3a8ce29e,,client
slang_028,student_slang,宿舍那事搞得我很乌龟大师仙逝，真的绷不住,3,0,梗数据集_hot_speech_synth.txt,meme=乌龟大师仙逝,5.0,slang_28_3_274ef476,,client
slang_028,student_slang,秋招碰壁，刷到乌龟大师仙逝更焦虑了,3,0,梗数据集_hot_speech_synth.txt,meme=乌龟大师仙逝,5.0,slang_28_3_5d9b467b,,client
slang_029,student_slang,宿舍夜谈又提到挖呀挖呀挖，我躺着听,0,0,梗数据集_hot_speech_synth.txt,meme=挖呀挖呀挖,2.0,slang_29_0_c629bd58,,client
slang_029,student_slang,网上全是挖呀挖呀挖，感觉信息过载,0,0,梗数据集_hot_speech_synth.txt,meme=挖呀挖呀挖,2.0,slang_29_0_c2997e8b,,client
slang_029,student_slang,课间大家聊挖呀挖呀挖，我插不上话,0,0,梗数据集_hot_speech_synth.txt,meme=挖呀挖呀挖,2.0,slang_29_0_5443a6d0,,client
slang_029,student_slang,和室友聊到挖呀挖呀挖，大家都笑疯了,1,0,梗数据集_hot_speech_synth.txt,meme=挖呀挖呀挖,2.0,slang_29_1_94d059e9,,client
slang_029,student_slang,朋友用挖呀挖呀挖逗我，整个人都轻松了,1,0,梗数据集_hot_speech_synth.txt,meme=挖呀挖呀挖,2.0,slang_29_1_c3366509,,client
slang_029,student_slang,今天终于挖呀挖呀挖了，心情一下子好起来,1,0,梗数据集_hot_speech_synth.txt,meme=挖呀挖呀挖,2.0,slang_29_1_bc991823,,client
slang_029,student_slang,宿舍那事搞得我很挖呀挖呀挖，真的绷不住,3,0,梗数据集_hot_speech_synth.txt,meme=挖呀挖呀挖,5.0,slang_29_3_4fec4394,,client
slang_029,student_slang,看到挖呀挖呀挖突然emo了，不想社交,3,0,梗数据集_hot_speech_synth.txt,meme=挖呀挖呀挖,5.0,slang_29_3_ce3eafc2,,client
slang_029,student_slang,又被导师挖呀挖呀挖，我直接破防了,3,0,梗数据集_hot_speech_synth.txt,meme=挖呀挖呀挖,5.0,slang_29_3_a1d45c8b,,client
slang_030,student_slang,宿舍夜谈又提到偷盘哥，我躺着听,0,0,梗数据集_hot_speech_synth.txt,meme=偷盘哥,2.0,slang_30_0_ee875adc,,client
slang_030,student_slang,朋友发了个偷盘哥，我假装看懂了,0,0,梗数据集_hot_speech_synth.txt,meme=偷盘哥,2.0,slang_30_0_12a9bc08,,client
slang_030,student_slang,网上全是偷盘哥，感觉信息过载,0,0,梗数据集_hot_speech_synth.txt,meme=偷盘哥,2.0,slang_30_0_8b6cb027,,client
slang_030,student_slang,刷到偷盘哥笑出猪叫，明天考试也不慌了,1,0,梗数据集_hot_speech_synth.txt,meme=偷盘哥,2.0,slang_30_1_2d417dbc,,client
slang_030,student_slang,朋友用偷盘哥逗我，整个人都轻松了,1,0,梗数据集_hot_speech_synth.txt,meme=偷盘哥,2.0,slang_30_1_6c0b36c4,,client
slang_030,student_slang,小组作业做完，晚上靠偷盘哥快乐一下,1,0,梗数据集_hot_speech_synth.txt,meme=偷盘哥,2.0,slang_30_1_e27562a6,,client
slang_030,student_slang,秋招碰壁，刷到偷盘哥更焦虑了,3,0,梗数据集_hot_speech_synth.txt,meme=偷盘哥,5.0,slang_30_3_23e63e79,,client
slang_030,student_slang,被同学阴阳偷盘哥，内耗一整天,3,0,梗数据集_hot_speech_synth.txt,meme=偷盘哥,5.0,slang_30_3_771f6e2c,,client
slang_030,student_slang,看到偷盘哥突然emo了，不想社交,3,0,梗数据集_hot_speech_synth.txt,meme=偷盘哥,5.0,slang_30_3_e5c1c0f9,,client
slang_031,student_slang,同学整天你管得着吗，我有点跟不上梗,0,0,梗数据集_hot_speech_synth.txt,meme=你管得着吗,2.0,slang_31_0_40354c2b,,client
slang_031,student_slang,网上全是你管得着吗，感觉信息过载,0,0,梗数据集_hot_speech_synth.txt,meme=你管得着吗,2.0,slang_31_0_cd11f1d6,,client
slang_031,student_slang,朋友发了个你管得着吗，我假装看懂了,0,0,梗数据集_hot_speech_synth.txt,meme=你管得着吗,2.0,slang_31_0_3093bd72,,client
slang_031,student_slang,和室友聊到你管得着吗，大家都笑疯了,1,0,梗数据集_hot_speech_synth.txt,meme=你管得着吗,2.0,slang_31_1_07383afb,,client
slang_031,student_slang,今天终于你管得着吗了，心情一下子好起来,1,0,梗数据集_hot_speech_synth.txt,meme=你管得着吗,2.0,slang_31_1_5e16dcfd,,client
slang_031,student_slang,刷到你管得着吗笑出猪叫，明天考试也不慌了,1,0,梗数据集_hot_speech_synth.txt,meme=你管得着吗,2.0,slang_31_1_f6bd613a,,client
slang_031,student_slang,秋招碰壁，刷到你管得着吗更焦虑了,3,0,梗数据集_hot_speech_synth.txt,meme=你管得着吗,5.0,slang_31_3_a5d47dde,,client
slang_031,student_slang,被同学阴阳你管得着吗，内耗一整天,3,0,梗数据集_hot_speech_synth.txt,meme=你管得着吗,5.0,slang_31_3_47ccc1d8,,client
slang_031,student_slang,又被导师你管得着吗，我直接破防了,3,0,梗数据集_hot_speech_synth.txt,meme=你管得着吗,5.0,slang_31_3_adbe572f,,client
slang_032,student_slang,网上全是林克竞选弱智吧主，感觉信息过载,0,0,梗数据集_hot_speech_synth.txt,meme=林克竞选弱智吧主,2.0,slang_32_0_03a674bc,,client
slang_032,student_slang,朋友发了个林克竞选弱智吧主，我假装看懂了,0,0,梗数据集_hot_speech_synth.txt,meme=林克竞选弱智吧主,2.0,slang_32_0_f57a38c1,,client
slang_032,student_slang,群里又在玩林克竞选弱智吧主，我只能回一个6,0,0,梗数据集_hot_speech_synth.txt,meme=林克竞选弱智吧主,2.0,slang_32_0_52bb7253,,client
slang_032,student_slang,今天终于林克竞选弱智吧主了，心情一下子好起来,1,0,梗数据集_hot_speech_synth.txt,meme=林克竞选弱智吧主,2.0,slang_32_1_68f0c14a,,client
slang_032,student_slang,朋友用林克竞选弱智吧主逗我，整个人都轻松了,1,0,梗数据集_hot_speech_synth.txt,meme=林克竞选弱智吧主,2.0,slang_32_1_a44ec9fb,,client
slang_032,student_slang,刷到林克竞选弱智吧主笑出猪叫，明天考试也不慌了,1,0,梗数据集_hot_speech_synth.txt,meme=林克竞选弱智吧主,2.0,slang_32_1_aec9ddb7,,client
slang_032,student_slang,挂科预警加上林克竞选弱智吧主，今晚睡不着,3,0,梗数据集_hot_speech_synth.txt,meme=林克竞选弱智吧主,5.0,slang_32_3_dfd16375,,client
slang_032,student_slang,被同学阴阳林克竞选弱智吧主，内耗一整天,3,0,梗数据集_hot_speech_synth.txt,meme=林克竞选弱智吧主,5.0,slang_32_3_a824d5bf,,client
slang_032,student_slang,宿舍那事搞得我很林克竞选弱智吧主，真的绷不住,3,0,梗数据集_hot_speech_synth.txt,meme=林克竞选弱智吧主,5.0,slang_32_3_0d047599,,client
slang_033,student_slang,群里又在玩紫米面包犹如汉堡，我只能回一个6,0,0,梗数据集_hot_speech_synth.txt,meme=紫米面包犹如汉堡,2.0,slang_33_0_329ed7df,,client
slang_033,student_slang,课间大家聊紫米面包犹如汉堡，我插不上话,0,0,梗数据集_hot_speech_synth.txt,meme=紫米面包犹如汉堡,2.0,slang_33_0_b8934084,,client
slang_033,student_slang,网上全是紫米面包犹如汉堡，感觉信息过载,0,0,梗数据集_hot_speech_synth.txt,meme=紫米面包犹如汉堡,2.0,slang_33_0_9b3c235d,,client
slang_033,student_slang,和室友聊到紫米面包犹如汉堡，大家都笑疯了,1,0,梗数据集_hot_speech_synth.txt,meme=紫米面包犹如汉堡,2.0,slang_33_1_4d337d8c,,client
slang_033,student_slang,今天终于紫米面包犹如汉堡了，心情一下子好起来,1,0,梗数据集_hot_speech_synth.txt,meme=紫米面包犹如汉堡,2.0,slang_33_1_aabf51dd,,client
slang_033,student_slang,刷到紫米面包犹如汉堡笑出猪叫，明天考试也不慌了,1,0,梗数据集_hot_speech_synth.txt,meme=紫米面包犹如汉堡,2.0,slang_33_1_0aec9be8,,client
slang_033,student_slang,又被导师紫米面包犹如汉堡，我直接破防了,3,0,梗数据集_hot_speech_synth.txt,meme=紫米面包犹如汉堡,5.0,slang_33_3_96fb71aa,,client
slang_033,student_slang,秋招碰壁，刷到紫米面包犹如汉堡更焦虑了,3,0,梗数据集_hot_speech_synth.txt,meme=紫米面包犹如汉堡,5.0,slang_33_3_69eddd03,,client
slang_033,student_slang,宿舍那事搞得我很紫米面包犹如汉堡，真的绷不住,3,0,梗数据集_hot_speech_synth.txt,meme=紫米面包犹如汉堡,5.0,slang_33_3_499c57b5,,client
slang_034,student_slang,宿舍夜谈又提到平底锅文学，我躺着听,0,0,梗数据集_hot_speech_synth.txt,meme=平底锅文学,2.0,slang_34_0_01387adf,,client
slang_034,student_slang,群里又在玩平底锅文学，我只能回一个6,0,0,梗数据集_hot_speech_synth.txt,meme=平底锅文学,2.0,slang_34_0_e781f48c,,client
slang_034,student_slang,同学整天平底锅文学，我有点跟不上梗,0,0,梗数据集_hot_speech_synth.txt,meme=平底锅文学,2.0,slang_34_0_b8cf5de1,,client
slang_034,student_slang,小组作业做完，晚上靠平底锅文学快乐一下,1,0,梗数据集_hot_speech_synth.txt,meme=平底锅文学,2.0,slang_34_1_e7266a3b,,client
slang_034,student_slang,今天终于平底锅文学了，心情一下子好起来,1,0,梗数据集_hot_speech_synth.txt,meme=平底锅文学,2.0,slang_34_1_3a5bf1d6,,client
slang_034,student_slang,刷到平底锅文学笑出猪叫，明天考试也不慌了,1,0,梗数据集_hot_speech_synth.txt,meme=平底锅文学,2.0,slang_34_1_bdf8e8a7,,client
slang_034,student_slang,又被导师平底锅文学，我直接破防了,3,0,梗数据集_hot_speech_synth.txt,meme=平底锅文学,5.0,slang_34_3_c6f4e528,,client
slang_034,student_slang,看到平底锅文学突然emo了，不想社交,3,0,梗数据集_hot_speech_synth.txt,meme=平底锅文学,5.0,slang_34_3_963a3be7,,client
slang_034,student_slang,被同学阴阳平底锅文学，内耗一整天,3,0,梗数据集_hot_speech_synth.txt,meme=平底锅文学,5.0,slang_34_3_de9d6bb3,,client
slang_034,student_slang,旁边人都在平底锅文学，我却觉得自己很失败,7,1,梗数据集_hot_speech_synth.txt,meme=平底锅文学,8.0,slang_34_7_7a70bb32,,client
slang_034,student_slang,被平底锅文学搞到撑不下去了，真的好累,7,1,梗数据集_hot_speech_synth.txt,meme=平底锅文学,8.0,slang_34_7_b670306f,,client
slang_034,student_slang,最近满脑子都是平底锅文学，感觉活着没意思,7,1,梗数据集_hot_speech_synth.txt,meme=平底锅文学,8.0,slang_34_7_7482393c,,client
slang_035,student_slang,同学整天我黑不黑怕关你屁事，我有点跟不上梗,0,0,梗数据集_hot_speech_synth.txt,meme=我黑不黑怕关你屁事,2.0,slang_35_0_0a05e059,,client
slang_035,student_slang,朋友发了个我黑不黑怕关你屁事，我假装看懂了,0,0,梗数据集_hot_speech_synth.txt,meme=我黑不黑怕关你屁事,2.0,slang_35_0_b37d9cce,,client
slang_035,student_slang,网上全是我黑不黑怕关你屁事，感觉信息过载,0,0,梗数据集_hot_speech_synth.txt,meme=我黑不黑怕关你屁事,2.0,slang_35_0_6ce06ebb,,client
slang_035,student_slang,刷到我黑不黑怕关你屁事笑出猪叫，明天考试也不慌了,1,0,梗数据集_hot_speech_synth.txt,meme=我黑不黑怕关你屁事,2.0,slang_35_1_905c88ad,,client
slang_035,student_slang,朋友用我黑不黑怕关你屁事逗我，整个人都轻松了,1,0,梗数据集_hot_speech_synth.txt,meme=我黑不黑怕关你屁事,2.0,slang_35_1_2b3f7146,,client
slang_035,student_slang,今天终于我黑不黑怕关你屁事了，心情一下子好起来,1,0,梗数据集_hot_speech_synth.txt,meme=我黑不黑怕关你屁事,2.0,slang_35_1_efa6ae52,,client
slang_035,student_slang,秋招碰壁，刷到我黑不黑怕关你屁事更焦虑了,3,0,梗数据集_hot_speech_synth.txt,meme=我黑不黑怕关你屁事,5.0,slang_35_3_04469fab,,client
slang_035,student_slang,挂科预警加上我黑不黑怕关你屁事，今晚睡不着,3,0,梗数据集_hot_speech_synth.txt,meme=我黑不黑怕关你屁事,5.0,slang_35_3_2f27138e,,client
slang_035,student_slang,期末周还遇到我黑不黑怕关你屁事，心态崩了,3,0,梗数据集_hot_speech_synth.txt,meme=我黑不黑怕关你屁事,5.0,slang_35_3_5a465ae0,,client
slang_036,student_slang,宿舍夜谈又提到瑞你看见了吗，我躺着听,0,0,梗数据集_hot_speech_synth.txt,meme=瑞你看见了吗,2.0,slang_36_0_01290faa,,client
slang_036,student_slang,朋友发了个瑞你看见了吗，我假装看懂了,0,0,梗数据集_hot_speech_synth.txt,meme=瑞你看见了吗,2.0,slang_36_0_cb6f378d,,client
slang_036,student_slang,群里又在玩瑞你看见了吗，我只能回一个6,0,0,梗数据集_hot_speech_synth.txt,meme=瑞你看见了吗,2.0,slang_36_0_5f9dc153,,client
slang_036,student_slang,今天终于瑞你看见了吗了，心情一下子好起来,1,0,梗数据集_hot_speech_synth.txt,meme=瑞你看见了吗,2.0,slang_36_1_6d5c301a,,client
slang_036,student_slang,朋友用瑞你看见了吗逗我，整个人都轻松了,1,0,梗数据集_hot_speech_synth.txt,meme=瑞你看见了吗,2.0,slang_36_1_d4510dfd,,client
slang_036,student_slang,刷到瑞你看见了吗笑出猪叫，明天考试也不慌了,1,0,梗数据集_hot_speech_synth.txt,meme=瑞你看见了吗,2.0,slang_36_1_2b225711,,client
slang_036,student_slang,被同学阴阳瑞你看见了吗，内耗一整天,3,0,梗数据集_hot_speech_synth.txt,meme=瑞你看见了吗,5.0,slang_36_3_e28ef8a2,,client
slang_036,student_slang,又被导师瑞你看见了吗，我直接破防了,3,0,梗数据集_hot_speech_synth.txt,meme=瑞你看见了吗,5.0,slang_36_3_5a207f26,,client
slang_036,student_slang,秋招碰壁，刷到瑞你看见了吗更焦虑了,3,0,梗数据集_hot_speech_synth.txt,meme=瑞你看见了吗,5.0,slang_36_3_c4029caf,,client
slang_037,student_slang,课间大家聊电子宠物，我插不上话,0,0,梗数据集_hot_speech_synth.txt,meme=电子宠物,2.0,slang_37_0_6107653d,,client
slang_037,student_slang,同学整天电子宠物，我有点跟不上梗,0,0,梗数据集_hot_speech_synth.txt,meme=电子宠物,2.0,slang_37_0_d266ad27,,client
slang_037,student_slang,朋友发了个电子宠物，我假装看懂了,0,0,梗数据集_hot_speech_synth.txt,meme=电子宠物,2.0,slang_37_0_b6518592,,client
slang_037,student_slang,和室友聊到电子宠物，大家都笑疯了,1,0,梗数据集_hot_speech_synth.txt,meme=电子宠物,2.0,slang_37_1_357a5797,,client
slang_037,student_slang,刷到电子宠物笑出猪叫，明天考试也不慌了,1,0,梗数据集_hot_speech_synth.txt,meme=电子宠物,2.0,slang_37_1_02c9174f,,client
slang_037,student_slang,今天终于电子宠物了，心情一下子好起来,1,0,梗数据集_hot_speech_synth.txt,meme=电子宠物,2.0,slang_37_1_6f6d4621,,client
slang_037,student_slang,宿舍那事搞得我很电子宠物，真的绷不住,3,0,梗数据集_hot_speech_synth.txt,meme=电子宠物,5.0,slang_37_3_ee340d79,,client
slang_037,student_slang,期末周还遇到电子宠物，心态崩了,3,0,梗数据集_hot_speech_synth.txt,meme=电子宠物,5.0,slang_37_3_f6d7eeba,,client
slang_037,student_slang,秋招碰壁，刷到电子宠物更焦虑了,3,0,梗数据集_hot_speech_synth.txt,meme=电子宠物,5.0,slang_37_3_59481711,,client
slang_038,student_slang,同学整天🤣👉 神之一指，我有点跟不上梗,0,0,梗数据集_hot_speech_synth.txt,meme=🤣👉 神之一指,2.0,slang_38_0_7c8db9fe,,client
slang_038,student_slang,宿舍夜谈又提到🤣👉 神之一指，我躺着听,0,0,梗数据集_hot_speech_synth.txt,meme=🤣👉 神之一指,2.0,slang_38_0_0f5f3cde,,client
slang_038,student_slang,朋友发了个🤣👉 神之一指，我假装看懂了,0,0,梗数据集_hot_speech_synth.txt,meme=🤣👉 神之一指,2.0,slang_38_0_7d6fbf61,,client
slang_038,student_slang,小组作业做完，晚上靠🤣👉 神之一指快乐一下,1,0,梗数据集_hot_speech_synth.txt,meme=🤣👉 神之一指,2.0,slang_38_1_9839f48f,,client
slang_038,student_slang,今天终于🤣👉 神之一指了，心情一下子好起来,1,0,梗数据集_hot_speech_synth.txt,meme=🤣👉 神之一指,2.0,slang_38_1_7d953fe3,,client
slang_038,student_slang,刷到🤣👉 神之一指笑出猪叫，明天考试也不慌了,1,0,梗数据集_hot_speech_synth.txt,meme=🤣👉 神之一指,2.0,slang_38_1_d4cddd24,,client
slang_038,student_slang,挂科预警加上🤣👉 神之一指，今晚睡不着,3,0,梗数据集_hot_speech_synth.txt,meme=🤣👉 神之一指,5.0,slang_38_3_edab67b9,,client
slang_038,student_slang,被同学阴阳🤣👉 神之一指，内耗一整天,3,0,梗数据集_hot_speech_synth.txt,meme=🤣👉 神之一指,5.0,slang_38_3_3a293b68,,client
slang_038,student_slang,期末周还遇到🤣👉 神之一指，心态崩了,3,0,梗数据集_hot_speech_synth.txt,meme=🤣👉 神之一指,5.0,slang_38_3_d41a2c9a,,client
slang_039,student_slang,网上全是谁问你了，感觉信息过载,0,0,梗数据集_hot_speech_synth.txt,meme=谁问你了,2.0,slang_39_0_044cd822,,client
slang_039,student_slang,群里又在玩谁问你了，我只能回一个6,0,0,梗数据集_hot_speech_synth.txt,meme=谁问你了,2.0,slang_39_0_d435ce9d,,client
slang_039,student_slang,同学整天谁问你了，我有点跟不上梗,0,0,梗数据集_hot_speech_synth.txt,meme=谁问你了,2.0,slang_39_0_50791adb,,client
slang_039,student_slang,刷到谁问你了笑出猪叫，明天考试也不慌了,1,0,梗数据集_hot_speech_synth.txt,meme=谁问你了,2.0,slang_39_1_dbe348c8,,client
slang_039,student_slang,今天终于谁问你了了，心情一下子好起来,1,0,梗数据集_hot_speech_synth.txt,meme=谁问你了,2.0,slang_39_1_7c4116e1,,client
slang_039,student_slang,朋友用谁问你了逗我，整个人都轻松了,1,0,梗数据集_hot_speech_synth.txt,meme=谁问你了,2.0,slang_39_1_0c044505,,client
slang_039,student_slang,秋招碰壁，刷到谁问你了更焦虑了,3,0,梗数据集_hot_speech_synth.txt,meme=谁问你了,5.0,slang_39_3_413cf60d,,client
slang_039,student_slang,被同学阴阳谁问你了，内耗一整天,3,0,梗数据集_hot_speech_synth.txt,meme=谁问你了,5.0,slang_39_3_3e907b3f,,client
slang_039,student_slang,宿舍那事搞得我很谁问你了，真的绷不住,3,0,梗数据集_hot_speech_synth.txt,meme=谁问你了,5.0,slang_39_3_c6b8dbe8,,client
slang_040,student_slang,朋友发了个指鼠为鸭，我假装看懂了,0,0,梗数据集_hot_speech_synth.txt,meme=指鼠为鸭,2.0,slang_40_0_70d848d1,,client
slang_040,student_slang,网上全是指鼠为鸭，感觉信息过载,0,0,梗数据集_hot_speech_synth.txt,meme=指鼠为鸭,2.0,slang_40_0_36c6f8d0,,client
slang_040,student_slang,同学整天指鼠为鸭，我有点跟不上梗,0,0,梗数据集_hot_speech_synth.txt,meme=指鼠为鸭,2.0,slang_40_0_98cbfd07,,client
slang_040,student_slang,刷到指鼠为鸭笑出猪叫，明天考试也不慌了,1,0,梗数据集_hot_speech_synth.txt,meme=指鼠为鸭,2.0,slang_40_1_af9ebd23,,client
slang_040,student_slang,和室友聊到指鼠为鸭，大家都笑疯了,1,0,梗数据集_hot_speech_synth.txt,meme=指鼠为鸭,2.0,slang_40_1_8eb93a26,,client
slang_040,student_slang,小组作业做完，晚上靠指鼠为鸭快乐一下,1,0,梗数据集_hot_speech_synth.txt,meme=指鼠为鸭,2.0,slang_40_1_68e54048,,client
slang_040,student_slang,秋招碰壁，刷到指鼠为鸭更焦虑了,3,0,梗数据集_hot_speech_synth.txt,meme=指鼠为鸭,5.0,slang_40_3_de3f1926,,client
slang_040,student_slang,期末周还遇到指鼠为鸭，心态崩了,3,0,梗数据集_hot_speech_synth.txt,meme=指鼠为鸭,5.0,slang_40_3_28c513fa,,client
slang_040,student_slang,被同学阴阳指鼠为鸭，内耗一整天,3,0,梗数据集_hot_speech_synth.txt,meme=指鼠为鸭,5.0,slang_40_3_9e23c765,,client
slang_041,student_slang,宿舍夜谈又提到柯学，我躺着听,0,0,梗数据集_hot_speech_synth.txt,meme=柯学,2.0,slang_41_0_229f8275,,client
slang_041,student_slang,朋友发了个柯学，我假装看懂了,0,0,梗数据集_hot_speech_synth.txt,meme=柯学,2.0,slang_41_0_d085f5b4,,client
slang_041,student_slang,群里又在玩柯学，我只能回一个6,0,0,梗数据集_hot_speech_synth.txt,meme=柯学,2.0,slang_41_0_ea0d4a1a,,client
slang_041,student_slang,今天终于柯学了，心情一下子好起来,1,0,梗数据集_hot_speech_synth.txt,meme=柯学,2.0,slang_41_1_887fe519,,client
slang_041,student_slang,朋友用柯学逗我，整个人都轻松了,1,0,梗数据集_hot_speech_synth.txt,meme=柯学,2.0,slang_41_1_eed8b8b5,,client
slang_041,student_slang,和室友聊到柯学，大家都笑疯了,1,0,梗数据集_hot_speech_synth.txt,meme=柯学,2.0,slang_41_1_17fa545d,,client
slang_041,student_slang,又被导师柯学，我直接破防了,3,0,梗数据集_hot_speech_synth.txt,meme=柯学,5.0,slang_41_3_e1f58866,,client
slang_041,student_slang,挂科预警加上柯学，今晚睡不着,3,0,梗数据集_hot_speech_synth.txt,meme=柯学,5.0,slang_41_3_75f3ff0f,,client
slang_041,student_slang,期末周还遇到柯学，心态崩了,3,0,梗数据集_hot_speech_synth.txt,meme=柯学,5.0,slang_41_3_effdaaca,,client
slang_042,student_slang,同学整天京糖夫妇，我有点跟不上梗,0,0,梗数据集_hot_speech_synth.txt,meme=京糖夫妇,2.0,slang_42_0_ec3db1dd,,client
slang_042,student_slang,朋友发了个京糖夫妇，我假装看懂了,0,0,梗数据集_hot_speech_synth.txt,meme=京糖夫妇,2.0,slang_42_0_a55ced8a,,client
slang_042,student_slang,网上全是京糖夫妇，感觉信息过载,0,0,梗数据集_hot_speech_synth.txt,meme=京糖夫妇,2.0,slang_42_0_b3c4d91d,,client
slang_042,student_slang,朋友用京糖夫妇逗我，整个人都轻松了,1,0,梗数据集_hot_speech_synth.txt,meme=京糖夫妇,2.0,slang_42_1_5676b77b,,client
slang_042,student_slang,小组作业做完，晚上靠京糖夫妇快乐一下,1,0,梗数据集_hot_speech_synth.txt,meme=京糖夫妇,2.0,slang_42_1_d0964a8e,,client
slang_042,student_slang,刷到京糖夫妇笑出猪叫，明天考试也不慌了,1,0,梗数据集_hot_speech_synth.txt,meme=京糖夫妇,2.0,slang_42_1_9608cb9e,,client
slang_042,student_slang,又被导师京糖夫妇，我直接破防了,3,0,梗数据集_hot_speech_synth.txt,meme=京糖夫妇,5.0,slang_42_3_88b2ea06,,client
slang_042,student_slang,挂科预警加上京糖夫妇，今晚睡不着,3,0,梗数据集_hot_speech_synth.txt,meme=京糖夫妇,5.0,slang_42_3_8cdadd26,,client
slang_042,student_slang,秋招碰壁，刷到京糖夫妇更焦虑了,3,0,梗数据集_hot_speech_synth.txt,meme=京糖夫妇,5.0,slang_42_3_c415716a,,client
slang_043,student_slang,网上全是热带风味冰红茶，感觉信息过载,0,0,梗数据集_hot_speech_synth.txt,meme=热带风味冰红茶,2.0,slang_43_0_3a6361dd,,client
slang_043,student_slang,同学整天热带风味冰红茶，我有点跟不上梗,0,0,梗数据集_hot_speech_synth.txt,meme=热带风味冰红茶,2.0,slang_43_0_1098754d,,client
slang_043,student_slang,群里又在玩热带风味冰红茶，我只能回一个6,0,0,梗数据集_hot_speech_synth.txt,meme=热带风味冰红茶,2.0,slang_43_0_b6265c1d,,client
slang_043,student_slang,刷到热带风味冰红茶笑出猪叫，明天考试也不慌了,1,0,梗数据集_hot_speech_synth.txt,meme=热带风味冰红茶,2.0,slang_43_1_1af3c97f,,client
slang_043,student_slang,和室友聊到热带风味冰红茶，大家都笑疯了,1,0,梗数据集_hot_speech_synth.txt,meme=热带风味冰红茶,2.0,slang_43_1_f66f61f6,,client
slang_043,student_slang,朋友用热带风味冰红茶逗我，整个人都轻松了,1,0,梗数据集_hot_speech_synth.txt,meme=热带风味冰红茶,2.0,slang_43_1_869f9977,,client
slang_043,student_slang,宿舍那事搞得我很热带风味冰红茶，真的绷不住,3,0,梗数据集_hot_speech_synth.txt,meme=热带风味冰红茶,5.0,slang_43_3_cefaec69,,client
slang_043,student_slang,又被导师热带风味冰红茶，我直接破防了,3,0,梗数据集_hot_speech_synth.txt,meme=热带风味冰红茶,5.0,slang_43_3_562ca653,,client
slang_043,student_slang,期末周还遇到热带风味冰红茶，心态崩了,3,0,梗数据集_hot_speech_synth.txt,meme=热带风味冰红茶,5.0,slang_43_3_42a2ae1e,,client
slang_044,student_slang,朋友发了个S属性爆发，我假装看懂了,0,0,梗数据集_hot_speech_synth.txt,meme=S属性爆发,2.0,slang_44_0_2abbe295,,client
slang_044,student_slang,群里又在玩S属性爆发，我只能回一个6,0,0,梗数据集_hot_speech_synth.txt,meme=S属性爆发,2.0,slang_44_0_9a136aab,,client
slang_044,student_slang,网上全是S属性爆发，感觉信息过载,0,0,梗数据集_hot_speech_synth.txt,meme=S属性爆发,2.0,slang_44_0_00140a04,,client
slang_044,student_slang,和室友聊到S属性爆发，大家都笑疯了,1,0,梗数据集_hot_speech_synth.txt,meme=S属性爆发,2.0,slang_44_1_d9e0ef96,,client
slang_044,student_slang,小组作业做完，晚上靠S属性爆发快乐一下,1,0,梗数据集_hot_speech_synth.txt,meme=S属性爆发,2.0,slang_44_1_7c0f2914,,client
slang_044,student_slang,刷到S属性爆发笑出猪叫，明天考试也不慌了,1,0,梗数据集_hot_speech_synth.txt,meme=S属性爆发,2.0,slang_44_1_db217efc,,client
slang_044,student_slang,又被导师S属性爆发，我直接破防了,3,0,梗数据集_hot_speech_synth.txt,meme=S属性爆发,5.0,slang_44_3_df1d4365,,client
slang_044,student_slang,期末周还遇到S属性爆发，心态崩了,3,0,梗数据集_hot_speech_synth.txt,meme=S属性爆发,5.0,slang_44_3_bab1f05f,,client
slang_044,student_slang,被同学阴阳S属性爆发，内耗一整天,3,0,梗数据集_hot_speech_synth.txt,meme=S属性爆发,5.0,slang_44_3_b4294aed,,client
slang_045,student_slang,宿舍夜谈又提到爽滑慢舔，我躺着听,0,0,梗数据集_hot_speech_synth.txt,meme=爽滑慢舔,2.0,slang_45_0_ed699281,,client
slang_045,student_slang,课间大家聊爽滑慢舔，我插不上话,0,0,梗数据集_hot_speech_synth.txt,meme=爽滑慢舔,2.0,slang_45_0_cdf5bebe,,client
slang_045,student_slang,同学整天爽滑慢舔，我有点跟不上梗,0,0,梗数据集_hot_speech_synth.txt,meme=爽滑慢舔,2.0,slang_45_0_c5994cbe,,client
slang_045,student_slang,和室友聊到爽滑慢舔，大家都笑疯了,1,0,梗数据集_hot_speech_synth.txt,meme=爽滑慢舔,2.0,slang_45_1_6b72e9a5,,client
slang_045,student_slang,小组作业做完，晚上靠爽滑慢舔快乐一下,1,0,梗数据集_hot_speech_synth.txt,meme=爽滑慢舔,2.0,slang_45_1_c3dad571,,client
slang_045,student_slang,今天终于爽滑慢舔了，心情一下子好起来,1,0,梗数据集_hot_speech_synth.txt,meme=爽滑慢舔,2.0,slang_45_1_96a9c43d,,client
slang_045,student_slang,看到爽滑慢舔突然emo了，不想社交,3,0,梗数据集_hot_speech_synth.txt,meme=爽滑慢舔,5.0,slang_45_3_996fb1e6,,client
slang_045,student_slang,又被导师爽滑慢舔，我直接破防了,3,0,梗数据集_hot_speech_synth.txt,meme=爽滑慢舔,5.0,slang_45_3_45ed9791,,client
slang_045,student_slang,宿舍那事搞得我很爽滑慢舔，真的绷不住,3,0,梗数据集_hot_speech_synth.txt,meme=爽滑慢舔,5.0,slang_45_3_e74f9571,,client
slang_046,student_slang,网上全是鸡你胎没，感觉信息过载,0,0,梗数据集_hot_speech_synth.txt,meme=鸡你胎没,2.0,slang_46_0_30a88a99,,client
slang_046,student_slang,朋友发了个鸡你胎没，我假装看懂了,0,0,梗数据集_hot_speech_synth.txt,meme=鸡你胎没,2.0,slang_46_0_953fc9b9,,client
slang_046,student_slang,宿舍夜谈又提到鸡你胎没，我躺着听,0,0,梗数据集_hot_speech_synth.txt,meme=鸡你胎没,2.0,slang_46_0_3b05fd6f,,client
slang_046,student_slang,和室友聊到鸡你胎没，大家都笑疯了,1,0,梗数据集_hot_speech_synth.txt,meme=鸡你胎没,2.0,slang_46_1_7918c0bd,,client
slang_046,student_slang,刷到鸡你胎没笑出猪叫，明天考试也不慌了,1,0,梗数据集_hot_speech_synth.txt,meme=鸡你胎没,2.0,slang_46_1_325b307b,,client
slang_046,student_slang,今天终于鸡你胎没了，心情一下子好起来,1,0,梗数据集_hot_speech_synth.txt,meme=鸡你胎没,2.0,slang_46_1_88200759,,client
slang_046,student_slang,挂科预警加上鸡你胎没，今晚睡不着,3,0,梗数据集_hot_speech_synth.txt,meme=鸡你胎没,5.0,slang_46_3_2c8a0e4b,,client
slang_046,student_slang,秋招碰壁，刷到鸡你胎没更焦虑了,3,0,梗数据集_hot_speech_synth.txt,meme=鸡你胎没,5.0,slang_46_3_119dd4eb,,client
slang_046,student_slang,又被导师鸡你胎没，我直接破防了,3,0,梗数据集_hot_speech_synth.txt,meme=鸡你胎没,5.0,slang_46_3_0358f63e,,client
slang_047,student_slang,宿舍夜谈又提到杀人奶昔，我躺着听,0,0,梗数据集_hot_speech_synth.txt,meme=杀人奶昔,2.0,slang_47_0_7150ed10,,client
slang_047,student_slang,群里又在玩杀人奶昔，我只能回一个6,0,0,梗数据集_hot_speech_synth.txt,meme=杀人奶昔,2.0,slang_47_0_d67f5437,,client
slang_047,student_slang,网上全是杀人奶昔，感觉信息过载,0,0,梗数据集_hot_speech_synth.txt,meme=杀人奶昔,2.0,slang_47_0_4d658792,,client
slang_047,student_slang,和室友聊到杀人奶昔，大家都笑疯了,1,0,梗数据集_hot_speech_synth.txt,meme=杀人奶昔,2.0,slang_47_1_8dcce1d4,,client
slang_047,student_slang,小组作业做完，晚上靠杀人奶昔快乐一下,1,0,梗数据集_hot_speech_synth.txt,meme=杀人奶昔,2.0,slang_47_1_8ae54912,,client
slang_047,student_slang,朋友用杀人奶昔逗我，整个人都轻松了,1,0,梗数据集_hot_speech_synth.txt,meme=杀人奶昔,2.0,slang_47_1_6bf0d0c6,,client
slang_047,student_slang,期末周还遇到杀人奶昔，心态崩了,3,0,梗数据集_hot_speech_synth.txt,meme=杀人奶昔,5.0,slang_47_3_8d56fa4b,,client
slang_047,student_slang,挂科预警加上杀人奶昔，今晚睡不着,3,0,梗数据集_hot_speech_synth.txt,meme=杀人奶昔,5.0,slang_47_3_c549f80f,,client
slang_047,student_slang,宿舍那事搞得我很杀人奶昔，真的绷不住,3,0,梗数据集_hot_speech_synth.txt,meme=杀人奶昔,5.0,slang_47_3_84c76e46,,client
slang_048,student_slang,同学整天张敏便利店，我有点跟不上梗,0,0,梗数据集_hot_speech_synth.txt,meme=张敏便利店,2.0,slang_48_0_31ebb63e,,client
slang_048,student_slang,群里又在玩张敏便利店，我只能回一个6,0,0,梗数据集_hot_speech_synth.txt,meme=张敏便利店,2.0,slang_48_0_ee95a11b,,client
slang_048,student_slang,网上全是张敏便利店，感觉信息过载,0,0,梗数据集_hot_speech_synth.txt,meme=张敏便利店,2.0,slang_48_0_3c48f0b8,,client
slang_048,student_slang,朋友用张敏便利店逗我，整个人都轻松了,1,0,梗数据集_hot_speech_synth.txt,meme=张敏便利店,2.0,slang_48_1_3ac3b837,,client
slang_048,student_slang,刷到张敏便利店笑出猪叫，明天考试也不慌了,1,0,梗数据集_hot_speech_synth.txt,meme=张敏便利店,2.0,slang_48_1_415b68b7,,client
slang_048,student_slang,和室友聊到张敏便利店，大家都笑疯了,1,0,梗数据集_hot_speech_synth.txt,meme=张敏便利店,2.0,slang_48_1_59cf4061,,client
slang_048,student_slang,挂科预警加上张敏便利店，今晚睡不着,3,0,梗数据集_hot_speech_synth.txt,meme=张敏便利店,5.0,slang_48_3_a8ae02c9,,client
slang_048,student_slang,又被导师张敏便利店，我直接破防了,3,0,梗数据集_hot_speech_synth.txt,meme=张敏便利店,5.0,slang_48_3_e534d19f,,client
slang_048,student_slang,期末周还遇到张敏便利店，心态崩了,3,0,梗数据集_hot_speech_synth.txt,meme=张敏便利店,5.0,slang_48_3_00c66b76,,client
slang_049,student_slang,朋友发了个山河大学，我假装看懂了,0,0,梗数据集_hot_speech_synth.txt,meme=山河大学,2.0,slang_49_0_9e8799a5,,client
slang_049,student_slang,课间大家聊山河大学，我插不上话,0,0,梗数据集_hot_speech_synth.txt,meme=山河大学,2.0,slang_49_0_c6285bee,,client
slang_049,student_slang,宿舍夜谈又提到山河大学，我躺着听,0,0,梗数据集_hot_speech_synth.txt,meme=山河大学,2.0,slang_49_0_74dab251,,client
slang_049,student_slang,小组作业做完，晚上靠山河大学快乐一下,1,0,梗数据集_hot_speech_synth.txt,meme=山河大学,2.0,slang_49_1_322d7998,,client
slang_049,student_slang,刷到山河大学笑出猪叫，明天考试也不慌了,1,0,梗数据集_hot_speech_synth.txt,meme=山河大学,2.0,slang_49_1_e5442ef4,,client
slang_049,student_slang,今天终于山河大学了，心情一下子好起来,1,0,梗数据集_hot_speech_synth.txt,meme=山河大学,2.0,slang_49_1_4ee83d32,,client
slang_049,student_slang,又被导师山河大学，我直接破防了,3,0,梗数据集_hot_speech_synth.txt,meme=山河大学,5.0,slang_49_3_ae526c16,,client
slang_049,student_slang,期末周还遇到山河大学，心态崩了,3,0,梗数据集_hot_speech_synth.txt,meme=山河大学,5.0,slang_49_3_58eae4fd,,client
slang_049,student_slang,宿舍那事搞得我很山河大学，真的绷不住,3,0,梗数据集_hot_speech_synth.txt,meme=山河大学,5.0,slang_49_3_5a4ab00e,,client
slang_050,student_slang,课间大家聊鱼越大鱼越小，我插不上话,0,0,梗数据集_hot_speech_synth.txt,meme=鱼越大鱼越小,2.0,slang_50_0_6b37a975,,client
slang_050,student_slang,朋友发了个鱼越大鱼越小，我假装看懂了,0,0,梗数据集_hot_speech_synth.txt,meme=鱼越大鱼越小,2.0,slang_50_0_e34256d3,,client
slang_050,student_slang,群里又在玩鱼越大鱼越小，我只能回一个6,0,0,梗数据集_hot_speech_synth.txt,meme=鱼越大鱼越小,2.0,slang_50_0_17340c8d,,client
slang_050,student_slang,今天终于鱼越大鱼越小了，心情一下子好起来,1,0,梗数据集_hot_speech_synth.txt,meme=鱼越大鱼越小,2.0,slang_50_1_758e7669,,client
slang_050,student_slang,朋友用鱼越大鱼越小逗我，整个人都轻松了,1,0,梗数据集_hot_speech_synth.txt,meme=鱼越大鱼越小,2.0,slang_50_1_945440ae,,client
slang_050,student_slang,和室友聊到鱼越大鱼越小，大家都笑疯了,1,0,梗数据集_hot_speech_synth.txt,meme=鱼越大鱼越小,2.0,slang_50_1_08bbac7a,,client
slang_050,student_slang,秋招碰壁，刷到鱼越大鱼越小更焦虑了,3,0,梗数据集_hot_speech_synth.txt,meme=鱼越大鱼越小,5.0,slang_50_3_1971e48d,,client
slang_050,student_slang,期末周还遇到鱼越大鱼越小，心态崩了,3,0,梗数据集_hot_speech_synth.txt,meme=鱼越大鱼越小,5.0,slang_50_3_f4c003f7,,client
slang_050,student_slang,看到鱼越大鱼越小突然emo了，不想社交,3,0,梗数据集_hot_speech_synth.txt,meme=鱼越大鱼越小,5.0,slang_50_3_8f9df682,,client
slang_051,student_slang,课间大家聊日本生可乐，我插不上话,0,0,梗数据集_hot_speech_synth.txt,meme=日本生可乐,2.0,slang_51_0_c28a4432,,client
slang_051,student_slang,网上全是日本生可乐，感觉信息过载,0,0,梗数据集_hot_speech_synth.txt,meme=日本生可乐,2.0,slang_51_0_d12d31d4,,client
slang_051,student_slang,群里又在玩日本生可乐，我只能回一个6,0,0,梗数据集_hot_speech_synth.txt,meme=日本生可乐,2.0,slang_51_0_39e05096,,client
slang_051,student_slang,朋友用日本生可乐逗我，整个人都轻松了,1,0,梗数据集_hot_speech_synth.txt,meme=日本生可乐,2.0,slang_51_1_3ae7e6aa,,client
slang_051,student_slang,和室友聊到日本生可乐，大家都笑疯了,1,0,梗数据集_hot_speech_synth.txt,meme=日本生可乐,2.0,slang_51_1_8ab9aacc,,client
slang_051,student_slang,小组作业做完，晚上靠日本生可乐快乐一下,1,0,梗数据集_hot_speech_synth.txt,meme=日本生可乐,2.0,slang_51_1_e364bf34,,client
slang_051,student_slang,又被导师日本生可乐，我直接破防了,3,0,梗数据集_hot_speech_synth.txt,meme=日本生可乐,5.0,slang_51_3_63b86625,,client
slang_051,student_slang,秋招碰壁，刷到日本生可乐更焦虑了,3,0,梗数据集_hot_speech_synth.txt,meme=日本生可乐,5.0,slang_51_3_94bcb247,,client
slang_051,student_slang,看到日本生可乐突然emo了，不想社交,3,0,梗数据集_hot_speech_synth.txt,meme=日本生可乐,5.0,slang_51_3_e8c154cd,,client
slang_051,student_slang,最近满脑子都是日本生可乐，感觉活着没意思,7,1,梗数据集_hot_speech_synth.txt,meme=日本生可乐,8.0,slang_51_7_5baa407f,,client
slang_051,student_slang,旁边人都在日本生可乐，我却觉得自己很失败,7,1,梗数据集_hot_speech_synth.txt,meme=日本生可乐,8.0,slang_51_7_7da00e7c,,client
slang_051,student_slang,被日本生可乐搞到撑不下去了，真的好累,7,1,梗数据集_hot_speech_synth.txt,meme=日本生可乐,8.0,slang_51_7_fa191aaf,,client
slang_052,student_slang,宿舍夜谈又提到豪情在天，我躺着听,0,0,梗数据集_hot_speech_synth.txt,meme=豪情在天,2.0,slang_52_0_0f3fd375,,client
slang_052,student_slang,群里又在玩豪情在天，我只能回一个6,0,0,梗数据集_hot_speech_synth.txt,meme=豪情在天,2.0,slang_52_0_0d48a7f1,,client
slang_052,student_slang,朋友发了个豪情在天，我假装看懂了,0,0,梗数据集_hot_speech_synth.txt,meme=豪情在天,2.0,slang_52_0_a085dde8,,client
slang_052,student_slang,小组作业做完，晚上靠豪情在天快乐一下,1,0,梗数据集_hot_speech_synth.txt,meme=豪情在天,2.0,slang_52_1_f1e87f0e,,client
slang_052,student_slang,刷到豪情在天笑出猪叫，明天考试也不慌了,1,0,梗数据集_hot_speech_synth.txt,meme=豪情在天,2.0,slang_52_1_99465ab4,,client
slang_052,student_slang,朋友用豪情在天逗我，整个人都轻松了,1,0,梗数据集_hot_speech_synth.txt,meme=豪情在天,2.0,slang_52_1_59923231,,client
slang_052,student_slang,挂科预警加上豪情在天，今晚睡不着,3,0,梗数据集_hot_speech_synth.txt,meme=豪情在天,5.0,slang_52_3_7a38033a,,client
slang_052,student_slang,又被导师豪情在天，我直接破防了,3,0,梗数据集_hot_speech_synth.txt,meme=豪情在天,5.0,slang_52_3_ebe9c4a7,,client
slang_052,student_slang,期末周还遇到豪情在天，心态崩了,3,0,梗数据集_hot_speech_synth.txt,meme=豪情在天,5.0,slang_52_3_f10f8d4b,,client
slang_053,student_slang,课间大家聊奎桑提圣经，我插不上话,0,0,梗数据集_hot_speech_synth.txt,meme=奎桑提圣经,2.0,slang_53_0_9980d7c0,,client
slang_053,student_slang,朋友发了个奎桑提圣经，我假装看懂了,0,0,梗数据集_hot_speech_synth.txt,meme=奎桑提圣经,2.0,slang_53_0_2c6aefad,,client
slang_053,student_slang,宿舍夜谈又提到奎桑提圣经，我躺着听,0,0,梗数据集_hot_speech_synth.txt,meme=奎桑提圣经,2.0,slang_53_0_a00e69c4,,client
slang_053,student_slang,刷到奎桑提圣经笑出猪叫，明天考试也不慌了,1,0,梗数据集_hot_speech_synth.txt,meme=奎桑提圣经,2.0,slang_53_1_74ca09af,,client
slang_053,student_slang,朋友用奎桑提圣经逗我，整个人都轻松了,1,0,梗数据集_hot_speech_synth.txt,meme=奎桑提圣经,2.0,slang_53_1_d0aabd7a,,client
slang_053,student_slang,小组作业做完，晚上靠奎桑提圣经快乐一下,1,0,梗数据集_hot_speech_synth.txt,meme=奎桑提圣经,2.0,slang_53_1_881cd479,,client
slang_053,student_slang,期末周还遇到奎桑提圣经，心态崩了,3,0,梗数据集_hot_speech_synth.txt,meme=奎桑提圣经,5.0,slang_53_3_7e4eb625,,client
slang_053,student_slang,被同学阴阳奎桑提圣经，内耗一整天,3,0,梗数据集_hot_speech_synth.txt,meme=奎桑提圣经,5.0,slang_53_3_cad1421f,,client
slang_053,student_slang,宿舍那事搞得我很奎桑提圣经，真的绷不住,3,0,梗数据集_hot_speech_synth.txt,meme=奎桑提圣经,5.0,slang_53_3_80e4dda3,,client
slang_054,student_slang,同学整天恐龙扛狼，我有点跟不上梗,0,0,梗数据集_hot_speech_synth.txt,meme=恐龙扛狼,2.0,slang_54_0_a438bc3b,,client
slang_054,student_slang,宿舍夜谈又提到恐龙扛狼，我躺着听,0,0,梗数据集_hot_speech_synth.txt,meme=恐龙扛狼,2.0,slang_54_0_d09d3a64,,client
slang_054,student_slang,课间大家聊恐龙扛狼，我插不上话,0,0,梗数据集_hot_speech_synth.txt,meme=恐龙扛狼,2.0,slang_54_0_4eff5b9c,,client
slang_054,student_slang,和室友聊到恐龙扛狼，大家都笑疯了,1,0,梗数据集_hot_speech_synth.txt,meme=恐龙扛狼,2.0,slang_54_1_211b2bfd,,client
slang_054,student_slang,刷到恐龙扛狼笑出猪叫，明天考试也不慌了,1,0,梗数据集_hot_speech_synth.txt,meme=恐龙扛狼,2.0,slang_54_1_4c4106f7,,client
slang_054,student_slang,小组作业做完，晚上靠恐龙扛狼快乐一下,1,0,梗数据集_hot_speech_synth.txt,meme=恐龙扛狼,2.0,slang_54_1_c51119f3,,client
slang_054,student_slang,被同学阴阳恐龙扛狼，内耗一整天,3,0,梗数据集_hot_speech_synth.txt,meme=恐龙扛狼,5.0,slang_54_3_6bb03221,,client
slang_054,student_slang,又被导师恐龙扛狼，我直接破防了,3,0,梗数据集_hot_speech_synth.txt,meme=恐龙扛狼,5.0,slang_54_3_ee92d7be,,client
slang_054,student_slang,期末周还遇到恐龙扛狼，心态崩了,3,0,梗数据集_hot_speech_synth.txt,meme=恐龙扛狼,5.0,slang_54_3_a44c1493,,client
slang_055,student_slang,朋友发了个逆天寒，我假装看懂了,0,0,梗数据集_hot_speech_synth.txt,meme=逆天寒,2.0,slang_55_0_0649e4fd,,client
slang_055,student_slang,同学整天逆天寒，我有点跟不上梗,0,0,梗数据集_hot_speech_synth.txt,meme=逆天寒,2.0,slang_55_0_8f612f9c,,client
slang_055,student_slang,宿舍夜谈又提到逆天寒，我躺着听,0,0,梗数据集_hot_speech_synth.txt,meme=逆天寒,2.0,slang_55_0_4d8c1da2,,client
slang_055,student_slang,小组作业做完，晚上靠逆天寒快乐一下,1,0,梗数据集_hot_speech_synth.txt,meme=逆天寒,2.0,slang_55_1_7d3c7791,,client
slang_055,student_slang,刷到逆天寒笑出猪叫，明天考试也不慌了,1,0,梗数据集_hot_speech_synth.txt,meme=逆天寒,2.0,slang_55_1_885ad5b5,,client
slang_055,student_slang,和室友聊到逆天寒，大家都笑疯了,1,0,梗数据集_hot_speech_synth.txt,meme=逆天寒,2.0,slang_55_1_7ad11b48,,client
slang_055,student_slang,看到逆天寒突然emo了，不想社交,3,0,梗数据集_hot_speech_synth.txt,meme=逆天寒,5.0,slang_55_3_a6f295cb,,client
slang_055,student_slang,挂科预警加上逆天寒，今晚睡不着,3,0,梗数据集_hot_speech_synth.txt,meme=逆天寒,5.0,slang_55_3_c65bbf07,,client
slang_055,student_slang,宿舍那事搞得我很逆天寒，真的绷不住,3,0,梗数据集_hot_speech_synth.txt,meme=逆天寒,5.0,slang_55_3_5d69850c,,client
slang_056,student_slang,课间大家聊彩六直播，我插不上话,0,0,梗数据集_hot_speech_synth.txt,meme=彩六直播,2.0,slang_56_0_c01d3f34,,client
slang_056,student_slang,宿舍夜谈又提到彩六直播，我躺着听,0,0,梗数据集_hot_speech_synth.txt,meme=彩六直播,2.0,slang_56_0_e9fd00e2,,client
slang_056,student_slang,同学整天彩六直播，我有点跟不上梗,0,0,梗数据集_hot_speech_synth.txt,meme=彩六直播,2.0,slang_56_0_54a749a2,,client
slang_056,student_slang,今天终于彩六直播了，心情一下子好起来,1,0,梗数据集_hot_speech_synth.txt,meme=彩六直播,2.0,slang_56_1_1c0e8db1,,client
slang_056,student_slang,刷到彩六直播笑出猪叫，明天考试也不慌了,1,0,梗数据集_hot_speech_synth.txt,meme=彩六直播,2.0,slang_56_1_77237ff0,,client
slang_056,student_slang,朋友用彩六直播逗我，整个人都轻松了,1,0,梗数据集_hot_speech_synth.txt,meme=彩六直播,2.0,slang_56_1_8bae8750,,client
slang_056,student_slang,秋招碰壁，刷到彩六直播更焦虑了,3,0,梗数据集_hot_speech_synth.txt,meme=彩六直播,5.0,slang_56_3_83e7d00e,,client
slang_056,student_slang,挂科预警加上彩六直播，今晚睡不着,3,0,梗数据集_hot_speech_synth.txt,meme=彩六直播,5.0,slang_56_3_d4fab9e3,,client
slang_056,student_slang,被同学阴阳彩六直播，内耗一整天,3,0,梗数据集_hot_speech_synth.txt,meme=彩六直播,5.0,slang_56_3_f95ddc58,,client
slang_057,student_slang,朋友发了个你爸爸喜欢吃什么，我假装看懂了,0,0,梗数据集_hot_speech_synth.txt,meme=你爸爸喜欢吃什么,2.0,slang_57_0_bdbdfe11,,client
slang_057,student_slang,群里又在玩你爸爸喜欢吃什么，我只能回一个6,0,0,梗数据集_hot_speech_synth.txt,meme=你爸爸喜欢吃什么,2.0,slang_57_0_670b3b63,,client
slang_057,student_slang,同学整天你爸爸喜欢吃什么，我有点跟不上梗,0,0,梗数据集_hot_speech_synth.txt,meme=你爸爸喜欢吃什么,2.0,slang_57_0_507f9f12,,client
slang_057,student_slang,刷到你爸爸喜欢吃什么笑出猪叫，明天考试也不慌了,1,0,梗数据集_hot_speech_synth.txt,meme=你爸爸喜欢吃什么,2.0,slang_57_1_c5893723,,client
slang_057,student_slang,和室友聊到你爸爸喜欢吃什么，大家都笑疯了,1,0,梗数据集_hot_speech_synth.txt,meme=你爸爸喜欢吃什么,2.0,slang_57_1_a70d6148,,client
slang_057,student_slang,今天终于你爸爸喜欢吃什么了，心情一下子好起来,1,0,梗数据集_hot_speech_synth.txt,meme=你爸爸喜欢吃什么,2.0,slang_57_1_cb600130,,client
slang_057,student_slang,宿舍那事搞得我很你爸爸喜欢吃什么，真的绷不住,3,0,梗数据集_hot_speech_synth.txt,meme=你爸爸喜欢吃什么,5.0,slang_57_3_a5ff1e53,,client
slang_057,student_slang,又被导师你爸爸喜欢吃什么，我直接破防了,3,0,梗数据集_hot_speech_synth.txt,meme=你爸爸喜欢吃什么,5.0,slang_57_3_e4c7b03c,,client
slang_057,student_slang,秋招碰壁，刷到你爸爸喜欢吃什么更焦虑了,3,0,梗数据集_hot_speech_synth.txt,meme=你爸爸喜欢吃什么,5.0,slang_57_3_c85f75b4,,client
slang_058,student_slang,同学整天贴吧攻陷，我有点跟不上梗,0,0,梗数据集_hot_speech_synth.txt,meme=贴吧攻陷,2.0,slang_58_0_721c423f,,client
slang_058,student_slang,宿舍夜谈又提到贴吧攻陷，我躺着听,0,0,梗数据集_hot_speech_synth.txt,meme=贴吧攻陷,2.0,slang_58_0_6c746bf6,,client
slang_058,student_slang,群里又在玩贴吧攻陷，我只能回一个6,0,0,梗数据集_hot_speech_synth.txt,meme=贴吧攻陷,2.0,slang_58_0_ee69f364,,client
slang_058,student_slang,朋友用贴吧攻陷逗我，整个人都轻松了,1,0,梗数据集_hot_speech_synth.txt,meme=贴吧攻陷,2.0,slang_58_1_132d109d,,client
slang_058,student_slang,小组作业做完，晚上靠贴吧攻陷快乐一下,1,0,梗数据集_hot_speech_synth.txt,meme=贴吧攻陷,2.0,slang_58_1_4d44bbd1,,client
slang_058,student_slang,刷到贴吧攻陷笑出猪叫，明天考试也不慌了,1,0,梗数据集_hot_speech_synth.txt,meme=贴吧攻陷,2.0,slang_58_1_d2023d8c,,client
slang_058,student_slang,被同学阴阳贴吧攻陷，内耗一整天,3,0,梗数据集_hot_speech_synth.txt,meme=贴吧攻陷,5.0,slang_58_3_6482c0a3,,client
slang_058,student_slang,宿舍那事搞得我很贴吧攻陷，真的绷不住,3,0,梗数据集_hot_speech_synth.txt,meme=贴吧攻陷,5.0,slang_58_3_9b48c8b0,,client
slang_058,student_slang,看到贴吧攻陷突然emo了，不想社交,3,0,梗数据集_hot_speech_synth.txt,meme=贴吧攻陷,5.0,slang_58_3_dfa37929,,client
slang_059,student_slang,宿舍夜谈又提到命运的齿轮开始转动，我躺着听,0,0,梗数据集_hot_speech_synth.txt,meme=命运的齿轮开始转动,2.0,slang_59_0_b3cd4e1b,,client
slang_059,student_slang,网上全是命运的齿轮开始转动，感觉信息过载,0,0,梗数据集_hot_speech_synth.txt,meme=命运的齿轮开始转动,2.0,slang_59_0_b99c8a1b,,client
slang_059,student_slang,同学整天命运的齿轮开始转动，我有点跟不上梗,0,0,梗数据集_hot_speech_synth.txt,meme=命运的齿轮开始转动,2.0,slang_59_0_c7c2c322,,client
slang_059,student_slang,和室友聊到命运的齿轮开始转动，大家都笑疯了,1,0,梗数据集_hot_speech_synth.txt,meme=命运的齿轮开始转动,2.0,slang_59_1_c4b11d69,,client
slang_059,student_slang,今天终于命运的齿轮开始转动了，心情一下子好起来,1,0,梗数据集_hot_speech_synth.txt,meme=命运的齿轮开始转动,2.0,slang_59_1_baab4824,,client
slang_059,student_slang,朋友用命运的齿轮开始转动逗我，整个人都轻松了,1,0,梗数据集_hot_speech_synth.txt,meme=命运的齿轮开始转动,2.0,slang_59_1_ecdc990f,,client
slang_059,student_slang,挂科预警加上命运的齿轮开始转动，今晚睡不着,3,0,梗数据集_hot_speech_synth.txt,meme=命运的齿轮开始转动,5.0,slang_59_3_16bff462,,client
slang_059,student_slang,看到命运的齿轮开始转动突然emo了，不想社交,3,0,梗数据集_hot_speech_synth.txt,meme=命运的齿轮开始转动,5.0,slang_59_3_00365fa5,,client
slang_059,student_slang,宿舍那事搞得我很命运的齿轮开始转动，真的绷不住,3,0,梗数据集_hot_speech_synth.txt,meme=命运的齿轮开始转动,5.0,slang_59_3_6db210ca,,client
slang_060,student_slang,同学整天GG Bond被抓走了，我有点跟不上梗,0,0,梗数据集_hot_speech_synth.txt,meme=GG Bond被抓走了,2.0,slang_60_0_5fe22a47,,client
slang_060,student_slang,课间大家聊GG Bond被抓走了，我插不上话,0,0,梗数据集_hot_speech_synth.txt,meme=GG Bond被抓走了,2.0,slang_60_0_acc47fcd,,client
slang_060,student_slang,宿舍夜谈又提到GG Bond被抓走了，我躺着听,0,0,梗数据集_hot_speech_synth.txt,meme=GG Bond被抓走了,2.0,slang_60_0_4533ec5d,,client
slang_060,student_slang,今天终于GG Bond被抓走了了，心情一下子好起来,1,0,梗数据集_hot_speech_synth.txt,meme=GG Bond被抓走了,2.0,slang_60_1_415bb580,,client
slang_060,student_slang,和室友聊到GG Bond被抓走了，大家都笑疯了,1,0,梗数据集_hot_speech_synth.txt,meme=GG Bond被抓走了,2.0,slang_60_1_5182f2c7,,client
slang_060,student_slang,小组作业做完，晚上靠GG Bond被抓走了快乐一下,1,0,梗数据集_hot_speech_synth.txt,meme=GG Bond被抓走了,2.0,slang_60_1_67271659,,client
slang_060,student_slang,看到GG Bond被抓走了突然emo了，不想社交,3,0,梗数据集_hot_speech_synth.txt,meme=GG Bond被抓走了,5.0,slang_60_3_8841b29f,,client
slang_060,student_slang,宿舍那事搞得我很GG Bond被抓走了，真的绷不住,3,0,梗数据集_hot_speech_synth.txt,meme=GG Bond被抓走了,5.0,slang_60_3_94cbe9d1,,client
slang_060,student_slang,挂科预警加上GG Bond被抓走了，今晚睡不着,3,0,梗数据集_hot_speech_synth.txt,meme=GG Bond被抓走了,5.0,slang_60_3_1ca3632d,,client
slang_061,student_slang,网上全是本视频收益全部XX，感觉信息过载,0,0,梗数据集_hot_speech_synth.txt,meme=本视频收益全部XX,2.0,slang_61_0_c57dace7,,client
slang_061,student_slang,课间大家聊本视频收益全部XX，我插不上话,0,0,梗数据集_hot_speech_synth.txt,meme=本视频收益全部XX,2.0,slang_61_0_c7b06046,,client
slang_061,student_slang,朋友发了个本视频收益全部XX，我假装看懂了,0,0,梗数据集_hot_speech_synth.txt,meme=本视频收益全部XX,2.0,slang_61_0_32c0b47e,,client
slang_061,student_slang,朋友用本视频收益全部XX逗我，整个人都轻松了,1,0,梗数据集_hot_speech_synth.txt,meme=本视频收益全部XX,2.0,slang_61_1_62e59c8c,,client
slang_061,student_slang,小组作业做完，晚上靠本视频收益全部XX快乐一下,1,0,梗数据集_hot_speech_synth.txt,meme=本视频收益全部XX,2.0,slang_61_1_ded8dea1,,client
slang_061,student_slang,刷到本视频收益全部XX笑出猪叫，明天考试也不慌了,1,0,梗数据集_hot_speech_synth.txt,meme=本视频收益全部XX,2.0,slang_61_1_56bdfe07,,client
slang_061,student_slang,看到本视频收益全部XX突然emo了，不想社交,3,0,梗数据集_hot_speech_synth.txt,meme=本视频收益全部XX,5.0,slang_61_3_6bfe4a5b,,client
slang_061,student_slang,宿舍那事搞得我很本视频收益全部XX，真的绷不住,3,0,梗数据集_hot_speech_synth.txt,meme=本视频收益全部XX,5.0,slang_61_3_f6cc8515,,client
slang_061,student_slang,挂科预警加上本视频收益全部XX，今晚睡不着,3,0,梗数据集_hot_speech_synth.txt,meme=本视频收益全部XX,5.0,slang_61_3_237dd8fe,,client
slang_062,student_slang,宿舍夜谈又提到撞火佛祖，我躺着听,0,0,梗数据集_hot_speech_synth.txt,meme=撞火佛祖,2.0,slang_62_0_9e2e2d31,,client
slang_062,student_slang,朋友发了个撞火佛祖，我假装看懂了,0,0,梗数据集_hot_speech_synth.txt,meme=撞火佛祖,2.0,slang_62_0_560fb64f,,client
slang_062,student_slang,同学整天撞火佛祖，我有点跟不上梗,0,0,梗数据集_hot_speech_synth.txt,meme=撞火佛祖,2.0,slang_62_0_343dd1a3,,client
slang_062,student_slang,刷到撞火佛祖笑出猪叫，明天考试也不慌了,1,0,梗数据集_hot_speech_synth.txt,meme=撞火佛祖,2.0,slang_62_1_59f552d7,,client
slang_062,student_slang,朋友用撞火佛祖逗我，整个人都轻松了,1,0,梗数据集_hot_speech_synth.txt,meme=撞火佛祖,2.0,slang_62_1_76fe85ee,,client
slang_062,student_slang,小组作业做完，晚上靠撞火佛祖快乐一下,1,0,梗数据集_hot_speech_synth.txt,meme=撞火佛祖,2.0,slang_62_1_610ae29f,,client
slang_062,student_slang,宿舍那事搞得我很撞火佛祖，真的绷不住,3,0,梗数据集_hot_speech_synth.txt,meme=撞火佛祖,5.0,slang_62_3_b529219f,,client
slang_062,student_slang,期末周还遇到撞火佛祖，心态崩了,3,0,梗数据集_hot_speech_synth.txt,meme=撞火佛祖,5.0,slang_62_3_cf486051,,client
slang_062,student_slang,看到撞火佛祖突然emo了，不想社交,3,0,梗数据集_hot_speech_synth.txt,meme=撞火佛祖,5.0,slang_62_3_ba5a9126,,client
slang_063,student_slang,群里又在玩夏令营兵王，我只能回一个6,0,0,梗数据集_hot_speech_synth.txt,meme=夏令营兵王,2.0,slang_63_0_632ea401,,client
slang_063,student_slang,朋友发了个夏令营兵王，我假装看懂了,0,0,梗数据集_hot_speech_synth.txt,meme=夏令营兵王,2.0,slang_63_0_a7aa9df4,,client
slang_063,student_slang,同学整天夏令营兵王，我有点跟不上梗,0,0,梗数据集_hot_speech_synth.txt,meme=夏令营兵王,2.0,slang_63_0_0e64a852,,client
slang_063,student_slang,刷到夏令营兵王笑出猪叫，明天考试也不慌了,1,0,梗数据集_hot_speech_synth.txt,meme=夏令营兵王,2.0,slang_63_1_6832a35a,,client
slang_063,student_slang,小组作业做完，晚上靠夏令营兵王快乐一下,1,0,梗数据集_hot_speech_synth.txt,meme=夏令营兵王,2.0,slang_63_1_7fb60c9e,,client
slang_063,student_slang,和室友聊到夏令营兵王，大家都笑疯了,1,0,梗数据集_hot_speech_synth.txt,meme=夏令营兵王,2.0,slang_63_1_28a7db6d,,client
slang_063,student_slang,被同学阴阳夏令营兵王，内耗一整天,3,0,梗数据集_hot_speech_synth.txt,meme=夏令营兵王,5.0,slang_63_3_c7fc1437,,client
slang_063,student_slang,又被导师夏令营兵王，我直接破防了,3,0,梗数据集_hot_speech_synth.txt,meme=夏令营兵王,5.0,slang_63_3_889f229d,,client
slang_063,student_slang,宿舍那事搞得我很夏令营兵王，真的绷不住,3,0,梗数据集_hot_speech_synth.txt,meme=夏令营兵王,5.0,slang_63_3_6f803034,,client
slang_064,student_slang,同学整天沙勒知名教师，我有点跟不上梗,0,0,梗数据集_hot_speech_synth.txt,meme=沙勒知名教师,2.0,slang_64_0_beb34540,,client
slang_064,student_slang,网上全是沙勒知名教师，感觉信息过载,0,0,梗数据集_hot_speech_synth.txt,meme=沙勒知名教师,2.0,slang_64_0_25c61afd,,client
slang_064,student_slang,宿舍夜谈又提到沙勒知名教师，我躺着听,0,0,梗数据集_hot_speech_synth.txt,meme=沙勒知名教师,2.0,slang_64_0_4479db5c,,client
slang_064,student_slang,和室友聊到沙勒知名教师，大家都笑疯了,1,0,梗数据集_hot_speech_synth.txt,meme=沙勒知名教师,2.0,slang_64_1_658aef73,,client
slang_064,student_slang,小组作业做完，晚上靠沙勒知名教师快乐一下,1,0,梗数据集_hot_speech_synth.txt,meme=沙勒知名教师,2.0,slang_64_1_35eb0fa9,,client
slang_064,student_slang,今天终于沙勒知名教师了，心情一下子好起来,1,0,梗数据集_hot_speech_synth.txt,meme=沙勒知名教师,2.0,slang_64_1_1c7f36da,,client
slang_064,student_slang,看到沙勒知名教师突然emo了，不想社交,3,0,梗数据集_hot_speech_synth.txt,meme=沙勒知名教师,5.0,slang_64_3_2d8769fd,,client
slang_064,student_slang,挂科预警加上沙勒知名教师，今晚睡不着,3,0,梗数据集_hot_speech_synth.txt,meme=沙勒知名教师,5.0,slang_64_3_a0266f3b,,client
slang_064,student_slang,期末周还遇到沙勒知名教师，心态崩了,3,0,梗数据集_hot_speech_synth.txt,meme=沙勒知名教师,5.0,slang_64_3_c83ee380,,client
slang_065,student_slang,课间大家聊手游圈TF，我插不上话,0,0,梗数据集_hot_speech_synth.txt,meme=手游圈TF,2.0,slang_65_0_f2cb368e,,client
slang_065,student_slang,宿舍夜谈又提到手游圈TF，我躺着听,0,0,梗数据集_hot_speech_synth.txt,meme=手游圈TF,2.0,slang_65_0_aedfefbf,,client
slang_065,student_slang,网上全是手游圈TF，感觉信息过载,0,0,梗数据集_hot_speech_synth.txt,meme=手游圈TF,2.0,slang_65_0_7d99c982,,client
slang_065,student_slang,今天终于手游圈TF了，心情一下子好起来,1,0,梗数据集_hot_speech_synth.txt,meme=手游圈TF,2.0,slang_65_1_ff2fdb89,,client
slang_065,student_slang,和室友聊到手游圈TF，大家都笑疯了,1,0,梗数据集_hot_speech_synth.txt,meme=手游圈TF,2.0,slang_65_1_8292c0d5,,client
slang_065,student_slang,朋友用手游圈TF逗我，整个人都轻松了,1,0,梗数据集_hot_speech_synth.txt,meme=手游圈TF,2.0,slang_65_1_bce90d3a,,client
slang_065,student_slang,看到手游圈TF突然emo了，不想社交,3,0,梗数据集_hot_speech_synth.txt,meme=手游圈TF,5.0,slang_65_3_75f0cf4f,,client
slang_065,student_slang,被同学阴阳手游圈TF，内耗一整天,3,0,梗数据集_hot_speech_synth.txt,meme=手游圈TF,5.0,slang_65_3_1b787119,,client
slang_065,student_slang,又被导师手游圈TF，我直接破防了,3,0,梗数据集_hot_speech_synth.txt,meme=手游圈TF,5.0,slang_65_3_e759c9a9,,client
slang_066,student_slang,课间大家聊哈基米，我插不上话,0,0,梗数据集_hot_speech_synth.txt,meme=哈基米,2.0,slang_66_0_2a7d66fe,,client
slang_066,student_slang,宿舍夜谈又提到哈基米，我躺着听,0,0,梗数据集_hot_speech_synth.txt,meme=哈基米,2.0,slang_66_0_fd926e2f,,client
slang_066,student_slang,网上全是哈基米，感觉信息过载,0,0,梗数据集_hot_speech_synth.txt,meme=哈基米,2.0,slang_66_0_a9813623,,client
slang_066,student_slang,今天终于哈基米了，心情一下子好起来,1,0,梗数据集_hot_speech_synth.txt,meme=哈基米,2.0,slang_66_1_04d8e8a1,,client
slang_066,student_slang,刷到哈基米笑出猪叫，明天考试也不慌了,1,0,梗数据集_hot_speech_synth.txt,meme=哈基米,2.0,slang_66_1_776c3621,,client
slang_066,student_slang,和室友聊到哈基米，大家都笑疯了,1,0,梗数据集_hot_speech_synth.txt,meme=哈基米,2.0,slang_66_1_bd505ba6,,client
slang_066,student_slang,挂科预警加上哈基米，今晚睡不着,3,0,梗数据集_hot_speech_synth.txt,meme=哈基米,5.0,slang_66_3_de6d1757,,client
slang_066,student_slang,看到哈基米突然emo了，不想社交,3,0,梗数据集_hot_speech_synth.txt,meme=哈基米,5.0,slang_66_3_73dbca2e,,client
slang_066,student_slang,秋招碰壁，刷到哈基米更焦虑了,3,0,梗数据集_hot_speech_synth.txt,meme=哈基米,5.0,slang_66_3_b1a7f050,,client
slang_067,student_slang,课间大家聊中国大力王秀才，我插不上话,0,0,梗数据集_hot_speech_synth.txt,meme=中国大力王秀才,2.0,slang_67_0_2c3a6621,,client
slang_067,student_slang,网上全是中国大力王秀才，感觉信息过载,0,0,梗数据集_hot_speech_synth.txt,meme=中国大力王秀才,2.0,slang_67_0_41782f87,,client
slang_067,student_slang,同学整天中国大力王秀才，我有点跟不上梗,0,0,梗数据集_hot_speech_synth.txt,meme=中国大力王秀才,2.0,slang_67_0_641aa335,,client
slang_067,student_slang,朋友用中国大力王秀才逗我，整个人都轻松了,1,0,梗数据集_hot_speech_synth.txt,meme=中国大力王秀才,2.0,slang_67_1_e96681da,,client
slang_067,student_slang,和室友聊到中国大力王秀才，大家都笑疯了,1,0,梗数据集_hot_speech_synth.txt,meme=中国大力王秀才,2.0,slang_67_1_05bfc7c0,,client
slang_067,student_slang,小组作业做完，晚上靠中国大力王秀才快乐一下,1,0,梗数据集_hot_speech_synth.txt,meme=中国大力王秀才,2.0,slang_67_1_765dea0a,,client
slang_067,student_slang,看到中国大力王秀才突然emo了，不想社交,3,0,梗数据集_hot_speech_synth.txt,meme=中国大力王秀才,5.0,slang_67_3_42f2fec4,,client
slang_067,student_slang,挂科预警加上中国大力王秀才，今晚睡不着,3,0,梗数据集_hot_speech_synth.txt,meme=中国大力王秀才,5.0,slang_67_3_05575e1b,,client
slang_067,student_slang,又被导师中国大力王秀才，我直接破防了,3,0,梗数据集_hot_speech_synth.txt,meme=中国大力王秀才,5.0,slang_67_3_238b6af7,,client
slang_068,student_slang,宿舍夜谈又提到每日一题防止聪明，我躺着听,0,0,梗数据集_hot_speech_synth.txt,meme=每日一题防止聪明,2.0,slang_68_0_520bbb9a,,client
slang_068,student_slang,朋友发了个每日一题防止聪明，我假装看懂了,0,0,梗数据集_hot_speech_synth.txt,meme=每日一题防止聪明,2.0,slang_68_0_f2a65582,,client
slang_068,student_slang,网上全是每日一题防止聪明，感觉信息过载,0,0,梗数据集_hot_speech_synth.txt,meme=每日一题防止聪明,2.0,slang_68_0_3a4f4c76,,client
slang_068,student_slang,和室友聊到每日一题防止聪明，大家都笑疯了,1,0,梗数据集_hot_speech_synth.txt,meme=每日一题防止聪明,2.0,slang_68_1_a7353baf,,client
slang_068,student_slang,朋友用每日一题防止聪明逗我，整个人都轻松了,1,0,梗数据集_hot_speech_synth.txt,meme=每日一题防止聪明,2.0,slang_68_1_0a0e9888,,client
slang_068,student_slang,今天终于每日一题防止聪明了，心情一下子好起来,1,0,梗数据集_hot_speech_synth.txt,meme=每日一题防止聪明,2.0,slang_68_1_3d2e7ab1,,client
slang_068,student_slang,被同学阴阳每日一题防止聪明，内耗一整天,3,0,梗数据集_hot_speech_synth.txt,meme=每日一题防止聪明,5.0,slang_68_3_000e2aa3,,client
slang_068,student_slang,挂科预警加上每日一题防止聪明，今晚睡不着,3,0,梗数据集_hot_speech_synth.txt,meme=每日一题防止聪明,5.0,slang_68_3_8aaeeada,,client
slang_068,student_slang,又被导师每日一题防止聪明，我直接破防了,3,0,梗数据集_hot_speech_synth.txt,meme=每日一题防止聪明,5.0,slang_68_3_a2f088c4,,client
slang_068,student_slang,被每日一题防止聪明搞到撑不下去了，真的好累,7,1,梗数据集_hot_speech_synth.txt,meme=每日一题防止聪明,8.0,slang_68_7_62446c69,,client
slang_068,student_slang,最近满脑子都是每日一题防止聪明，感觉活着没意思,7,1,梗数据集_hot_speech_synth.txt,meme=每日一题防止聪明,8.0,slang_68_7_cfc49a25,,client
slang_068,student_slang,旁边人都在每日一题防止聪明，我却觉得自己很失败,7,1,梗数据集_hot_speech_synth.txt,meme=每日一题防止聪明,8.0,slang_68_7_00b169f7,,client
slang_069,student_slang,网上全是狗罕见，感觉信息过载,0,0,梗数据集_hot_speech_synth.txt,meme=狗罕见,2.0,slang_69_0_1ca81582,,client
slang_069,student_slang,宿舍夜谈又提到狗罕见，我躺着听,0,0,梗数据集_hot_speech_synth.txt,meme=狗罕见,2.0,slang_69_0_819d813a,,client
slang_069,student_slang,同学整天狗罕见，我有点跟不上梗,0,0,梗数据集_hot_speech_synth.txt,meme=狗罕见,2.0,slang_69_0_30d8b116,,client
slang_069,student_slang,朋友用狗罕见逗我，整个人都轻松了,1,0,梗数据集_hot_speech_synth.txt,meme=狗罕见,2.0,slang_69_1_ab6e90b3,,client
slang_069,student_slang,和室友聊到狗罕见，大家都笑疯了,1,0,梗数据集_hot_speech_synth.txt,meme=狗罕见,2.0,slang_69_1_ff5ecded,,client
slang_069,student_slang,今天终于狗罕见了，心情一下子好起来,1,0,梗数据集_hot_speech_synth.txt,meme=狗罕见,2.0,slang_69_1_9ddb43b5,,client
slang_069,student_slang,期末周还遇到狗罕见，心态崩了,3,0,梗数据集_hot_speech_synth.txt,meme=狗罕见,5.0,slang_69_3_2eabe53b,,client
slang_069,student_slang,看到狗罕见突然emo了，不想社交,3,0,梗数据集_hot_speech_synth.txt,meme=狗罕见,5.0,slang_69_3_54f902c4,,client
slang_069,student_slang,挂科预警加上狗罕见，今晚睡不着,3,0,梗数据集_hot_speech_synth.txt,meme=狗罕见,5.0,slang_69_3_66b8c935,,client
slang_070,student_slang,同学整天遥遥领先，我有点跟不上梗,0,0,梗数据集_hot_speech_synth.txt,meme=遥遥领先,2.0,slang_70_0_e54380d0,,client
slang_070,student_slang,宿舍夜谈又提到遥遥领先，我躺着听,0,0,梗数据集_hot_speech_synth.txt,meme=遥遥领先,2.0,slang_70_0_68ce8496,,client
slang_070,student_slang,朋友发了个遥遥领先，我假装看懂了,0,0,梗数据集_hot_speech_synth.txt,meme=遥遥领先,2.0,slang_70_0_65337ba3,,client
slang_070,student_slang,刷到遥遥领先笑出猪叫，明天考试也不慌了,1,0,梗数据集_hot_speech_synth.txt,meme=遥遥领先,2.0,slang_70_1_f9678024,,client
slang_070,student_slang,朋友用遥遥领先逗我，整个人都轻松了,1,0,梗数据集_hot_speech_synth.txt,meme=遥遥领先,2.0,slang_70_1_92279965,,client
slang_070,student_slang,和室友聊到遥遥领先，大家都笑疯了,1,0,梗数据集_hot_speech_synth.txt,meme=遥遥领先,2.0,slang_70_1_23ecce2a,,client
slang_070,student_slang,挂科预警加上遥遥领先，今晚睡不着,3,0,梗数据集_hot_speech_synth.txt,meme=遥遥领先,5.0,slang_70_3_7da06f02,,client
slang_070,student_slang,看到遥遥领先突然emo了，不想社交,3,0,梗数据集_hot_speech_synth.txt,meme=遥遥领先,5.0,slang_70_3_0a286963,,client
slang_070,student_slang,期末周还遇到遥遥领先，心态崩了,3,0,梗数据集_hot_speech_synth.txt,meme=遥遥领先,5.0,slang_70_3_8114e157,,client
slang_071,student_slang,群里又在玩我阴暗世界里的小太阳，我只能回一个6,0,0,梗数据集_hot_speech_synth.txt,meme=我阴暗世界里的小太阳,2.0,slang_71_0_01ea6d4e,,client
slang_071,student_slang,宿舍夜谈又提到我阴暗世界里的小太阳，我躺着听,0,0,梗数据集_hot_speech_synth.txt,meme=我阴暗世界里的小太阳,2.0,slang_71_0_e3c93fe7,,client
slang_071,student_slang,网上全是我阴暗世界里的小太阳，感觉信息过载,0,0,梗数据集_hot_speech_synth.txt,meme=我阴暗世界里的小太阳,2.0,slang_71_0_9438c2b7,,client
slang_071,student_slang,小组作业做完，晚上靠我阴暗世界里的小太阳快乐一下,1,0,梗数据集_hot_speech_synth.txt,meme=我阴暗世界里的小太阳,2.0,slang_71_1_400ddc5e,,client
slang_071,student_slang,今天终于我阴暗世界里的小太阳了，心情一下子好起来,1,0,梗数据集_hot_speech_synth.txt,meme=我阴暗世界里的小太阳,2.0,slang_71_1_bd0c51bc,,client
slang_071,student_slang,和室友聊到我阴暗世界里的小太阳，大家都笑疯了,1,0,梗数据集_hot_speech_synth.txt,meme=我阴暗世界里的小太阳,2.0,slang_71_1_5db51dc2,,client
slang_071,student_slang,宿舍那事搞得我很我阴暗世界里的小太阳，真的绷不住,3,0,梗数据集_hot_speech_synth.txt,meme=我阴暗世界里的小太阳,5.0,slang_71_3_7ebdcd1f,,client
slang_071,student_slang,秋招碰壁，刷到我阴暗世界里的小太阳更焦虑了,3,0,梗数据集_hot_speech_synth.txt,meme=我阴暗世界里的小太阳,5.0,slang_71_3_bb9a6065,,client
slang_071,student_slang,又被导师我阴暗世界里的小太阳，我直接破防了,3,0,梗数据集_hot_speech_synth.txt,meme=我阴暗世界里的小太阳,5.0,slang_71_3_8070cd6d,,client
slang_072,student_slang,网上全是花西子，感觉信息过载,0,0,梗数据集_hot_speech_synth.txt,meme=花西子,2.0,slang_72_0_20d4a5f6,,client
slang_072,student_slang,群里又在玩花西子，我只能回一个6,0,0,梗数据集_hot_speech_synth.txt,meme=花西子,2.0,slang_72_0_5e100de0,,client
slang_072,student_slang,课间大家聊花西子，我插不上话,0,0,梗数据集_hot_speech_synth.txt,meme=花西子,2.0,slang_72_0_2ae09688,,client
slang_072,student_slang,和室友聊到花西子，大家都笑疯了,1,0,梗数据集_hot_speech_synth.txt,meme=花西子,2.0,slang_72_1_83ad762b,,client
slang_072,student_slang,小组作业做完，晚上靠花西子快乐一下,1,0,梗数据集_hot_speech_synth.txt,meme=花西子,2.0,slang_72_1_d6324e16,,client
slang_072,student_slang,今天终于花西子了，心情一下子好起来,1,0,梗数据集_hot_speech_synth.txt,meme=花西子,2.0,slang_72_1_39eb4cab,,client
slang_072,student_slang,被同学阴阳花西子，内耗一整天,3,0,梗数据集_hot_speech_synth.txt,meme=花西子,5.0,slang_72_3_afbfe46f,,client
slang_072,student_slang,宿舍那事搞得我很花西子，真的绷不住,3,0,梗数据集_hot_speech_synth.txt,meme=花西子,5.0,slang_72_3_406c316b,,client
slang_072,student_slang,秋招碰壁，刷到花西子更焦虑了,3,0,梗数据集_hot_speech_synth.txt,meme=花西子,5.0,slang_72_3_fe557243,,client
slang_073,student_slang,同学整天oi，我有点跟不上梗,0,0,梗数据集_hot_speech_synth.txt,meme=oi,2.0,slang_73_0_e3843491,,client
slang_073,student_slang,宿舍夜谈又提到oi，我躺着听,0,0,梗数据集_hot_speech_synth.txt,meme=oi,2.0,slang_73_0_240de88a,,client
slang_073,student_slang,群里又在玩oi，我只能回一个6,0,0,梗数据集_hot_speech_synth.txt,meme=oi,2.0,slang_73_0_632f0505,,client
slang_073,student_slang,小组作业做完，晚上靠oi快乐一下,1,0,梗数据集_hot_speech_synth.txt,meme=oi,2.0,slang_73_1_ee47c518,,client
slang_073,student_slang,和室友聊到oi，大家都笑疯了,1,0,梗数据集_hot_speech_synth.txt,meme=oi,2.0,slang_73_1_f8b60546,,client
slang_073,student_slang,朋友用oi逗我，整个人都轻松了,1,0,梗数据集_hot_speech_synth.txt,meme=oi,2.0,slang_73_1_41fe0465,,client
slang_073,student_slang,秋招碰壁，刷到oi更焦虑了,3,0,梗数据集_hot_speech_synth.txt,meme=oi,5.0,slang_73_3_2417fedb,,client
slang_073,student_slang,期末周还遇到oi，心态崩了,3,0,梗数据集_hot_speech_synth.txt,meme=oi,5.0,slang_73_3_68ce4786,,client
slang_073,student_slang,挂科预警加上oi，今晚睡不着,3,0,梗数据集_hot_speech_synth.txt,meme=oi,5.0,slang_73_3_f2e28cbb,,client
slang_074,student_slang,同学整天我服了爸爸，我有点跟不上梗,0,0,梗数据集_hot_speech_synth.txt,meme=我服了爸爸,2.0,slang_74_0_244d7806,,client
slang_074,student_slang,课间大家聊我服了爸爸，我插不上话,0,0,梗数据集_hot_speech_synth.txt,meme=我服了爸爸,2.0,slang_74_0_4ae74dd5,,client
slang_074,student_slang,群里又在玩我服了爸爸，我只能回一个6,0,0,梗数据集_hot_speech_synth.txt,meme=我服了爸爸,2.0,slang_74_0_dc485633,,client
slang_074,student_slang,和室友聊到我服了爸爸，大家都笑疯了,1,0,梗数据集_hot_speech_synth.txt,meme=我服了爸爸,2.0,slang_74_1_2b8975c5,,client
slang_074,student_slang,刷到我服了爸爸笑出猪叫，明天考试也不慌了,1,0,梗数据集_hot_speech_synth.txt,meme=我服了爸爸,2.0,slang_74_1_d4cca4b8,,client
slang_074,student_slang,今天终于我服了爸爸了，心情一下子好起来,1,0,梗数据集_hot_speech_synth.txt,meme=我服了爸爸,2.0,slang_74_1_51dfe359,,client
slang_074,student_slang,被同学阴阳我服了爸爸，内耗一整天,3,0,梗数据集_hot_speech_synth.txt,meme=我服了爸爸,5.0,slang_74_3_d64425d1,,client
slang_074,student_slang,又被导师我服了爸爸，我直接破防了,3,0,梗数据集_hot_speech_synth.txt,meme=我服了爸爸,5.0,slang_74_3_ac504588,,client
slang_074,student_slang,期末周还遇到我服了爸爸，心态崩了,3,0,梗数据集_hot_speech_synth.txt,meme=我服了爸爸,5.0,slang_74_3_a327f7a6,,client
slang_075,student_slang,课间大家聊地铁判官，我插不上话,0,0,梗数据集_hot_speech_synth.txt,meme=地铁判官,2.0,slang_75_0_cf2a28bb,,client
slang_075,student_slang,宿舍夜谈又提到地铁判官，我躺着听,0,0,梗数据集_hot_speech_synth.txt,meme=地铁判官,2.0,slang_75_0_7a9e35dc,,client
slang_075,student_slang,网上全是地铁判官，感觉信息过载,0,0,梗数据集_hot_speech_synth.txt,meme=地铁判官,2.0,slang_75_0_ae0d0047,,client
slang_075,student_slang,和室友聊到地铁判官，大家都笑疯了,1,0,梗数据集_hot_speech_synth.txt,meme=地铁判官,2.0,slang_75_1_ffbbb0a3,,client
slang_075,student_slang,今天终于地铁判官了，心情一下子好起来,1,0,梗数据集_hot_speech_synth.txt,meme=地铁判官,2.0,slang_75_1_3b1ada72,,client
slang_075,student_slang,刷到地铁判官笑出猪叫，明天考试也不慌了,1,0,梗数据集_hot_speech_synth.txt,meme=地铁判官,2.0,slang_75_1_035b2083,,client
slang_075,student_slang,秋招碰壁，刷到地铁判官更焦虑了,3,0,梗数据集_hot_speech_synth.txt,meme=地铁判官,5.0,slang_75_3_18e96314,,client
slang_075,student_slang,挂科预警加上地铁判官，今晚睡不着,3,0,梗数据集_hot_speech_synth.txt,meme=地铁判官,5.0,slang_75_3_9e3a690a,,client
slang_075,student_slang,宿舍那事搞得我很地铁判官，真的绷不住,3,0,梗数据集_hot_speech_synth.txt,meme=地铁判官,5.0,slang_75_3_0b43b887,,client
slang_076,student_slang,群里又在玩请XX无条件归还XX，我只能回一个6,0,0,梗数据集_hot_speech_synth.txt,meme=请XX无条件归还XX,2.0,slang_76_0_128b163e,,client
slang_076,student_slang,朋友发了个请XX无条件归还XX，我假装看懂了,0,0,梗数据集_hot_speech_synth.txt,meme=请XX无条件归还XX,2.0,slang_76_0_5d40f0a3,,client
slang_076,student_slang,网上全是请XX无条件归还XX，感觉信息过载,0,0,梗数据集_hot_speech_synth.txt,meme=请XX无条件归还XX,2.0,slang_76_0_7db90d47,,client
slang_076,student_slang,小组作业做完，晚上靠请XX无条件归还XX快乐一下,1,0,梗数据集_hot_speech_synth.txt,meme=请XX无条件归还XX,2.0,slang_76_1_9c97005d,,client
slang_076,student_slang,今天终于请XX无条件归还XX了，心情一下子好起来,1,0,梗数据集_hot_speech_synth.txt,meme=请XX无条件归还XX,2.0,slang_76_1_12a7e405,,client
slang_076,student_slang,和室友聊到请XX无条件归还XX，大家都笑疯了,1,0,梗数据集_hot_speech_synth.txt,meme=请XX无条件归还XX,2.0,slang_76_1_2ccbc34e,,client
slang_076,student_slang,被同学阴阳请XX无条件归还XX，内耗一整天,3,0,梗数据集_hot_speech_synth.txt,meme=请XX无条件归还XX,5.0,slang_76_3_af939787,,client
slang_076,student_slang,看到请XX无条件归还XX突然emo了，不想社交,3,0,梗数据集_hot_speech_synth.txt,meme=请XX无条件归还XX,5.0,slang_76_3_c28d7b6d,,client
slang_076,student_slang,期末周还遇到请XX无条件归还XX，心态崩了,3,0,梗数据集_hot_speech_synth.txt,meme=请XX无条件归还XX,5.0,slang_76_3_c75fc964,,client
slang_077,student_slang,群里又在玩我姓石，我只能回一个6,0,0,梗数据集_hot_speech_synth.txt,meme=我姓石,2.0,slang_77_0_5ca27bc3,,client
slang_077,student_slang,课间大家聊我姓石，我插不上话,0,0,梗数据集_hot_speech_synth.txt,meme=我姓石,2.0,slang_77_0_b60a8450,,client
slang_077,student_slang,朋友发了个我姓石，我假装看懂了,0,0,梗数据集_hot_speech_synth.txt,meme=我姓石,2.0,slang_77_0_f1a76a52,,client
slang_077,student_slang,今天终于我姓石了，心情一下子好起来,1,0,梗数据集_hot_speech_synth.txt,meme=我姓石,2.0,slang_77_1_35b6a363,,client
slang_077,student_slang,朋友用我姓石逗我，整个人都轻松了,1,0,梗数据集_hot_speech_synth.txt,meme=我姓石,2.0,slang_77_1_a5690d08,,client
slang_077,student_slang,和室友聊到我姓石，大家都笑疯了,1,0,梗数据集_hot_speech_synth.txt,meme=我姓石,2.0,slang_77_1_54456c4c,,client
slang_077,student_slang,又被导师我姓石，我直接破防了,3,0,梗数据集_hot_speech_synth.txt,meme=我姓石,5.0,slang_77_3_45f19b3a,,client
slang_077,student_slang,看到我姓石突然emo了，不想社交,3,0,梗数据集_hot_speech_synth.txt,meme=我姓石,5.0,slang_77_3_5853fc9f,,client
slang_077,student_slang,期末周还遇到我姓石，心态崩了,3,0,梗数据集_hot_speech_synth.txt,meme=我姓石,5.0,slang_77_3_86ae73a1,,client
slang_078,student_slang,网上全是哪里贵了，感觉信息过载,0,0,梗数据集_hot_speech_synth.txt,meme=哪里贵了,2.0,slang_78_0_a81e0af5,,client
slang_078,student_slang,宿舍夜谈又提到哪里贵了，我躺着听,0,0,梗数据集_hot_speech_synth.txt,meme=哪里贵了,2.0,slang_78_0_4d177614,,client
slang_078,student_slang,同学整天哪里贵了，我有点跟不上梗,0,0,梗数据集_hot_speech_synth.txt,meme=哪里贵了,2.0,slang_78_0_af6238b9,,client
slang_078,student_slang,朋友用哪里贵了逗我，整个人都轻松了,1,0,梗数据集_hot_speech_synth.txt,meme=哪里贵了,2.0,slang_78_1_011bf7bd,,client
slang_078,student_slang,和室友聊到哪里贵了，大家都笑疯了,1,0,梗数据集_hot_speech_synth.txt,meme=哪里贵了,2.0,slang_78_1_a582de55,,client
slang_078,student_slang,刷到哪里贵了笑出猪叫，明天考试也不慌了,1,0,梗数据集_hot_speech_synth.txt,meme=哪里贵了,2.0,slang_78_1_c0eaea45,,client
slang_078,student_slang,被同学阴阳哪里贵了，内耗一整天,3,0,梗数据集_hot_speech_synth.txt,meme=哪里贵了,5.0,slang_78_3_2736d8d5,,client
slang_078,student_slang,秋招碰壁，刷到哪里贵了更焦虑了,3,0,梗数据集_hot_speech_synth.txt,meme=哪里贵了,5.0,slang_78_3_85ff72fd,,client
slang_078,student_slang,期末周还遇到哪里贵了，心态崩了,3,0,梗数据集_hot_speech_synth.txt,meme=哪里贵了,5.0,slang_78_3_04f8b5ec,,client
slang_079,student_slang,课间大家聊刘德华为什么很少演反派，我插不上话,0,0,梗数据集_hot_speech_synth.txt,meme=刘德华为什么很少演反派,2.0,slang_79_0_642c04bd,,client
slang_079,student_slang,网上全是刘德华为什么很少演反派，感觉信息过载,0,0,梗数据集_hot_speech_synth.txt,meme=刘德华为什么很少演反派,2.0,slang_79_0_ed2cd7ef,,client
slang_079,student_slang,宿舍夜谈又提到刘德华为什么很少演反派，我躺着听,0,0,梗数据集_hot_speech_synth.txt,meme=刘德华为什么很少演反派,2.0,slang_79_0_b829c43f,,client
slang_079,student_slang,朋友用刘德华为什么很少演反派逗我，整个人都轻松了,1,0,梗数据集_hot_speech_synth.txt,meme=刘德华为什么很少演反派,2.0,slang_79_1_d19f2380,,client
slang_079,student_slang,小组作业做完，晚上靠刘德华为什么很少演反派快乐一下,1,0,梗数据集_hot_speech_synth.txt,meme=刘德华为什么很少演反派,2.0,slang_79_1_af2a8415,,client
slang_079,student_slang,刷到刘德华为什么很少演反派笑出猪叫，明天考试也不慌了,1,0,梗数据集_hot_speech_synth.txt,meme=刘德华为什么很少演反派,2.0,slang_79_1_dd69ffde,,client
slang_079,student_slang,被同学阴阳刘德华为什么很少演反派，内耗一整天,3,0,梗数据集_hot_speech_synth.txt,meme=刘德华为什么很少演反派,5.0,slang_79_3_353c1d73,,client
slang_079,student_slang,期末周还遇到刘德华为什么很少演反派，心态崩了,3,0,梗数据集_hot_speech_synth.txt,meme=刘德华为什么很少演反派,5.0,slang_79_3_5ad5ccbb,,client
slang_079,student_slang,秋招碰壁，刷到刘德华为什么很少演反派更焦虑了,3,0,梗数据集_hot_speech_synth.txt,meme=刘德华为什么很少演反派,5.0,slang_79_3_e8e73c8c,,client
slang_000,student_slang,同学整天中铁大案，我有点跟不上梗,0,0,梗数据集_hot_speech_synth.txt,meme=中铁大案,2.0,slang_80_0_50192caa,,client
slang_000,student_slang,群里又在玩中铁大案，我只能回一个6,0,0,梗数据集_hot_speech_synth.txt,meme=中铁大案,2.0,slang_80_0_40afed9b,,client
slang_000,student_slang,朋友发了个中铁大案，我假装看懂了,0,0,梗数据集_hot_speech_synth.txt,meme=中铁大案,2.0,slang_80_0_86218e90,,client
slang_000,student_slang,朋友用中铁大案逗我，整个人都轻松了,1,0,梗数据集_hot_speech_synth.txt,meme=中铁大案,2.0,slang_80_1_e38a1fdb,,client
slang_000,student_slang,和室友聊到中铁大案，大家都笑疯了,1,0,梗数据集_hot_speech_synth.txt,meme=中铁大案,2.0,slang_80_1_77244b75,,client
slang_000,student_slang,小组作业做完，晚上靠中铁大案快乐一下,1,0,梗数据集_hot_speech_synth.txt,meme=中铁大案,2.0,slang_80_1_e8f2e8fd,,client
slang_000,student_slang,被同学阴阳中铁大案，内耗一整天,3,0,梗数据集_hot_speech_synth.txt,meme=中铁大案,5.0,slang_80_3_ab6bcb89,,client
slang_000,student_slang,挂科预警加上中铁大案，今晚睡不着,3,0,梗数据集_hot_speech_synth.txt,meme=中铁大案,5.0,slang_80_3_ddbddcbf,,client
slang_000,student_slang,看到中铁大案突然emo了，不想社交,3,0,梗数据集_hot_speech_synth.txt,meme=中铁大案,5.0,slang_80_3_6302c311,,client
slang_001,student_slang,朋友发了个左眼忘记你右眼记住你，我假装看懂了,0,0,梗数据集_hot_speech_synth.txt,meme=左眼忘记你右眼记住你,2.0,slang_81_0_8f436dcc,,client
slang_001,student_slang,群里又在玩左眼忘记你右眼记住你，我只能回一个6,0,0,梗数据集_hot_speech_synth.txt,meme=左眼忘记你右眼记住你,2.0,slang_81_0_e6318ff0,,client
slang_001,student_slang,宿舍夜谈又提到左眼忘记你右眼记住你，我躺着听,0,0,梗数据集_hot_speech_synth.txt,meme=左眼忘记你右眼记住你,2.0,slang_81_0_0c996459,,client
slang_001,student_slang,刷到左眼忘记你右眼记住你笑出猪叫，明天考试也不慌了,1,0,梗数据集_hot_speech_synth.txt,meme=左眼忘记你右眼记住你,2.0,slang_81_1_9249271b,,client
slang_001,student_slang,和室友聊到左眼忘记你右眼记住你，大家都笑疯了,1,0,梗数据集_hot_speech_synth.txt,meme=左眼忘记你右眼记住你,2.0,slang_81_1_12a28662,,client
slang_001,student_slang,朋友用左眼忘记你右眼记住你逗我，整个人都轻松了,1,0,梗数据集_hot_speech_synth.txt,meme=左眼忘记你右眼记住你,2.0,slang_81_1_43a5630f,,client
slang_001,student_slang,宿舍那事搞得我很左眼忘记你右眼记住你，真的绷不住,3,0,梗数据集_hot_speech_synth.txt,meme=左眼忘记你右眼记住你,5.0,slang_81_3_f9ecb7a1,,client
slang_001,student_slang,期末周还遇到左眼忘记你右眼记住你，心态崩了,3,0,梗数据集_hot_speech_synth.txt,meme=左眼忘记你右眼记住你,5.0,slang_81_3_39e0e17f,,client
slang_001,student_slang,秋招碰壁，刷到左眼忘记你右眼记住你更焦虑了,3,0,梗数据集_hot_speech_synth.txt,meme=左眼忘记你右眼记住你,5.0,slang_81_3_17782c5f,,client
slang_002,student_slang,朋友发了个乌蒙山连着山外山，我假装看懂了,0,0,梗数据集_hot_speech_synth.txt,meme=乌蒙山连着山外山,2.0,slang_82_0_be4d9d43,,client
slang_002,student_slang,网上全是乌蒙山连着山外山，感觉信息过载,0,0,梗数据集_hot_speech_synth.txt,meme=乌蒙山连着山外山,2.0,slang_82_0_7421f9b3,,client
slang_002,student_slang,课间大家聊乌蒙山连着山外山，我插不上话,0,0,梗数据集_hot_speech_synth.txt,meme=乌蒙山连着山外山,2.0,slang_82_0_34364b04,,client
slang_002,student_slang,小组作业做完，晚上靠乌蒙山连着山外山快乐一下,1,0,梗数据集_hot_speech_synth.txt,meme=乌蒙山连着山外山,2.0,slang_82_1_3925b562,,client
slang_002,student_slang,今天终于乌蒙山连着山外山了，心情一下子好起来,1,0,梗数据集_hot_speech_synth.txt,meme=乌蒙山连着山外山,2.0,slang_82_1_bdd24d40,,client
slang_002,student_slang,刷到乌蒙山连着山外山笑出猪叫，明天考试也不慌了,1,0,梗数据集_hot_speech_synth.txt,meme=乌蒙山连着山外山,2.0,slang_82_1_ade43f4f,,client
slang_002,student_slang,宿舍那事搞得我很乌蒙山连着山外山，真的绷不住,3,0,梗数据集_hot_speech_synth.txt,meme=乌蒙山连着山外山,5.0,slang_82_3_0d99db77,,client
slang_002,student_slang,又被导师乌蒙山连着山外山，我直接破防了,3,0,梗数据集_hot_speech_synth.txt,meme=乌蒙山连着山外山,5.0,slang_82_3_2c4f254e,,client
slang_002,student_slang,挂科预警加上乌蒙山连着山外山，今晚睡不着,3,0,梗数据集_hot_speech_synth.txt,meme=乌蒙山连着山外山,5.0,slang_82_3_8b3871eb,,client
slang_003,student_slang,网上全是.5条悟，感觉信息过载,0,0,梗数据集_hot_speech_synth.txt,meme=.5条悟,2.0,slang_83_0_ca875a25,,client
slang_003,student_slang,宿舍夜谈又提到.5条悟，我躺着听,0,0,梗数据集_hot_speech_synth.txt,meme=.5条悟,2.0,slang_83_0_d8ab1a6f,,client
slang_003,student_slang,课间大家聊.5条悟，我插不上话,0,0,梗数据集_hot_speech_synth.txt,meme=.5条悟,2.0,slang_83_0_01408ab1,,client
slang_003,student_slang,小组作业做完，晚上靠.5条悟快乐一下,1,0,梗数据集_hot_speech_synth.txt,meme=.5条悟,2.0,slang_83_1_46177e75,,client
slang_003,student_slang,和室友聊到.5条悟，大家都笑疯了,1,0,梗数据集_hot_speech_synth.txt,meme=.5条悟,2.0,slang_83_1_045824f7,,client
slang_003,student_slang,刷到.5条悟笑出猪叫，明天考试也不慌了,1,0,梗数据集_hot_speech_synth.txt,meme=.5条悟,2.0,slang_83_1_3740341b,,client
slang_003,student_slang,看到.5条悟突然emo了，不想社交,3,0,梗数据集_hot_speech_synth.txt,meme=.5条悟,5.0,slang_83_3_fa95d3da,,client
slang_003,student_slang,秋招碰壁，刷到.5条悟更焦虑了,3,0,梗数据集_hot_speech_synth.txt,meme=.5条悟,5.0,slang_83_3_0adc882f,,client
slang_003,student_slang,挂科预警加上.5条悟，今晚睡不着,3,0,梗数据集_hot_speech_synth.txt,meme=.5条悟,5.0,slang_83_3_7b390bc0,,client
slang_004,student_slang,宿舍夜谈又提到逃吧挚爱，我躺着听,0,0,梗数据集_hot_speech_synth.txt,meme=逃吧挚爱,2.0,slang_84_0_bf44ba05,,client
slang_004,student_slang,群里又在玩逃吧挚爱，我只能回一个6,0,0,梗数据集_hot_speech_synth.txt,meme=逃吧挚爱,2.0,slang_84_0_7ccfcf1a,,client
slang_004,student_slang,课间大家聊逃吧挚爱，我插不上话,0,0,梗数据集_hot_speech_synth.txt,meme=逃吧挚爱,2.0,slang_84_0_6064be54,,client
slang_004,student_slang,刷到逃吧挚爱笑出猪叫，明天考试也不慌了,1,0,梗数据集_hot_speech_synth.txt,meme=逃吧挚爱,2.0,slang_84_1_ba5dfc15,,client
slang_004,student_slang,和室友聊到逃吧挚爱，大家都笑疯了,1,0,梗数据集_hot_speech_synth.txt,meme=逃吧挚爱,2.0,slang_84_1_8b6c8a80,,client
slang_004,student_slang,朋友用逃吧挚爱逗我，整个人都轻松了,1,0,梗数据集_hot_speech_synth.txt,meme=逃吧挚爱,2.0,slang_84_1_edba362f,,client
slang_004,student_slang,秋招碰壁，刷到逃吧挚爱更焦虑了,3,0,梗数据集_hot_speech_synth.txt,meme=逃吧挚爱,5.0,slang_84_3_0bfc0a6b,,client
slang_004,student_slang,宿舍那事搞得我很逃吧挚爱，真的绷不住,3,0,梗数据集_hot_speech_synth.txt,meme=逃吧挚爱,5.0,slang_84_3_eaa03caf,,client
slang_004,student_slang,期末周还遇到逃吧挚爱，心态崩了,3,0,梗数据集_hot_speech_synth.txt,meme=逃吧挚爱,5.0,slang_84_3_720e4194,,client
slang_005,student_slang,网上全是三国杀XX，感觉信息过载,0,0,梗数据集_hot_speech_synth.txt,meme=三国杀XX,2.0,slang_85_0_005b8ca9,,client
slang_005,student_slang,课间大家聊三国杀XX，我插不上话,0,0,梗数据集_hot_speech_synth.txt,meme=三国杀XX,2.0,slang_85_0_37d6f6ec,,client
slang_005,student_slang,朋友发了个三国杀XX，我假装看懂了,0,0,梗数据集_hot_speech_synth.txt,meme=三国杀XX,2.0,slang_85_0_58202c62,,client
slang_005,student_slang,朋友用三国杀XX逗我，整个人都轻松了,1,0,梗数据集_hot_speech_synth.txt,meme=三国杀XX,2.0,slang_85_1_77bc74d6,,client
slang_005,student_slang,刷到三国杀XX笑出猪叫，明天考试也不慌了,1,0,梗数据集_hot_speech_synth.txt,meme=三国杀XX,2.0,slang_85_1_018147c0,,client
slang_005,student_slang,和室友聊到三国杀XX，大家都笑疯了,1,0,梗数据集_hot_speech_synth.txt,meme=三国杀XX,2.0,slang_85_1_71ab9d41,,client
slang_005,student_slang,秋招碰壁，刷到三国杀XX更焦虑了,3,0,梗数据集_hot_speech_synth.txt,meme=三国杀XX,5.0,slang_85_3_3d021855,,client
slang_005,student_slang,被同学阴阳三国杀XX，内耗一整天,3,0,梗数据集_hot_speech_synth.txt,meme=三国杀XX,5.0,slang_85_3_704dab1f,,client
slang_005,student_slang,期末周还遇到三国杀XX，心态崩了,3,0,梗数据集_hot_speech_synth.txt,meme=三国杀XX,5.0,slang_85_3_1a1a63cf,,client
slang_005,student_slang,被三国杀XX搞到撑不下去了，真的好累,7,1,梗数据集_hot_speech_synth.txt,meme=三国杀XX,8.0,slang_85_7_22e330b9,,client
slang_005,student_slang,旁边人都在三国杀XX，我却觉得自己很失败,7,1,梗数据集_hot_speech_synth.txt,meme=三国杀XX,8.0,slang_85_7_7d15d91a,,client
slang_005,student_slang,最近满脑子都是三国杀XX，感觉活着没意思,7,1,梗数据集_hot_speech_synth.txt,meme=三国杀XX,8.0,slang_85_7_42c658f2,,client
slang_006,student_slang,朋友发了个四金一铜，我假装看懂了,0,0,梗数据集_hot_speech_synth.txt,meme=四金一铜,2.0,slang_86_0_57874e2b,,client
slang_006,student_slang,网上全是四金一铜，感觉信息过载,0,0,梗数据集_hot_speech_synth.txt,meme=四金一铜,2.0,slang_86_0_fa8e256b,,client
slang_006,student_slang,同学整天四金一铜，我有点跟不上梗,0,0,梗数据集_hot_speech_synth.txt,meme=四金一铜,2.0,slang_86_0_8405e989,,client
slang_006,student_slang,今天终于四金一铜了，心情一下子好起来,1,0,梗数据集_hot_speech_synth.txt,meme=四金一铜,2.0,slang_86_1_2b852988,,client
slang_006,student_slang,和室友聊到四金一铜，大家都笑疯了,1,0,梗数据集_hot_speech_synth.txt,meme=四金一铜,2.0,slang_86_1_e8730d4a,,client
slang_006,student_slang,朋友用四金一铜逗我，整个人都轻松了,1,0,梗数据集_hot_speech_synth.txt,meme=四金一铜,2.0,slang_86_1_a6155669,,client
slang_006,student_slang,又被导师四金一铜，我直接破防了,3,0,梗数据集_hot_speech_synth.txt,meme=四金一铜,5.0,slang_86_3_e98474d7,,client
slang_006,student_slang,秋招碰壁，刷到四金一铜更焦虑了,3,0,梗数据集_hot_speech_synth.txt,meme=四金一铜,5.0,slang_86_3_c7ddbeae,,client
slang_006,student_slang,被同学阴阳四金一铜，内耗一整天,3,0,梗数据集_hot_speech_synth.txt,meme=四金一铜,5.0,slang_86_3_2397aef7,,client
slang_007,student_slang,网上全是赌狗快摇，感觉信息过载,0,0,梗数据集_hot_speech_synth.txt,meme=赌狗快摇,2.0,slang_87_0_b565b14f,,client
slang_007,student_slang,同学整天赌狗快摇，我有点跟不上梗,0,0,梗数据集_hot_speech_synth.txt,meme=赌狗快摇,2.0,slang_87_0_51738b19,,client
slang_007,student_slang,课间大家聊赌狗快摇，我插不上话,0,0,梗数据集_hot_speech_synth.txt,meme=赌狗快摇,2.0,slang_87_0_d6a81dcd,,client
slang_007,student_slang,和室友聊到赌狗快摇，大家都笑疯了,1,0,梗数据集_hot_speech_synth.txt,meme=赌狗快摇,2.0,slang_87_1_098f0015,,client
slang_007,student_slang,朋友用赌狗快摇逗我，整个人都轻松了,1,0,梗数据集_hot_speech_synth.txt,meme=赌狗快摇,2.0,slang_87_1_851a3d23,,client
slang_007,student_slang,小组作业做完，晚上靠赌狗快摇快乐一下,1,0,梗数据集_hot_speech_synth.txt,meme=赌狗快摇,2.0,slang_87_1_42e94531,,client
slang_007,student_slang,秋招碰壁，刷到赌狗快摇更焦虑了,3,0,梗数据集_hot_speech_synth.txt,meme=赌狗快摇,5.0,slang_87_3_8c43f6ac,,client
slang_007,student_slang,被同学阴阳赌狗快摇，内耗一整天,3,0,梗数据集_hot_speech_synth.txt,meme=赌狗快摇,5.0,slang_87_3_a594313c,,client
slang_007,student_slang,挂科预警加上赌狗快摇，今晚睡不着,3,0,梗数据集_hot_speech_synth.txt,meme=赌狗快摇,5.0,slang_87_3_3bc30f3d,,client
slang_008,student_slang,课间大家聊哦嗨哟学妹，我插不上话,0,0,梗数据集_hot_speech_synth.txt,meme=哦嗨哟学妹,2.0,slang_88_0_712de341,,client
slang_008,student_slang,朋友发了个哦嗨哟学妹，我假装看懂了,0,0,梗数据集_hot_speech_synth.txt,meme=哦嗨哟学妹,2.0,slang_88_0_55ed4c41,,client
slang_008,student_slang,群里又在玩哦嗨哟学妹，我只能回一个6,0,0,梗数据集_hot_speech_synth.txt,meme=哦嗨哟学妹,2.0,slang_88_0_4912ad75,,client
slang_008,student_slang,和室友聊到哦嗨哟学妹，大家都笑疯了,1,0,梗数据集_hot_speech_synth.txt,meme=哦嗨哟学妹,2.0,slang_88_1_88843206,,client
slang_008,student_slang,刷到哦嗨哟学妹笑出猪叫，明天考试也不慌了,1,0,梗数据集_hot_speech_synth.txt,meme=哦嗨哟学妹,2.0,slang_88_1_266bb918,,client
slang_008,student_slang,今天终于哦嗨哟学妹了，心情一下子好起来,1,0,梗数据集_hot_speech_synth.txt,meme=哦嗨哟学妹,2.0,slang_88_1_d406c498,,client
slang_008,student_slang,期末周还遇到哦嗨哟学妹，心态崩了,3,0,梗数据集_hot_speech_synth.txt,meme=哦嗨哟学妹,5.0,slang_88_3_2c75b4e8,,client
slang_008,student_slang,宿舍那事搞得我很哦嗨哟学妹，真的绷不住,3,0,梗数据集_hot_speech_synth.txt,meme=哦嗨哟学妹,5.0,slang_88_3_6e1af900,,client
slang_008,student_slang,挂科预警加上哦嗨哟学妹，今晚睡不着,3,0,梗数据集_hot_speech_synth.txt,meme=哦嗨哟学妹,5.0,slang_88_3_14ae1e32,,client
slang_009,student_slang,群里又在玩i人e人，我只能回一个6,0,0,梗数据集_hot_speech_synth.txt,meme=i人e人,2.0,slang_89_0_c8e61f88,,client
slang_009,student_slang,课间大家聊i人e人，我插不上话,0,0,梗数据集_hot_speech_synth.txt,meme=i人e人,2.0,slang_89_0_43aaebbf,,client
slang_009,student_slang,同学整天i人e人，我有点跟不上梗,0,0,梗数据集_hot_speech_synth.txt,meme=i人e人,2.0,slang_89_0_a898a66f,,client
slang_009,student_slang,刷到i人e人笑出猪叫，明天考试也不慌了,1,0,梗数据集_hot_speech_synth.txt,meme=i人e人,2.0,slang_89_1_8d437e64,,client
slang_009,student_slang,今天终于i人e人了，心情一下子好起来,1,0,梗数据集_hot_speech_synth.txt,meme=i人e人,2.0,slang_89_1_9dce07b4,,client
slang_009,student_slang,朋友用i人e人逗我，整个人都轻松了,1,0,梗数据集_hot_speech_synth.txt,meme=i人e人,2.0,slang_89_1_0a26c0ab,,client
slang_009,student_slang,被同学阴阳i人e人，内耗一整天,3,0,梗数据集_hot_speech_synth.txt,meme=i人e人,5.0,slang_89_3_b99c4b80,,client
slang_009,student_slang,期末周还遇到i人e人，心态崩了,3,0,梗数据集_hot_speech_synth.txt,meme=i人e人,5.0,slang_89_3_90539124,,client
slang_009,student_slang,宿舍那事搞得我很i人e人，真的绷不住,3,0,梗数据集_hot_speech_synth.txt,meme=i人e人,5.0,slang_89_3_1ad3140d,,client
slang_010,student_slang,网上全是佛山电翰，感觉信息过载,0,0,梗数据集_hot_speech_synth.txt,meme=佛山电翰,2.0,slang_90_0_09b21773,,client
slang_010,student_slang,宿舍夜谈又提到佛山电翰，我躺着听,0,0,梗数据集_hot_speech_synth.txt,meme=佛山电翰,2.0,slang_90_0_40a9b0b8,,client
slang_010,student_slang,群里又在玩佛山电翰，我只能回一个6,0,0,梗数据集_hot_speech_synth.txt,meme=佛山电翰,2.0,slang_90_0_bd6cad40,,client
slang_010,student_slang,今天终于佛山电翰了，心情一下子好起来,1,0,梗数据集_hot_speech_synth.txt,meme=佛山电翰,2.0,slang_90_1_b5a8e105,,client
slang_010,student_slang,刷到佛山电翰笑出猪叫，明天考试也不慌了,1,0,梗数据集_hot_speech_synth.txt,meme=佛山电翰,2.0,slang_90_1_9d615dbb,,client
slang_010,student_slang,和室友聊到佛山电翰，大家都笑疯了,1,0,梗数据集_hot_speech_synth.txt,meme=佛山电翰,2.0,slang_90_1_d669c2ba,,client
slang_010,student_slang,看到佛山电翰突然emo了，不想社交,3,0,梗数据集_hot_speech_synth.txt,meme=佛山电翰,5.0,slang_90_3_bfc0433f,,client
slang_010,student_slang,挂科预警加上佛山电翰，今晚睡不着,3,0,梗数据集_hot_speech_synth.txt,meme=佛山电翰,5.0,slang_90_3_1fbcd2fe,,client
slang_010,student_slang,期末周还遇到佛山电翰，心态崩了,3,0,梗数据集_hot_speech_synth.txt,meme=佛山电翰,5.0,slang_90_3_95ef2608,,client
slang_011,student_slang,同学整天CF领先十年，我有点跟不上梗,0,0,梗数据集_hot_speech_synth.txt,meme=CF领先十年,2.0,slang_91_0_af3b8fe3,,client
slang_011,student_slang,群里又在玩CF领先十年，我只能回一个6,0,0,梗数据集_hot_speech_synth.txt,meme=CF领先十年,2.0,slang_91_0_e1af3fa7,,client
slang_011,student_slang,朋友发了个CF领先十年，我假装看懂了,0,0,梗数据集_hot_speech_synth.txt,meme=CF领先十年,2.0,slang_91_0_56877cee,,client
slang_011,student_slang,朋友用CF领先十年逗我，整个人都轻松了,1,0,梗数据集_hot_speech_synth.txt,meme=CF领先十年,2.0,slang_91_1_c8c9c998,,client
slang_011,student_slang,今天终于CF领先十年了，心情一下子好起来,1,0,梗数据集_hot_speech_synth.txt,meme=CF领先十年,2.0,slang_91_1_9aa5ba9b,,client
slang_011,student_slang,小组作业做完，晚上靠CF领先十年快乐一下,1,0,梗数据集_hot_speech_synth.txt,meme=CF领先十年,2.0,slang_91_1_942eea14,,client
slang_011,student_slang,看到CF领先十年突然emo了，不想社交,3,0,梗数据集_hot_speech_synth.txt,meme=CF领先十年,5.0,slang_91_3_2d0b210f,,client
slang_011,student_slang,挂科预警加上CF领先十年，今晚睡不着,3,0,梗数据集_hot_speech_synth.txt,meme=CF领先十年,5.0,slang_91_3_1debc8d9,,client
slang_011,student_slang,又被导师CF领先十年，我直接破防了,3,0,梗数据集_hot_speech_synth.txt,meme=CF领先十年,5.0,slang_91_3_04afe041,,client
slang_012,student_slang,课间大家聊我不吃牛肉，我插不上话,0,0,梗数据集_hot_speech_synth.txt,meme=我不吃牛肉,2.0,slang_92_0_58947f6b,,client
slang_012,student_slang,群里又在玩我不吃牛肉，我只能回一个6,0,0,梗数据集_hot_speech_synth.txt,meme=我不吃牛肉,2.0,slang_92_0_6321be51,,client
slang_012,student_slang,同学整天我不吃牛肉，我有点跟不上梗,0,0,梗数据集_hot_speech_synth.txt,meme=我不吃牛肉,2.0,slang_92_0_1158fc96,,client
slang_012,student_slang,和室友聊到我不吃牛肉，大家都笑疯了,1,0,梗数据集_hot_speech_synth.txt,meme=我不吃牛肉,2.0,slang_92_1_d84daa2b,,client
slang_012,student_slang,刷到我不吃牛肉笑出猪叫，明天考试也不慌了,1,0,梗数据集_hot_speech_synth.txt,meme=我不吃牛肉,2.0,slang_92_1_2cfb0820,,client
slang_012,student_slang,今天终于我不吃牛肉了，心情一下子好起来,1,0,梗数据集_hot_speech_synth.txt,meme=我不吃牛肉,2.0,slang_92_1_72627ca2,,client
slang_012,student_slang,宿舍那事搞得我很我不吃牛肉，真的绷不住,3,0,梗数据集_hot_speech_synth.txt,meme=我不吃牛肉,5.0,slang_92_3_6be548bd,,client
slang_012,student_slang,又被导师我不吃牛肉，我直接破防了,3,0,梗数据集_hot_speech_synth.txt,meme=我不吃牛肉,5.0,slang_92_3_386f2551,,client
slang_012,student_slang,被同学阴阳我不吃牛肉，内耗一整天,3,0,梗数据集_hot_speech_synth.txt,meme=我不吃牛肉,5.0,slang_92_3_1b879054,,client
slang_013,student_slang,宿舍夜谈又提到完颜慧德、拱出去、笑拥了，我躺着听,0,0,梗数据集_hot_speech_synth.txt,meme=完颜慧德、拱出去、笑拥了,2.0,slang_93_0_31373e2f,,client
slang_013,student_slang,课间大家聊完颜慧德、拱出去、笑拥了，我插不上话,0,0,梗数据集_hot_speech_synth.txt,meme=完颜慧德、拱出去、笑拥了,2.0,slang_93_0_54eb65f1,,client
slang_013,student_slang,同学整天完颜慧德、拱出去、笑拥了，我有点跟不上梗,0,0,梗数据集_hot_speech_synth.txt,meme=完颜慧德、拱出去、笑拥了,2.0,slang_93_0_eadcd67d,,client
slang_013,student_slang,小组作业做完，晚上靠完颜慧德、拱出去、笑拥了快乐一下,1,0,梗数据集_hot_speech_synth.txt,meme=完颜慧德、拱出去、笑拥了,2.0,slang_93_1_7ad3e0a7,,client
slang_013,student_slang,朋友用完颜慧德、拱出去、笑拥了逗我，整个人都轻松了,1,0,梗数据集_hot_speech_synth.txt,meme=完颜慧德、拱出去、笑拥了,2.0,slang_93_1_5503d494,,client
slang_013,student_slang,和室友聊到完颜慧德、拱出去、笑拥了，大家都笑疯了,1,0,梗数据集_hot_speech_synth.txt,meme=完颜慧德、拱出去、笑拥了,2.0,slang_93_1_85504ab3,,client
slang_013,student_slang,看到完颜慧德、拱出去、笑拥了突然emo了，不想社交,3,0,梗数据集_hot_speech_synth.txt,meme=完颜慧德、拱出去、笑拥了,5.0,slang_93_3_ab6b2747,,client
slang_013,student_slang,期末周还遇到完颜慧德、拱出去、笑拥了，心态崩了,3,0,梗数据集_hot_speech_synth.txt,meme=完颜慧德、拱出去、笑拥了,5.0,slang_93_3_5a6135aa,,client
slang_013,student_slang,被同学阴阳完颜慧德、拱出去、笑拥了，内耗一整天,3,0,梗数据集_hot_speech_synth.txt,meme=完颜慧德、拱出去、笑拥了,5.0,slang_93_3_1941820f,,client
slang_014,student_slang,宿舍夜谈又提到省钱侠，我躺着听,0,0,梗数据集_hot_speech_synth.txt,meme=省钱侠,2.0,slang_94_0_e9a0f167,,client
slang_014,student_slang,朋友发了个省钱侠，我假装看懂了,0,0,梗数据集_hot_speech_synth.txt,meme=省钱侠,2.0,slang_94_0_80edaba8,,client
slang_014,student_slang,群里又在玩省钱侠，我只能回一个6,0,0,梗数据集_hot_speech_synth.txt,meme=省钱侠,2.0,slang_94_0_14e5c922,,client
slang_014,student_slang,小组作业做完，晚上靠省钱侠快乐一下,1,0,梗数据集_hot_speech_synth.txt,meme=省钱侠,2.0,slang_94_1_fcd18d49,,client
slang_014,student_slang,今天终于省钱侠了，心情一下子好起来,1,0,梗数据集_hot_speech_synth.txt,meme=省钱侠,2.0,slang_94_1_52ecacb9,,client
slang_014,student_slang,朋友用省钱侠逗我，整个人都轻松了,1,0,梗数据集_hot_speech_synth.txt,meme=省钱侠,2.0,slang_94_1_e5fc9087,,client
slang_014,student_slang,秋招碰壁，刷到省钱侠更焦虑了,3,0,梗数据集_hot_speech_synth.txt,meme=省钱侠,5.0,slang_94_3_4a1eda37,,client
slang_014,student_slang,宿舍那事搞得我很省钱侠，真的绷不住,3,0,梗数据集_hot_speech_synth.txt,meme=省钱侠,5.0,slang_94_3_cb939dd9,,client
slang_014,student_slang,期末周还遇到省钱侠，心态崩了,3,0,梗数据集_hot_speech_synth.txt,meme=省钱侠,5.0,slang_94_3_c75e1b2d,,client
slang_015,student_slang,网上全是Huh猫和吐舌羊，感觉信息过载,0,0,梗数据集_hot_speech_synth.txt,meme=Huh猫和吐舌羊,2.0,slang_95_0_8ab75d4e,,client
slang_015,student_slang,群里又在玩Huh猫和吐舌羊，我只能回一个6,0,0,梗数据集_hot_speech_synth.txt,meme=Huh猫和吐舌羊,2.0,slang_95_0_f327dd95,,client
slang_015,student_slang,同学整天Huh猫和吐舌羊，我有点跟不上梗,0,0,梗数据集_hot_speech_synth.txt,meme=Huh猫和吐舌羊,2.0,slang_95_0_52fa6c97,,client
slang_015,student_slang,和室友聊到Huh猫和吐舌羊，大家都笑疯了,1,0,梗数据集_hot_speech_synth.txt,meme=Huh猫和吐舌羊,2.0,slang_95_1_a88cbb91,,client
slang_015,student_slang,小组作业做完，晚上靠Huh猫和吐舌羊快乐一下,1,0,梗数据集_hot_speech_synth.txt,meme=Huh猫和吐舌羊,2.0,slang_95_1_8b2d1e1f,,client
slang_015,student_slang,刷到Huh猫和吐舌羊笑出猪叫，明天考试也不慌了,1,0,梗数据集_hot_speech_synth.txt,meme=Huh猫和吐舌羊,2.0,slang_95_1_85f40200,,client
slang_015,student_slang,又被导师Huh猫和吐舌羊，我直接破防了,3,0,梗数据集_hot_speech_synth.txt,meme=Huh猫和吐舌羊,5.0,slang_95_3_b023585f,,client
slang_015,student_slang,宿舍那事搞得我很Huh猫和吐舌羊，真的绷不住,3,0,梗数据集_hot_speech_synth.txt,meme=Huh猫和吐舌羊,5.0,slang_95_3_4732c2d3,,client
slang_015,student_slang,挂科预警加上Huh猫和吐舌羊，今晚睡不着,3,0,梗数据集_hot_speech_synth.txt,meme=Huh猫和吐舌羊,5.0,slang_95_3_523fbf5b,,client
slang_016,student_slang,宿舍夜谈又提到OOTD，我躺着听,0,0,梗数据集_hot_speech_synth.txt,meme=OOTD,2.0,slang_96_0_e5f5a931,,client
slang_016,student_slang,网上全是OOTD，感觉信息过载,0,0,梗数据集_hot_speech_synth.txt,meme=OOTD,2.0,slang_96_0_b93e8a8c,,client
slang_016,student_slang,课间大家聊OOTD，我插不上话,0,0,梗数据集_hot_speech_synth.txt,meme=OOTD,2.0,slang_96_0_6a27a98d,,client
slang_016,student_slang,刷到OOTD笑出猪叫，明天考试也不慌了,1,0,梗数据集_hot_speech_synth.txt,meme=OOTD,2.0,slang_96_1_79d8d5d4,,client
slang_016,student_slang,今天终于OOTD了，心情一下子好起来,1,0,梗数据集_hot_speech_synth.txt,meme=OOTD,2.0,slang_96_1_3cf32447,,client
slang_016,student_slang,朋友用OOTD逗我，整个人都轻松了,1,0,梗数据集_hot_speech_synth.txt,meme=OOTD,2.0,slang_96_1_e58a78fb,,client
slang_016,student_slang,期末周还遇到OOTD，心态崩了,3,0,梗数据集_hot_speech_synth.txt,meme=OOTD,5.0,slang_96_3_37f617d7,,client
slang_016,student_slang,秋招碰壁，刷到OOTD更焦虑了,3,0,梗数据集_hot_speech_synth.txt,meme=OOTD,5.0,slang_96_3_21e540ff,,client
slang_016,student_slang,挂科预警加上OOTD，今晚睡不着,3,0,梗数据集_hot_speech_synth.txt,meme=OOTD,5.0,slang_96_3_6fb96188,,client
slang_017,student_slang,网上全是jiafei，感觉信息过载,0,0,梗数据集_hot_speech_synth.txt,meme=jiafei,2.0,slang_97_0_1b0e679b,,client
slang_017,student_slang,宿舍夜谈又提到jiafei，我躺着听,0,0,梗数据集_hot_speech_synth.txt,meme=jiafei,2.0,slang_97_0_ee789498,,client
slang_017,student_slang,群里又在玩jiafei，我只能回一个6,0,0,梗数据集_hot_speech_synth.txt,meme=jiafei,2.0,slang_97_0_14cb8a33,,client
slang_017,student_slang,和室友聊到jiafei，大家都笑疯了,1,0,梗数据集_hot_speech_synth.txt,meme=jiafei,2.0,slang_97_1_fd92b71c,,client
slang_017,student_slang,刷到jiafei笑出猪叫，明天考试也不慌了,1,0,梗数据集_hot_speech_synth.txt,meme=jiafei,2.0,slang_97_1_9a3e13de,,client
slang_017,student_slang,朋友用jiafei逗我，整个人都轻松了,1,0,梗数据集_hot_speech_synth.txt,meme=jiafei,2.0,slang_97_1_06a4c438,,client
slang_017,student_slang,被同学阴阳jiafei，内耗一整天,3,0,梗数据集_hot_speech_synth.txt,meme=jiafei,5.0,slang_97_3_7427351f,,client
slang_017,student_slang,秋招碰壁，刷到jiafei更焦虑了,3,0,梗数据集_hot_speech_synth.txt,meme=jiafei,5.0,slang_97_3_75805c27,,client
slang_017,student_slang,宿舍那事搞得我很jiafei，真的绷不住,3,0,梗数据集_hot_speech_synth.txt,meme=jiafei,5.0,slang_97_3_287ae934,,client
slang_018,student_slang,宿舍夜谈又提到骡马假日，我躺着听,0,0,梗数据集_hot_speech_synth.txt,meme=骡马假日,2.0,slang_98_0_5d7cb54a,,client
slang_018,student_slang,群里又在玩骡马假日，我只能回一个6,0,0,梗数据集_hot_speech_synth.txt,meme=骡马假日,2.0,slang_98_0_9f39e176,,client
slang_018,student_slang,同学整天骡马假日，我有点跟不上梗,0,0,梗数据集_hot_speech_synth.txt,meme=骡马假日,2.0,slang_98_0_57781703,,client
slang_018,student_slang,和室友聊到骡马假日，大家都笑疯了,1,0,梗数据集_hot_speech_synth.txt,meme=骡马假日,2.0,slang_98_1_2478096d,,client
slang_018,student_slang,刷到骡马假日笑出猪叫，明天考试也不慌了,1,0,梗数据集_hot_speech_synth.txt,meme=骡马假日,2.0,slang_98_1_b513d00a,,client
slang_018,student_slang,今天终于骡马假日了，心情一下子好起来,1,0,梗数据集_hot_speech_synth.txt,meme=骡马假日,2.0,slang_98_1_3b8ff96c,,client
slang_018,student_slang,又被导师骡马假日，我直接破防了,3,0,梗数据集_hot_speech_synth.txt,meme=骡马假日,5.0,slang_98_3_8d0f591a,,client
slang_018,student_slang,挂科预警加上骡马假日，今晚睡不着,3,0,梗数据集_hot_speech_synth.txt,meme=骡马假日,5.0,slang_98_3_85147edc,,client
slang_018,student_slang,宿舍那事搞得我很骡马假日，真的绷不住,3,0,梗数据集_hot_speech_synth.txt,meme=骡马假日,5.0,slang_98_3_e6b5a2f0,,client
slang_019,student_slang,朋友发了个当代华佗，我假装看懂了,0,0,梗数据集_hot_speech_synth.txt,meme=当代华佗,2.0,slang_99_0_684c51b0,,client
slang_019,student_slang,课间大家聊当代华佗，我插不上话,0,0,梗数据集_hot_speech_synth.txt,meme=当代华佗,2.0,slang_99_0_6faa2b87,,client
slang_019,student_slang,网上全是当代华佗，感觉信息过载,0,0,梗数据集_hot_speech_synth.txt,meme=当代华佗,2.0,slang_99_0_50475708,,client
slang_019,student_slang,朋友用当代华佗逗我，整个人都轻松了,1,0,梗数据集_hot_speech_synth.txt,meme=当代华佗,2.0,slang_99_1_4f191de5,,client
slang_019,student_slang,今天终于当代华佗了，心情一下子好起来,1,0,梗数据集_hot_speech_synth.txt,meme=当代华佗,2.0,slang_99_1_ca7823b1,,client
slang_019,student_slang,和室友聊到当代华佗，大家都笑疯了,1,0,梗数据集_hot_speech_synth.txt,meme=当代华佗,2.0,slang_99_1_f3f07310,,client
slang_019,student_slang,秋招碰壁，刷到当代华佗更焦虑了,3,0,梗数据集_hot_speech_synth.txt,meme=当代华佗,5.0,slang_99_3_5cee6058,,client
slang_019,student_slang,期末周还遇到当代华佗，心态崩了,3,0,梗数据集_hot_speech_synth.txt,meme=当代华佗,5.0,slang_99_3_b25e040f,,client
slang_019,student_slang,看到当代华佗突然emo了，不想社交,3,0,梗数据集_hot_speech_synth.txt,meme=当代华佗,5.0,slang_99_3_9e5b4747,,client
slang_020,student_slang,朋友发了个冒充职业选手，我假装看懂了,0,0,梗数据集_hot_speech_synth.txt,meme=冒充职业选手,2.0,slang_100_0_5c146e12,,client
slang_020,student_slang,课间大家聊冒充职业选手，我插不上话,0,0,梗数据集_hot_speech_synth.txt,meme=冒充职业选手,2.0,slang_100_0_12ad4962,,client
slang_020,student_slang,宿舍夜谈又提到冒充职业选手，我躺着听,0,0,梗数据集_hot_speech_synth.txt,meme=冒充职业选手,2.0,slang_100_0_0cfc8e28,,client
slang_020,student_slang,朋友用冒充职业选手逗我，整个人都轻松了,1,0,梗数据集_hot_speech_synth.txt,meme=冒充职业选手,2.0,slang_100_1_ffeed1bf,,client
slang_020,student_slang,今天终于冒充职业选手了，心情一下子好起来,1,0,梗数据集_hot_speech_synth.txt,meme=冒充职业选手,2.0,slang_100_1_86a5fc35,,client
slang_020,student_slang,刷到冒充职业选手笑出猪叫，明天考试也不慌了,1,0,梗数据集_hot_speech_synth.txt,meme=冒充职业选手,2.0,slang_100_1_cadbc62a,,client
slang_020,student_slang,又被导师冒充职业选手，我直接破防了,3,0,梗数据集_hot_speech_synth.txt,meme=冒充职业选手,5.0,slang_100_3_d2e3b7ec,,client
slang_020,student_slang,看到冒充职业选手突然emo了，不想社交,3,0,梗数据集_hot_speech_synth.txt,meme=冒充职业选手,5.0,slang_100_3_66604489,,client
slang_020,student_slang,期末周还遇到冒充职业选手，心态崩了,3,0,梗数据集_hot_speech_synth.txt,meme=冒充职业选手,5.0,slang_100_3_2dde656f,,client
slang_021,student_slang,课间大家聊万梗节，我插不上话,0,0,梗数据集_hot_speech_synth.txt,meme=万梗节,2.0,slang_101_0_ecaa8070,,client
slang_021,student_slang,朋友发了个万梗节，我假装看懂了,0,0,梗数据集_hot_speech_synth.txt,meme=万梗节,2.0,slang_101_0_b5c2386a,,client
slang_021,student_slang,群里又在玩万梗节，我只能回一个6,0,0,梗数据集_hot_speech_synth.txt,meme=万梗节,2.0,slang_101_0_e194e372,,client
slang_021,student_slang,今天终于万梗节了，心情一下子好起来,1,0,梗数据集_hot_speech_synth.txt,meme=万梗节,2.0,slang_101_1_520e9a2f,,client
slang_021,student_slang,和室友聊到万梗节，大家都笑疯了,1,0,梗数据集_hot_speech_synth.txt,meme=万梗节,2.0,slang_101_1_a8c2d0b9,,client
slang_021,student_slang,刷到万梗节笑出猪叫，明天考试也不慌了,1,0,梗数据集_hot_speech_synth.txt,meme=万梗节,2.0,slang_101_1_c9113686,,client
slang_021,student_slang,挂科预警加上万梗节，今晚睡不着,3,0,梗数据集_hot_speech_synth.txt,meme=万梗节,5.0,slang_101_3_b068d905,,client
slang_021,student_slang,被同学阴阳万梗节，内耗一整天,3,0,梗数据集_hot_speech_synth.txt,meme=万梗节,5.0,slang_101_3_ab907bb3,,client
slang_021,student_slang,秋招碰壁，刷到万梗节更焦虑了,3,0,梗数据集_hot_speech_synth.txt,meme=万梗节,5.0,slang_101_3_c5423aa3,,client
slang_022,student_slang,群里又在玩这框真帅吧，我只能回一个6,0,0,梗数据集_hot_speech_synth.txt,meme=这框真帅吧,2.0,slang_102_0_9546063c,,client
slang_022,student_slang,朋友发了个这框真帅吧，我假装看懂了,0,0,梗数据集_hot_speech_synth.txt,meme=这框真帅吧,2.0,slang_102_0_92642b2b,,client
slang_022,student_slang,网上全是这框真帅吧，感觉信息过载,0,0,梗数据集_hot_speech_synth.txt,meme=这框真帅吧,2.0,slang_102_0_f1f11f3c,,client
slang_022,student_slang,和室友聊到这框真帅吧，大家都笑疯了,1,0,梗数据集_hot_speech_synth.txt,meme=这框真帅吧,2.0,slang_102_1_6dfb8f4d,,client
slang_022,student_slang,朋友用这框真帅吧逗我，整个人都轻松了,1,0,梗数据集_hot_speech_synth.txt,meme=这框真帅吧,2.0,slang_102_1_3e7f6ae5,,client
slang_022,student_slang,刷到这框真帅吧笑出猪叫，明天考试也不慌了,1,0,梗数据集_hot_speech_synth.txt,meme=这框真帅吧,2.0,slang_102_1_6346aeb2,,client
slang_022,student_slang,秋招碰壁，刷到这框真帅吧更焦虑了,3,0,梗数据集_hot_speech_synth.txt,meme=这框真帅吧,5.0,slang_102_3_178e2589,,client
slang_022,student_slang,看到这框真帅吧突然emo了，不想社交,3,0,梗数据集_hot_speech_synth.txt,meme=这框真帅吧,5.0,slang_102_3_1b0554a5,,client
slang_022,student_slang,期末周还遇到这框真帅吧，心态崩了,3,0,梗数据集_hot_speech_synth.txt,meme=这框真帅吧,5.0,slang_102_3_a7cfdf36,,client
slang_022,student_slang,最近满脑子都是这框真帅吧，感觉活着没意思,7,1,梗数据集_hot_speech_synth.txt,meme=这框真帅吧,8.0,slang_102_7_2d30a6d6,,client
slang_022,student_slang,被这框真帅吧搞到撑不下去了，真的好累,7,1,梗数据集_hot_speech_synth.txt,meme=这框真帅吧,8.0,slang_102_7_5c61cc60,,client
slang_022,student_slang,旁边人都在这框真帅吧，我却觉得自己很失败,7,1,梗数据集_hot_speech_synth.txt,meme=这框真帅吧,8.0,slang_102_7_72e5eaef,,client
slang_023,student_slang,群里又在玩精忠报国，我只能回一个6,0,0,梗数据集_hot_speech_synth.txt,meme=精忠报国,2.0,slang_103_0_3dbfaa76,,client
slang_023,student_slang,宿舍夜谈又提到精忠报国，我躺着听,0,0,梗数据集_hot_speech_synth.txt,meme=精忠报国,2.0,slang_103_0_4c03367a,,client
slang_023,student_slang,朋友发了个精忠报国，我假装看懂了,0,0,梗数据集_hot_speech_synth.txt,meme=精忠报国,2.0,slang_103_0_c82ea415,,client
slang_023,student_slang,朋友用精忠报国逗我，整个人都轻松了,1,0,梗数据集_hot_speech_synth.txt,meme=精忠报国,2.0,slang_103_1_b5ebeb2f,,client
slang_023,student_slang,刷到精忠报国笑出猪叫，明天考试也不慌了,1,0,梗数据集_hot_speech_synth.txt,meme=精忠报国,2.0,slang_103_1_3fb89460,,client
slang_023,student_slang,和室友聊到精忠报国，大家都笑疯了,1,0,梗数据集_hot_speech_synth.txt,meme=精忠报国,2.0,slang_103_1_cfb2b261,,client
slang_023,student_slang,秋招碰壁，刷到精忠报国更焦虑了,3,0,梗数据集_hot_speech_synth.txt,meme=精忠报国,5.0,slang_103_3_0e655d0b,,client
slang_023,student_slang,又被导师精忠报国，我直接破防了,3,0,梗数据集_hot_speech_synth.txt,meme=精忠报国,5.0,slang_103_3_3c7e6032,,client
slang_023,student_slang,宿舍那事搞得我很精忠报国，真的绷不住,3,0,梗数据集_hot_speech_synth.txt,meme=精忠报国,5.0,slang_103_3_6dee0430,,client
slang_024,student_slang,朋友发了个同城哥，我假装看懂了,0,0,梗数据集_hot_speech_synth.txt,meme=同城哥,2.0,slang_104_0_343ece2f,,client
slang_024,student_slang,宿舍夜谈又提到同城哥，我躺着听,0,0,梗数据集_hot_speech_synth.txt,meme=同城哥,2.0,slang_104_0_b91e5d35,,client
slang_024,student_slang,课间大家聊同城哥，我插不上话,0,0,梗数据集_hot_speech_synth.txt,meme=同城哥,2.0,slang_104_0_55d2bdd2,,client
slang_024,student_slang,刷到同城哥笑出猪叫，明天考试也不慌了,1,0,梗数据集_hot_speech_synth.txt,meme=同城哥,2.0,slang_104_1_efaa3b96,,client
slang_024,student_slang,朋友用同城哥逗我，整个人都轻松了,1,0,梗数据集_hot_speech_synth.txt,meme=同城哥,2.0,slang_104_1_d25adff5,,client
slang_024,student_slang,小组作业做完，晚上靠同城哥快乐一下,1,0,梗数据集_hot_speech_synth.txt,meme=同城哥,2.0,slang_104_1_24b01940,,client
slang_024,student_slang,又被导师同城哥，我直接破防了,3,0,梗数据集_hot_speech_synth.txt,meme=同城哥,5.0,slang_104_3_7d888546,,client
slang_024,student_slang,看到同城哥突然emo了，不想社交,3,0,梗数据集_hot_speech_synth.txt,meme=同城哥,5.0,slang_104_3_c98c1bc4,,client
slang_024,student_slang,挂科预警加上同城哥，今晚睡不着,3,0,梗数据集_hot_speech_synth.txt,meme=同城哥,5.0,slang_104_3_468c952a,,client
slang_025,student_slang,朋友发了个稀世珍宝，我假装看懂了,0,0,梗数据集_hot_speech_synth.txt,meme=稀世珍宝,2.0,slang_105_0_babe595a,,client
slang_025,student_slang,网上全是稀世珍宝，感觉信息过载,0,0,梗数据集_hot_speech_synth.txt,meme=稀世珍宝,2.0,slang_105_0_d9558243,,client
slang_025,student_slang,课间大家聊稀世珍宝，我插不上话,0,0,梗数据集_hot_speech_synth.txt,meme=稀世珍宝,2.0,slang_105_0_b77dc7f4,,client
slang_025,student_slang,今天终于稀世珍宝了，心情一下子好起来,1,0,梗数据集_hot_speech_synth.txt,meme=稀世珍宝,2.0,slang_105_1_250a1d3f,,client
slang_025,student_slang,朋友用稀世珍宝逗我，整个人都轻松了,1,0,梗数据集_hot_speech_synth.txt,meme=稀世珍宝,2.0,slang_105_1_a38469c8,,client
slang_025,student_slang,刷到稀世珍宝笑出猪叫，明天考试也不慌了,1,0,梗数据集_hot_speech_synth.txt,meme=稀世珍宝,2.0,slang_105_1_e3c58aec,,client
slang_025,student_slang,挂科预警加上稀世珍宝，今晚睡不着,3,0,梗数据集_hot_speech_synth.txt,meme=稀世珍宝,5.0,slang_105_3_a799d8a1,,client
slang_025,student_slang,又被导师稀世珍宝，我直接破防了,3,0,梗数据集_hot_speech_synth.txt,meme=稀世珍宝,5.0,slang_105_3_4c055965,,client
slang_025,student_slang,被同学阴阳稀世珍宝，内耗一整天,3,0,梗数据集_hot_speech_synth.txt,meme=稀世珍宝,5.0,slang_105_3_2b53af91,,client
slang_026,student_slang,宿舍夜谈又提到菜就多练，我躺着听,0,0,梗数据集_hot_speech_synth.txt,meme=菜就多练,2.0,slang_106_0_1f00ac20,,client
slang_026,student_slang,网上全是菜就多练，感觉信息过载,0,0,梗数据集_hot_speech_synth.txt,meme=菜就多练,2.0,slang_106_0_b5672bce,,client
slang_026,student_slang,群里又在玩菜就多练，我只能回一个6,0,0,梗数据集_hot_speech_synth.txt,meme=菜就多练,2.0,slang_106_0_2bb6971c,,client
slang_026,student_slang,和室友聊到菜就多练，大家都笑疯了,1,0,梗数据集_hot_speech_synth.txt,meme=菜就多练,2.0,slang_106_1_fc7ddbe5,,client
slang_026,student_slang,刷到菜就多练笑出猪叫，明天考试也不慌了,1,0,梗数据集_hot_speech_synth.txt,meme=菜就多练,2.0,slang_106_1_8a58d8cb,,client
slang_026,student_slang,朋友用菜就多练逗我，整个人都轻松了,1,0,梗数据集_hot_speech_synth.txt,meme=菜就多练,2.0,slang_106_1_5caf3cda,,client
slang_026,student_slang,挂科预警加上菜就多练，今晚睡不着,3,0,梗数据集_hot_speech_synth.txt,meme=菜就多练,5.0,slang_106_3_3189178c,,client
slang_026,student_slang,看到菜就多练突然emo了，不想社交,3,0,梗数据集_hot_speech_synth.txt,meme=菜就多练,5.0,slang_106_3_89d32bfe,,client
slang_026,student_slang,秋招碰壁，刷到菜就多练更焦虑了,3,0,梗数据集_hot_speech_synth.txt,meme=菜就多练,5.0,slang_106_3_de048c21,,client
slang_027,student_slang,群里又在玩农场主模拟器，我只能回一个6,0,0,梗数据集_hot_speech_synth.txt,meme=农场主模拟器,2.0,slang_107_0_fff29c0d,,client
slang_027,student_slang,同学整天农场主模拟器，我有点跟不上梗,0,0,梗数据集_hot_speech_synth.txt,meme=农场主模拟器,2.0,slang_107_0_e0021f29,,client
slang_027,student_slang,朋友发了个农场主模拟器，我假装看懂了,0,0,梗数据集_hot_speech_synth.txt,meme=农场主模拟器,2.0,slang_107_0_22e3e31c,,client
slang_027,student_slang,小组作业做完，晚上靠农场主模拟器快乐一下,1,0,梗数据集_hot_speech_synth.txt,meme=农场主模拟器,2.0,slang_107_1_d926d33f,,client
slang_027,student_slang,和室友聊到农场主模拟器，大家都笑疯了,1,0,梗数据集_hot_speech_synth.txt,meme=农场主模拟器,2.0,slang_107_1_0c2ea74b,,client
slang_027,student_slang,朋友用农场主模拟器逗我，整个人都轻松了,1,0,梗数据集_hot_speech_synth.txt,meme=农场主模拟器,2.0,slang_107_1_32c870e7,,client
slang_027,student_slang,看到农场主模拟器突然emo了，不想社交,3,0,梗数据集_hot_speech_synth.txt,meme=农场主模拟器,5.0,slang_107_3_5121cc3c,,client
slang_027,student_slang,秋招碰壁，刷到农场主模拟器更焦虑了,3,0,梗数据集_hot_speech_synth.txt,meme=农场主模拟器,5.0,slang_107_3_fb11eda1,,client
slang_027,student_slang,挂科预警加上农场主模拟器，今晚睡不着,3,0,梗数据集_hot_speech_synth.txt,meme=农场主模拟器,5.0,slang_107_3_3f4c85ea,,client
slang_028,student_slang,群里又在玩做我的儿子吧，我只能回一个6,0,0,梗数据集_hot_speech_synth.txt,meme=做我的儿子吧,2.0,slang_108_0_989b44ad,,client
slang_028,student_slang,网上全是做我的儿子吧，感觉信息过载,0,0,梗数据集_hot_speech_synth.txt,meme=做我的儿子吧,2.0,slang_108_0_1057f55a,,client
slang_028,student_slang,同学整天做我的儿子吧，我有点跟不上梗,0,0,梗数据集_hot_speech_synth.txt,meme=做我的儿子吧,2.0,slang_108_0_4eb1afa7,,client
slang_028,student_slang,和室友聊到做我的儿子吧，大家都笑疯了,1,0,梗数据集_hot_speech_synth.txt,meme=做我的儿子吧,2.0,slang_108_1_2f4c03d4,,client
slang_028,student_slang,刷到做我的儿子吧笑出猪叫，明天考试也不慌了,1,0,梗数据集_hot_speech_synth.txt,meme=做我的儿子吧,2.0,slang_108_1_e0dc3071,,client
slang_028,student_slang,朋友用做我的儿子吧逗我，整个人都轻松了,1,0,梗数据集_hot_speech_synth.txt,meme=做我的儿子吧,2.0,slang_108_1_d3b9d79f,,client
slang_028,student_slang,又被导师做我的儿子吧，我直接破防了,3,0,梗数据集_hot_speech_synth.txt,meme=做我的儿子吧,5.0,slang_108_3_4fb82190,,client
slang_028,student_slang,被同学阴阳做我的儿子吧，内耗一整天,3,0,梗数据集_hot_speech_synth.txt,meme=做我的儿子吧,5.0,slang_108_3_a50f3eeb,,client
slang_028,student_slang,看到做我的儿子吧突然emo了，不想社交,3,0,梗数据集_hot_speech_synth.txt,meme=做我的儿子吧,5.0,slang_108_3_961cf013,,client
slang_029,student_slang,群里又在玩唐妞不等式，我只能回一个6,0,0,梗数据集_hot_speech_synth.txt,meme=唐妞不等式,2.0,slang_109_0_167eddc3,,client
slang_029,student_slang,同学整天唐妞不等式，我有点跟不上梗,0,0,梗数据集_hot_speech_synth.txt,meme=唐妞不等式,2.0,slang_109_0_3aa4ef24,,client
slang_029,student_slang,网上全是唐妞不等式，感觉信息过载,0,0,梗数据集_hot_speech_synth.txt,meme=唐妞不等式,2.0,slang_109_0_35394150,,client
slang_029,student_slang,朋友用唐妞不等式逗我，整个人都轻松了,1,0,梗数据集_hot_speech_synth.txt,meme=唐妞不等式,2.0,slang_109_1_fd852ba3,,client
slang_029,student_slang,今天终于唐妞不等式了，心情一下子好起来,1,0,梗数据集_hot_speech_synth.txt,meme=唐妞不等式,2.0,slang_109_1_c927d9fa,,client
slang_029,student_slang,刷到唐妞不等式笑出猪叫，明天考试也不慌了,1,0,梗数据集_hot_speech_synth.txt,meme=唐妞不等式,2.0,slang_109_1_79cd873f,,client
slang_029,student_slang,挂科预警加上唐妞不等式，今晚睡不着,3,0,梗数据集_hot_speech_synth.txt,meme=唐妞不等式,5.0,slang_109_3_3a95c8fc,,client
slang_029,student_slang,宿舍那事搞得我很唐妞不等式，真的绷不住,3,0,梗数据集_hot_speech_synth.txt,meme=唐妞不等式,5.0,slang_109_3_dcbb154e,,client
slang_029,student_slang,看到唐妞不等式突然emo了，不想社交,3,0,梗数据集_hot_speech_synth.txt,meme=唐妞不等式,5.0,slang_109_3_7fa39212,,client
slang_030,student_slang,网上全是吗喽，感觉信息过载,0,0,梗数据集_hot_speech_synth.txt,meme=吗喽,2.0,slang_110_0_fb7e41a2,,client
slang_030,student_slang,朋友发了个吗喽，我假装看懂了,0,0,梗数据集_hot_speech_synth.txt,meme=吗喽,2.0,slang_110_0_5ef1e11e,,client
slang_030,student_slang,课间大家聊吗喽，我插不上话,0,0,梗数据集_hot_speech_synth.txt,meme=吗喽,2.0,slang_110_0_3b92aa2b,,client
slang_030,student_slang,朋友用吗喽逗我，整个人都轻松了,1,0,梗数据集_hot_speech_synth.txt,meme=吗喽,2.0,slang_110_1_d985b5f6,,client
slang_030,student_slang,小组作业做完，晚上靠吗喽快乐一下,1,0,梗数据集_hot_speech_synth.txt,meme=吗喽,2.0,slang_110_1_31acd24d,,client
slang_030,student_slang,和室友聊到吗喽，大家都笑疯了,1,0,梗数据集_hot_speech_synth.txt,meme=吗喽,2.0,slang_110_1_62fd3c6b,,client
slang_030,student_slang,宿舍那事搞得我很吗喽，真的绷不住,3,0,梗数据集_hot_speech_synth.txt,meme=吗喽,5.0,slang_110_3_cb30907e,,client
slang_030,student_slang,看到吗喽突然emo了，不想社交,3,0,梗数据集_hot_speech_synth.txt,meme=吗喽,5.0,slang_110_3_9f7113b2,,client
slang_030,student_slang,被同学阴阳吗喽，内耗一整天,3,0,梗数据集_hot_speech_synth.txt,meme=吗喽,5.0,slang_110_3_2ebfc779,,client
slang_031,student_slang,同学整天极品少萝，我有点跟不上梗,0,0,梗数据集_hot_speech_synth.txt,meme=极品少萝,2.0,slang_111_0_0f6820dd,,client
slang_031,student_slang,宿舍夜谈又提到极品少萝，我躺着听,0,0,梗数据集_hot_speech_synth.txt,meme=极品少萝,2.0,slang_111_0_d4a50d6b,,client
slang_031,student_slang,网上全是极品少萝，感觉信息过载,0,0,梗数据集_hot_speech_synth.txt,meme=极品少萝,2.0,slang_111_0_d6bac6df,,client
slang_031,student_slang,小组作业做完，晚上靠极品少萝快乐一下,1,0,梗数据集_hot_speech_synth.txt,meme=极品少萝,2.0,slang_111_1_0323cfff,,client
slang_031,student_slang,和室友聊到极品少萝，大家都笑疯了,1,0,梗数据集_hot_speech_synth.txt,meme=极品少萝,2.0,slang_111_1_327a5ced,,client
slang_031,student_slang,今天终于极品少萝了，心情一下子好起来,1,0,梗数据集_hot_speech_synth.txt,meme=极品少萝,2.0,slang_111_1_0e2916d4,,client
slang_031,student_slang,期末周还遇到极品少萝，心态崩了,3,0,梗数据集_hot_speech_synth.txt,meme=极品少萝,5.0,slang_111_3_e1a39b89,,client
slang_031,student_slang,看到极品少萝突然emo了，不想社交,3,0,梗数据集_hot_speech_synth.txt,meme=极品少萝,5.0,slang_111_3_4858a786,,client
slang_031,student_slang,挂科预警加上极品少萝，今晚睡不着,3,0,梗数据集_hot_speech_synth.txt,meme=极品少萝,5.0,slang_111_3_cdc5426d,,client
slang_032,student_slang,课间大家聊刘青松圣经，我插不上话,0,0,梗数据集_hot_speech_synth.txt,meme=刘青松圣经,2.0,slang_112_0_b8487b7e,,client
slang_032,student_slang,朋友发了个刘青松圣经，我假装看懂了,0,0,梗数据集_hot_speech_synth.txt,meme=刘青松圣经,2.0,slang_112_0_0f8ebe90,,client
slang_032,student_slang,群里又在玩刘青松圣经，我只能回一个6,0,0,梗数据集_hot_speech_synth.txt,meme=刘青松圣经,2.0,slang_112_0_96e3acab,,client
slang_032,student_slang,刷到刘青松圣经笑出猪叫，明天考试也不慌了,1,0,梗数据集_hot_speech_synth.txt,meme=刘青松圣经,2.0,slang_112_1_e9c91627,,client
slang_032,student_slang,小组作业做完，晚上靠刘青松圣经快乐一下,1,0,梗数据集_hot_speech_synth.txt,meme=刘青松圣经,2.0,slang_112_1_5fabaf70,,client
slang_032,student_slang,朋友用刘青松圣经逗我，整个人都轻松了,1,0,梗数据集_hot_speech_synth.txt,meme=刘青松圣经,2.0,slang_112_1_39f2ba61,,client
slang_032,student_slang,被同学阴阳刘青松圣经，内耗一整天,3,0,梗数据集_hot_speech_synth.txt,meme=刘青松圣经,5.0,slang_112_3_06480b86,,client
slang_032,student_slang,秋招碰壁，刷到刘青松圣经更焦虑了,3,0,梗数据集_hot_speech_synth.txt,meme=刘青松圣经,5.0,slang_112_3_fd9afb4b,,client
slang_032,student_slang,看到刘青松圣经突然emo了，不想社交,3,0,梗数据集_hot_speech_synth.txt,meme=刘青松圣经,5.0,slang_112_3_827e8c0f,,client
slang_033,student_slang,同学整天震惊张艺谋，我有点跟不上梗,0,0,梗数据集_hot_speech_synth.txt,meme=震惊张艺谋,2.0,slang_113_0_d6a28d9c,,client
slang_033,student_slang,宿舍夜谈又提到震惊张艺谋，我躺着听,0,0,梗数据集_hot_speech_synth.txt,meme=震惊张艺谋,2.0,slang_113_0_6245efd0,,client
slang_033,student_slang,课间大家聊震惊张艺谋，我插不上话,0,0,梗数据集_hot_speech_synth.txt,meme=震惊张艺谋,2.0,slang_113_0_5251780f,,client
slang_033,student_slang,刷到震惊张艺谋笑出猪叫，明天考试也不慌了,1,0,梗数据集_hot_speech_synth.txt,meme=震惊张艺谋,2.0,slang_113_1_03e5123e,,client
slang_033,student_slang,小组作业做完，晚上靠震惊张艺谋快乐一下,1,0,梗数据集_hot_speech_synth.txt,meme=震惊张艺谋,2.0,slang_113_1_3cacae24,,client
slang_033,student_slang,朋友用震惊张艺谋逗我，整个人都轻松了,1,0,梗数据集_hot_speech_synth.txt,meme=震惊张艺谋,2.0,slang_113_1_8fbe76b9,,client
slang_033,student_slang,挂科预警加上震惊张艺谋，今晚睡不着,3,0,梗数据集_hot_speech_synth.txt,meme=震惊张艺谋,5.0,slang_113_3_5e2585af,,client
slang_033,student_slang,被同学阴阳震惊张艺谋，内耗一整天,3,0,梗数据集_hot_speech_synth.txt,meme=震惊张艺谋,5.0,slang_113_3_e60a3354,,client
slang_033,student_slang,看到震惊张艺谋突然emo了，不想社交,3,0,梗数据集_hot_speech_synth.txt,meme=震惊张艺谋,5.0,slang_113_3_c4d1a5f5,,client
slang_034,student_slang,宿舍夜谈又提到连一刻也没有为XX哀悼，我躺着听,0,0,梗数据集_hot_speech_synth.txt,meme=连一刻也没有为XX哀悼,2.0,slang_114_0_8b94e3f6,,client
slang_034,student_slang,朋友发了个连一刻也没有为XX哀悼，我假装看懂了,0,0,梗数据集_hot_speech_synth.txt,meme=连一刻也没有为XX哀悼,2.0,slang_114_0_1e15155f,,client
slang_034,student_slang,同学整天连一刻也没有为XX哀悼，我有点跟不上梗,0,0,梗数据集_hot_speech_synth.txt,meme=连一刻也没有为XX哀悼,2.0,slang_114_0_7243503e,,client
slang_034,student_slang,和室友聊到连一刻也没有为XX哀悼，大家都笑疯了,1,0,梗数据集_hot_speech_synth.txt,meme=连一刻也没有为XX哀悼,2.0,slang_114_1_3bf35732,,client
slang_034,student_slang,朋友用连一刻也没有为XX哀悼逗我，整个人都轻松了,1,0,梗数据集_hot_speech_synth.txt,meme=连一刻也没有为XX哀悼,2.0,slang_114_1_8f9d86ef,,client
slang_034,student_slang,今天终于连一刻也没有为XX哀悼了，心情一下子好起来,1,0,梗数据集_hot_speech_synth.txt,meme=连一刻也没有为XX哀悼,2.0,slang_114_1_2aac7838,,client
slang_034,student_slang,挂科预警加上连一刻也没有为XX哀悼，今晚睡不着,3,0,梗数据集_hot_speech_synth.txt,meme=连一刻也没有为XX哀悼,5.0,slang_114_3_c688bb5f,,client
slang_034,student_slang,看到连一刻也没有为XX哀悼突然emo了，不想社交,3,0,梗数据集_hot_speech_synth.txt,meme=连一刻也没有为XX哀悼,5.0,slang_114_3_4cec1bb2,,client
slang_034,student_slang,又被导师连一刻也没有为XX哀悼，我直接破防了,3,0,梗数据集_hot_speech_synth.txt,meme=连一刻也没有为XX哀悼,5.0,slang_114_3_0036e8e7,,client
slang_035,student_slang,朋友发了个东北儿歌，我假装看懂了,0,0,梗数据集_hot_speech_synth.txt,meme=东北儿歌,2.0,slang_115_0_303aac68,,client
slang_035,student_slang,宿舍夜谈又提到东北儿歌，我躺着听,0,0,梗数据集_hot_speech_synth.txt,meme=东北儿歌,2.0,slang_115_0_f12da905,,client
slang_035,student_slang,课间大家聊东北儿歌，我插不上话,0,0,梗数据集_hot_speech_synth.txt,meme=东北儿歌,2.0,slang_115_0_4712d711,,client
slang_035,student_slang,朋友用东北儿歌逗我，整个人都轻松了,1,0,梗数据集_hot_speech_synth.txt,meme=东北儿歌,2.0,slang_115_1_a5b969b9,,client
slang_035,student_slang,和室友聊到东北儿歌，大家都笑疯了,1,0,梗数据集_hot_speech_synth.txt,meme=东北儿歌,2.0,slang_115_1_4599fea8,,client
slang_035,student_slang,小组作业做完，晚上靠东北儿歌快乐一下,1,0,梗数据集_hot_speech_synth.txt,meme=东北儿歌,2.0,slang_115_1_d9a508fc,,client
slang_035,student_slang,又被导师东北儿歌，我直接破防了,3,0,梗数据集_hot_speech_synth.txt,meme=东北儿歌,5.0,slang_115_3_95ef3b06,,client
slang_035,student_slang,宿舍那事搞得我很东北儿歌，真的绷不住,3,0,梗数据集_hot_speech_synth.txt,meme=东北儿歌,5.0,slang_115_3_053491f9,,client
slang_035,student_slang,被同学阴阳东北儿歌，内耗一整天,3,0,梗数据集_hot_speech_synth.txt,meme=东北儿歌,5.0,slang_115_3_2ae7e72b,,client
slang_036,student_slang,课间大家聊刚满18岁，我插不上话,0,0,梗数据集_hot_speech_synth.txt,meme=刚满18岁,2.0,slang_116_0_1f54c6e9,,client
slang_036,student_slang,朋友发了个刚满18岁，我假装看懂了,0,0,梗数据集_hot_speech_synth.txt,meme=刚满18岁,2.0,slang_116_0_05a61a68,,client
slang_036,student_slang,群里又在玩刚满18岁，我只能回一个6,0,0,梗数据集_hot_speech_synth.txt,meme=刚满18岁,2.0,slang_116_0_d782054c,,client
slang_036,student_slang,朋友用刚满18岁逗我，整个人都轻松了,1,0,梗数据集_hot_speech_synth.txt,meme=刚满18岁,2.0,slang_116_1_ea812ca6,,client
slang_036,student_slang,今天终于刚满18岁了，心情一下子好起来,1,0,梗数据集_hot_speech_synth.txt,meme=刚满18岁,2.0,slang_116_1_c0208ad9,,client
slang_036,student_slang,刷到刚满18岁笑出猪叫，明天考试也不慌了,1,0,梗数据集_hot_speech_synth.txt,meme=刚满18岁,2.0,slang_116_1_7edefa96,,client
slang_036,student_slang,看到刚满18岁突然emo了，不想社交,3,0,梗数据集_hot_speech_synth.txt,meme=刚满18岁,5.0,slang_116_3_3ced6042,,client
slang_036,student_slang,又被导师刚满18岁，我直接破防了,3,0,梗数据集_hot_speech_synth.txt,meme=刚满18岁,5.0,slang_116_3_e5214c19,,client
slang_036,student_slang,宿舍那事搞得我很刚满18岁，真的绷不住,3,0,梗数据集_hot_speech_synth.txt,meme=刚满18岁,5.0,slang_116_3_4bbcbf84,,client
slang_037,student_slang,宿舍夜谈又提到乐坛翟天临，我躺着听,0,0,梗数据集_hot_speech_synth.txt,meme=乐坛翟天临,2.0,slang_117_0_225abf67,,client
slang_037,student_slang,同学整天乐坛翟天临，我有点跟不上梗,0,0,梗数据集_hot_speech_synth.txt,meme=乐坛翟天临,2.0,slang_117_0_c316f4c8,,client
slang_037,student_slang,群里又在玩乐坛翟天临，我只能回一个6,0,0,梗数据集_hot_speech_synth.txt,meme=乐坛翟天临,2.0,slang_117_0_c9bbe2e0,,client
slang_037,student_slang,朋友用乐坛翟天临逗我，整个人都轻松了,1,0,梗数据集_hot_speech_synth.txt,meme=乐坛翟天临,2.0,slang_117_1_9272b9e4,,client
slang_037,student_slang,刷到乐坛翟天临笑出猪叫，明天考试也不慌了,1,0,梗数据集_hot_speech_synth.txt,meme=乐坛翟天临,2.0,slang_117_1_35a330ac,,client
slang_037,student_slang,和室友聊到乐坛翟天临，大家都笑疯了,1,0,梗数据集_hot_speech_synth.txt,meme=乐坛翟天临,2.0,slang_117_1_6e238769,,client
slang_037,student_slang,被同学阴阳乐坛翟天临，内耗一整天,3,0,梗数据集_hot_speech_synth.txt,meme=乐坛翟天临,5.0,slang_117_3_05643343,,client
slang_037,student_slang,秋招碰壁，刷到乐坛翟天临更焦虑了,3,0,梗数据集_hot_speech_synth.txt,meme=乐坛翟天临,5.0,slang_117_3_60eeef0f,,client
slang_037,student_slang,看到乐坛翟天临突然emo了，不想社交,3,0,梗数据集_hot_speech_synth.txt,meme=乐坛翟天临,5.0,slang_117_3_dc7f12b1,,client
slang_038,student_slang,网上全是你染上XX了，感觉信息过载,0,0,梗数据集_hot_speech_synth.txt,meme=你染上XX了,2.0,slang_118_0_9b7cab50,,client
slang_038,student_slang,群里又在玩你染上XX了，我只能回一个6,0,0,梗数据集_hot_speech_synth.txt,meme=你染上XX了,2.0,slang_118_0_358973ef,,client
slang_038,student_slang,朋友发了个你染上XX了，我假装看懂了,0,0,梗数据集_hot_speech_synth.txt,meme=你染上XX了,2.0,slang_118_0_c39b0989,,client
slang_038,student_slang,小组作业做完，晚上靠你染上XX了快乐一下,1,0,梗数据集_hot_speech_synth.txt,meme=你染上XX了,2.0,slang_118_1_789197bf,,client
slang_038,student_slang,朋友用你染上XX了逗我，整个人都轻松了,1,0,梗数据集_hot_speech_synth.txt,meme=你染上XX了,2.0,slang_118_1_4ffbb9e1,,client
slang_038,student_slang,和室友聊到你染上XX了，大家都笑疯了,1,0,梗数据集_hot_speech_synth.txt,meme=你染上XX了,2.0,slang_118_1_4dc5a45e,,client
slang_038,student_slang,秋招碰壁，刷到你染上XX了更焦虑了,3,0,梗数据集_hot_speech_synth.txt,meme=你染上XX了,5.0,slang_118_3_09d35a0b,,client
slang_038,student_slang,挂科预警加上你染上XX了，今晚睡不着,3,0,梗数据集_hot_speech_synth.txt,meme=你染上XX了,5.0,slang_118_3_077d7ddf,,client
slang_038,student_slang,看到你染上XX了突然emo了，不想社交,3,0,梗数据集_hot_speech_synth.txt,meme=你染上XX了,5.0,slang_118_3_de1a2e4d,,client
slang_039,student_slang,课间大家聊赛博灯泡，我插不上话,0,0,梗数据集_hot_speech_synth.txt,meme=赛博灯泡,2.0,slang_119_0_8cdfc381,,client
slang_039,student_slang,群里又在玩赛博灯泡，我只能回一个6,0,0,梗数据集_hot_speech_synth.txt,meme=赛博灯泡,2.0,slang_119_0_1eafae29,,client
slang_039,student_slang,网上全是赛博灯泡，感觉信息过载,0,0,梗数据集_hot_speech_synth.txt,meme=赛博灯泡,2.0,slang_119_0_f7b296c8,,client
slang_039,student_slang,和室友聊到赛博灯泡，大家都笑疯了,1,0,梗数据集_hot_speech_synth.txt,meme=赛博灯泡,2.0,slang_119_1_b94659c9,,client
slang_039,student_slang,刷到赛博灯泡笑出猪叫，明天考试也不慌了,1,0,梗数据集_hot_speech_synth.txt,meme=赛博灯泡,2.0,slang_119_1_d1e4b47a,,client
slang_039,student_slang,今天终于赛博灯泡了，心情一下子好起来,1,0,梗数据集_hot_speech_synth.txt,meme=赛博灯泡,2.0,slang_119_1_8ffbee04,,client
slang_039,student_slang,秋招碰壁，刷到赛博灯泡更焦虑了,3,0,梗数据集_hot_speech_synth.txt,meme=赛博灯泡,5.0,slang_119_3_784cb894,,client
slang_039,student_slang,又被导师赛博灯泡，我直接破防了,3,0,梗数据集_hot_speech_synth.txt,meme=赛博灯泡,5.0,slang_119_3_d7fed955,,client
slang_039,student_slang,看到赛博灯泡突然emo了，不想社交,3,0,梗数据集_hot_speech_synth.txt,meme=赛博灯泡,5.0,slang_119_3_1e22e87c,,client
slang_039,student_slang,最近满脑子都是赛博灯泡，感觉活着没意思,7,1,梗数据集_hot_speech_synth.txt,meme=赛博灯泡,8.0,slang_119_7_40194c1c,,client
slang_039,student_slang,旁边人都在赛博灯泡，我却觉得自己很失败,7,1,梗数据集_hot_speech_synth.txt,meme=赛博灯泡,8.0,slang_119_7_ff8354fa,,client
slang_039,student_slang,被赛博灯泡搞到撑不下去了，真的好累,7,1,梗数据集_hot_speech_synth.txt,meme=赛博灯泡,8.0,slang_119_7_35f3579e,,client
slang_040,student_slang,同学整天忆昔当年泪不干，我有点跟不上梗,0,0,梗数据集_hot_speech_synth.txt,meme=忆昔当年泪不干,2.0,slang_120_0_7868f05d,,client
slang_040,student_slang,朋友发了个忆昔当年泪不干，我假装看懂了,0,0,梗数据集_hot_speech_synth.txt,meme=忆昔当年泪不干,2.0,slang_120_0_16a5e3e5,,client
slang_040,student_slang,群里又在玩忆昔当年泪不干，我只能回一个6,0,0,梗数据集_hot_speech_synth.txt,meme=忆昔当年泪不干,2.0,slang_120_0_d031e3e7,,client
slang_040,student_slang,今天终于忆昔当年泪不干了，心情一下子好起来,1,0,梗数据集_hot_speech_synth.txt,meme=忆昔当年泪不干,2.0,slang_120_1_a8705883,,client
slang_040,student_slang,刷到忆昔当年泪不干笑出猪叫，明天考试也不慌了,1,0,梗数据集_hot_speech_synth.txt,meme=忆昔当年泪不干,2.0,slang_120_1_0a80bfd7,,client
slang_040,student_slang,小组作业做完，晚上靠忆昔当年泪不干快乐一下,1,0,梗数据集_hot_speech_synth.txt,meme=忆昔当年泪不干,2.0,slang_120_1_3f638121,,client
slang_040,student_slang,期末周还遇到忆昔当年泪不干，心态崩了,3,0,梗数据集_hot_speech_synth.txt,meme=忆昔当年泪不干,5.0,slang_120_3_eb7107ac,,client
slang_040,student_slang,挂科预警加上忆昔当年泪不干，今晚睡不着,3,0,梗数据集_hot_speech_synth.txt,meme=忆昔当年泪不干,5.0,slang_120_3_f4d94f05,,client
slang_040,student_slang,秋招碰壁，刷到忆昔当年泪不干更焦虑了,3,0,梗数据集_hot_speech_synth.txt,meme=忆昔当年泪不干,5.0,slang_120_3_4f1b6303,,client
slang_041,student_slang,宿舍夜谈又提到战斗！爽！，我躺着听,0,0,梗数据集_hot_speech_synth.txt,meme=战斗！爽！,2.0,slang_121_0_0e044854,,client
slang_041,student_slang,同学整天战斗！爽！，我有点跟不上梗,0,0,梗数据集_hot_speech_synth.txt,meme=战斗！爽！,2.0,slang_121_0_d1c6708e,,client
slang_041,student_slang,课间大家聊战斗！爽！，我插不上话,0,0,梗数据集_hot_speech_synth.txt,meme=战斗！爽！,2.0,slang_121_0_7661efce,,client
slang_041,student_slang,小组作业做完，晚上靠战斗！爽！快乐一下,1,0,梗数据集_hot_speech_synth.txt,meme=战斗！爽！,2.0,slang_121_1_e6e3bf30,,client
slang_041,student_slang,朋友用战斗！爽！逗我，整个人都轻松了,1,0,梗数据集_hot_speech_synth.txt,meme=战斗！爽！,2.0,slang_121_1_f1939262,,client
slang_041,student_slang,刷到战斗！爽！笑出猪叫，明天考试也不慌了,1,0,梗数据集_hot_speech_synth.txt,meme=战斗！爽！,2.0,slang_121_1_6525f174,,client
slang_041,student_slang,秋招碰壁，刷到战斗！爽！更焦虑了,3,0,梗数据集_hot_speech_synth.txt,meme=战斗！爽！,5.0,slang_121_3_ce19cf0b,,client
slang_041,student_slang,宿舍那事搞得我很战斗！爽！，真的绷不住,3,0,梗数据集_hot_speech_synth.txt,meme=战斗！爽！,5.0,slang_121_3_b028a5bf,,client
slang_041,student_slang,挂科预警加上战斗！爽！，今晚睡不着,3,0,梗数据集_hot_speech_synth.txt,meme=战斗！爽！,5.0,slang_121_3_3b37abeb,,client
slang_042,student_slang,同学整天返场八一式阿波罗，我有点跟不上梗,0,0,梗数据集_hot_speech_synth.txt,meme=返场八一式阿波罗,2.0,slang_122_0_cbddd1f7,,client
slang_042,student_slang,群里又在玩返场八一式阿波罗，我只能回一个6,0,0,梗数据集_hot_speech_synth.txt,meme=返场八一式阿波罗,2.0,slang_122_0_ed8f15f2,,client
slang_042,student_slang,宿舍夜谈又提到返场八一式阿波罗，我躺着听,0,0,梗数据集_hot_speech_synth.txt,meme=返场八一式阿波罗,2.0,slang_122_0_9d2ed27d,,client
slang_042,student_slang,小组作业做完，晚上靠返场八一式阿波罗快乐一下,1,0,梗数据集_hot_speech_synth.txt,meme=返场八一式阿波罗,2.0,slang_122_1_c5ef9301,,client
slang_042,student_slang,和室友聊到返场八一式阿波罗，大家都笑疯了,1,0,梗数据集_hot_speech_synth.txt,meme=返场八一式阿波罗,2.0,slang_122_1_bd958bb4,,client
slang_042,student_slang,朋友用返场八一式阿波罗逗我，整个人都轻松了,1,0,梗数据集_hot_speech_synth.txt,meme=返场八一式阿波罗,2.0,slang_122_1_124ba802,,client
slang_042,student_slang,被同学阴阳返场八一式阿波罗，内耗一整天,3,0,梗数据集_hot_speech_synth.txt,meme=返场八一式阿波罗,5.0,slang_122_3_1e0b6e68,,client
slang_042,student_slang,宿舍那事搞得我很返场八一式阿波罗，真的绷不住,3,0,梗数据集_hot_speech_synth.txt,meme=返场八一式阿波罗,5.0,slang_122_3_1a07b327,,client
slang_042,student_slang,秋招碰壁，刷到返场八一式阿波罗更焦虑了,3,0,梗数据集_hot_speech_synth.txt,meme=返场八一式阿波罗,5.0,slang_122_3_8df7dd56,,client
slang_043,student_slang,宿舍夜谈又提到大声发，我躺着听,0,0,梗数据集_hot_speech_synth.txt,meme=大声发,2.0,slang_123_0_d3d76285,,client
slang_043,student_slang,朋友发了个大声发，我假装看懂了,0,0,梗数据集_hot_speech_synth.txt,meme=大声发,2.0,slang_123_0_ced3636d,,client
slang_043,student_slang,网上全是大声发，感觉信息过载,0,0,梗数据集_hot_speech_synth.txt,meme=大声发,2.0,slang_123_0_ba941a86,,client
slang_043,student_slang,刷到大声发笑出猪叫，明天考试也不慌了,1,0,梗数据集_hot_speech_synth.txt,meme=大声发,2.0,slang_123_1_563587da,,client
slang_043,student_slang,今天终于大声发了，心情一下子好起来,1,0,梗数据集_hot_speech_synth.txt,meme=大声发,2.0,slang_123_1_3a0ffaf1,,client
slang_043,student_slang,和室友聊到大声发，大家都笑疯了,1,0,梗数据集_hot_speech_synth.txt,meme=大声发,2.0,slang_123_1_75efd487,,client
slang_043,student_slang,期末周还遇到大声发，心态崩了,3,0,梗数据集_hot_speech_synth.txt,meme=大声发,5.0,slang_123_3_14c2e452,,client
slang_043,student_slang,秋招碰壁，刷到大声发更焦虑了,3,0,梗数据集_hot_speech_synth.txt,meme=大声发,5.0,slang_123_3_f0de905f,,client
slang_043,student_slang,被同学阴阳大声发，内耗一整天,3,0,梗数据集_hot_speech_synth.txt,meme=大声发,5.0,slang_123_3_9e5bb3b1,,client
slang_044,student_slang,同学整天被知识侵犯，我有点跟不上梗,0,0,梗数据集_hot_speech_synth.txt,meme=被知识侵犯,2.0,slang_124_0_a70250bb,,client
slang_044,student_slang,群里又在玩被知识侵犯，我只能回一个6,0,0,梗数据集_hot_speech_synth.txt,meme=被知识侵犯,2.0,slang_124_0_e6fc1963,,client
slang_044,student_slang,宿舍夜谈又提到被知识侵犯，我躺着听,0,0,梗数据集_hot_speech_synth.txt,meme=被知识侵犯,2.0,slang_124_0_2058d592,,client
slang_044,student_slang,刷到被知识侵犯笑出猪叫，明天考试也不慌了,1,0,梗数据集_hot_speech_synth.txt,meme=被知识侵犯,2.0,slang_124_1_8aa36bea,,client
slang_044,student_slang,小组作业做完，晚上靠被知识侵犯快乐一下,1,0,梗数据集_hot_speech_synth.txt,meme=被知识侵犯,2.0,slang_124_1_de0c1d7f,,client
slang_044,student_slang,朋友用被知识侵犯逗我，整个人都轻松了,1,0,梗数据集_hot_speech_synth.txt,meme=被知识侵犯,2.0,slang_124_1_a5fa88a4,,client
slang_044,student_slang,看到被知识侵犯突然emo了，不想社交,3,0,梗数据集_hot_speech_synth.txt,meme=被知识侵犯,5.0,slang_124_3_69118c7d,,client
slang_044,student_slang,秋招碰壁，刷到被知识侵犯更焦虑了,3,0,梗数据集_hot_speech_synth.txt,meme=被知识侵犯,5.0,slang_124_3_5a67a442,,client
slang_044,student_slang,期末周还遇到被知识侵犯，心态崩了,3,0,梗数据集_hot_speech_synth.txt,meme=被知识侵犯,5.0,slang_124_3_b70944b1,,client
slang_045,student_slang,宿舍夜谈又提到三次元桂乃芬，我躺着听,0,0,梗数据集_hot_speech_synth.txt,meme=三次元桂乃芬,2.0,slang_125_0_56d10248,,client
slang_045,student_slang,朋友发了个三次元桂乃芬，我假装看懂了,0,0,梗数据集_hot_speech_synth.txt,meme=三次元桂乃芬,2.0,slang_125_0_2919dcec,,client
slang_045,student_slang,同学整天三次元桂乃芬，我有点跟不上梗,0,0,梗数据集_hot_speech_synth.txt,meme=三次元桂乃芬,2.0,slang_125_0_b9e04017,,client
slang_045,student_slang,朋友用三次元桂乃芬逗我，整个人都轻松了,1,0,梗数据集_hot_speech_synth.txt,meme=三次元桂乃芬,2.0,slang_125_1_f7fe203e,,client
slang_045,student_slang,小组作业做完，晚上靠三次元桂乃芬快乐一下,1,0,梗数据集_hot_speech_synth.txt,meme=三次元桂乃芬,2.0,slang_125_1_db455e1a,,client
slang_045,student_slang,今天终于三次元桂乃芬了，心情一下子好起来,1,0,梗数据集_hot_speech_synth.txt,meme=三次元桂乃芬,2.0,slang_125_1_ade5c66c,,client
slang_045,student_slang,宿舍那事搞得我很三次元桂乃芬，真的绷不住,3,0,梗数据集_hot_speech_synth.txt,meme=三次元桂乃芬,5.0,slang_125_3_33f60151,,client
slang_045,student_slang,看到三次元桂乃芬突然emo了，不想社交,3,0,梗数据集_hot_speech_synth.txt,meme=三次元桂乃芬,5.0,slang_125_3_0f1b5479,,client
slang_045,student_slang,被同学阴阳三次元桂乃芬，内耗一整天,3,0,梗数据集_hot_speech_synth.txt,meme=三次元桂乃芬,5.0,slang_125_3_6a104973,,client
slang_046,student_slang,朋友发了个金牌讲师，我假装看懂了,0,0,梗数据集_hot_speech_synth.txt,meme=金牌讲师,2.0,slang_126_0_a3d42778,,client
slang_046,student_slang,课间大家聊金牌讲师，我插不上话,0,0,梗数据集_hot_speech_synth.txt,meme=金牌讲师,2.0,slang_126_0_c0d9a454,,client
slang_046,student_slang,网上全是金牌讲师，感觉信息过载,0,0,梗数据集_hot_speech_synth.txt,meme=金牌讲师,2.0,slang_126_0_15641012,,client
slang_046,student_slang,刷到金牌讲师笑出猪叫，明天考试也不慌了,1,0,梗数据集_hot_speech_synth.txt,meme=金牌讲师,2.0,slang_126_1_4c114710,,client
slang_046,student_slang,今天终于金牌讲师了，心情一下子好起来,1,0,梗数据集_hot_speech_synth.txt,meme=金牌讲师,2.0,slang_126_1_e79c76a7,,client
slang_046,student_slang,小组作业做完，晚上靠金牌讲师快乐一下,1,0,梗数据集_hot_speech_synth.txt,meme=金牌讲师,2.0,slang_126_1_3a4850ab,,client
slang_046,student_slang,看到金牌讲师突然emo了，不想社交,3,0,梗数据集_hot_speech_synth.txt,meme=金牌讲师,5.0,slang_126_3_3481df58,,client
slang_046,student_slang,期末周还遇到金牌讲师，心态崩了,3,0,梗数据集_hot_speech_synth.txt,meme=金牌讲师,5.0,slang_126_3_971a7137,,client
slang_046,student_slang,又被导师金牌讲师，我直接破防了,3,0,梗数据集_hot_speech_synth.txt,meme=金牌讲师,5.0,slang_126_3_0e11f10b,,client
slang_047,student_slang,课间大家聊对焦测试员、摇摆拳法，我插不上话,0,0,梗数据集_hot_speech_synth.txt,meme=对焦测试员、摇摆拳法,2.0,slang_127_0_a75181ae,,client
slang_047,student_slang,群里又在玩对焦测试员、摇摆拳法，我只能回一个6,0,0,梗数据集_hot_speech_synth.txt,meme=对焦测试员、摇摆拳法,2.0,slang_127_0_d36efbc3,,client
slang_047,student_slang,宿舍夜谈又提到对焦测试员、摇摆拳法，我躺着听,0,0,梗数据集_hot_speech_synth.txt,meme=对焦测试员、摇摆拳法,2.0,slang_127_0_2effac36,,client
slang_047,student_slang,刷到对焦测试员、摇摆拳法笑出猪叫，明天考试也不慌了,1,0,梗数据集_hot_speech_synth.txt,meme=对焦测试员、摇摆拳法,2.0,slang_127_1_d7de5372,,client
slang_047,student_slang,和室友聊到对焦测试员、摇摆拳法，大家都笑疯了,1,0,梗数据集_hot_speech_synth.txt,meme=对焦测试员、摇摆拳法,2.0,slang_127_1_cbef4a86,,client
slang_047,student_slang,小组作业做完，晚上靠对焦测试员、摇摆拳法快乐一下,1,0,梗数据集_hot_speech_synth.txt,meme=对焦测试员、摇摆拳法,2.0,slang_127_1_721d726a,,client
slang_047,student_slang,挂科预警加上对焦测试员、摇摆拳法，今晚睡不着,3,0,梗数据集_hot_speech_synth.txt,meme=对焦测试员、摇摆拳法,5.0,slang_127_3_4bf576c2,,client
slang_047,student_slang,期末周还遇到对焦测试员、摇摆拳法，心态崩了,3,0,梗数据集_hot_speech_synth.txt,meme=对焦测试员、摇摆拳法,5.0,slang_127_3_7a1cd093,,client
slang_047,student_slang,宿舍那事搞得我很对焦测试员、摇摆拳法，真的绷不住,3,0,梗数据集_hot_speech_synth.txt,meme=对焦测试员、摇摆拳法,5.0,slang_127_3_b40d5c3a,,client
slang_048,student_slang,网上全是浇给，感觉信息过载,0,0,梗数据集_hot_speech_synth.txt,meme=浇给,2.0,slang_128_0_1e0da993,,client
slang_048,student_slang,同学整天浇给，我有点跟不上梗,0,0,梗数据集_hot_speech_synth.txt,meme=浇给,2.0,slang_128_0_1a06ba2b,,client
slang_048,student_slang,朋友发了个浇给，我假装看懂了,0,0,梗数据集_hot_speech_synth.txt,meme=浇给,2.0,slang_128_0_d666917d,,client
slang_048,student_slang,和室友聊到浇给，大家都笑疯了,1,0,梗数据集_hot_speech_synth.txt,meme=浇给,2.0,slang_128_1_ce9151a6,,client
slang_048,student_slang,今天终于浇给了，心情一下子好起来,1,0,梗数据集_hot_speech_synth.txt,meme=浇给,2.0,slang_128_1_6d5b5ba1,,client
slang_048,student_slang,刷到浇给笑出猪叫，明天考试也不慌了,1,0,梗数据集_hot_speech_synth.txt,meme=浇给,2.0,slang_128_1_f71040fa,,client
slang_048,student_slang,秋招碰壁，刷到浇给更焦虑了,3,0,梗数据集_hot_speech_synth.txt,meme=浇给,5.0,slang_128_3_f348b594,,client
slang_048,student_slang,又被导师浇给，我直接破防了,3,0,梗数据集_hot_speech_synth.txt,meme=浇给,5.0,slang_128_3_bdf8f4f6,,client
slang_048,student_slang,期末周还遇到浇给，心态崩了,3,0,梗数据集_hot_speech_synth.txt,meme=浇给,5.0,slang_128_3_41a821da,,client
slang_049,student_slang,宿舍夜谈又提到龙鸣联赛，我躺着听,0,0,梗数据集_hot_speech_synth.txt,meme=龙鸣联赛,2.0,slang_129_0_2f4f0a45,,client
slang_049,student_slang,群里又在玩龙鸣联赛，我只能回一个6,0,0,梗数据集_hot_speech_synth.txt,meme=龙鸣联赛,2.0,slang_129_0_f3cca794,,client
slang_049,student_slang,朋友发了个龙鸣联赛，我假装看懂了,0,0,梗数据集_hot_speech_synth.txt,meme=龙鸣联赛,2.0,slang_129_0_e45d0476,,client
slang_049,student_slang,和室友聊到龙鸣联赛，大家都笑疯了,1,0,梗数据集_hot_speech_synth.txt,meme=龙鸣联赛,2.0,slang_129_1_4145b79d,,client
slang_049,student_slang,今天终于龙鸣联赛了，心情一下子好起来,1,0,梗数据集_hot_speech_synth.txt,meme=龙鸣联赛,2.0,slang_129_1_44279bbb,,client
slang_049,student_slang,小组作业做完，晚上靠龙鸣联赛快乐一下,1,0,梗数据集_hot_speech_synth.txt,meme=龙鸣联赛,2.0,slang_129_1_d985fcdb,,client
slang_049,student_slang,期末周还遇到龙鸣联赛，心态崩了,3,0,梗数据集_hot_speech_synth.txt,meme=龙鸣联赛,5.0,slang_129_3_486423d2,,client
slang_049,student_slang,秋招碰壁，刷到龙鸣联赛更焦虑了,3,0,梗数据集_hot_speech_synth.txt,meme=龙鸣联赛,5.0,slang_129_3_ebf07afc,,client
slang_049,student_slang,看到龙鸣联赛突然emo了，不想社交,3,0,梗数据集_hot_speech_synth.txt,meme=龙鸣联赛,5.0,slang_129_3_70a5c562,,client
slang_050,student_slang,同学整天霍金奔向萝莉岛，我有点跟不上梗,0,0,梗数据集_hot_speech_synth.txt,meme=霍金奔向萝莉岛,2.0,slang_130_0_0c0827ce,,client
slang_050,student_slang,网上全是霍金奔向萝莉岛，感觉信息过载,0,0,梗数据集_hot_speech_synth.txt,meme=霍金奔向萝莉岛,2.0,slang_130_0_15c992a1,,client
slang_050,student_slang,课间大家聊霍金奔向萝莉岛，我插不上话,0,0,梗数据集_hot_speech_synth.txt,meme=霍金奔向萝莉岛,2.0,slang_130_0_d653036d,,client
slang_050,student_slang,小组作业做完，晚上靠霍金奔向萝莉岛快乐一下,1,0,梗数据集_hot_speech_synth.txt,meme=霍金奔向萝莉岛,2.0,slang_130_1_b1d35aef,,client
slang_050,student_slang,刷到霍金奔向萝莉岛笑出猪叫，明天考试也不慌了,1,0,梗数据集_hot_speech_synth.txt,meme=霍金奔向萝莉岛,2.0,slang_130_1_6dbccb64,,client
slang_050,student_slang,朋友用霍金奔向萝莉岛逗我，整个人都轻松了,1,0,梗数据集_hot_speech_synth.txt,meme=霍金奔向萝莉岛,2.0,slang_130_1_546649a9,,client
slang_050,student_slang,被同学阴阳霍金奔向萝莉岛，内耗一整天,3,0,梗数据集_hot_speech_synth.txt,meme=霍金奔向萝莉岛,5.0,slang_130_3_f2efa073,,client
slang_050,student_slang,期末周还遇到霍金奔向萝莉岛，心态崩了,3,0,梗数据集_hot_speech_synth.txt,meme=霍金奔向萝莉岛,5.0,slang_130_3_051ff48a,,client
slang_050,student_slang,宿舍那事搞得我很霍金奔向萝莉岛，真的绷不住,3,0,梗数据集_hot_speech_synth.txt,meme=霍金奔向萝莉岛,5.0,slang_130_3_6835db14,,client
slang_051,student_slang,朋友发了个南方小土豆，我假装看懂了,0,0,梗数据集_hot_speech_synth.txt,meme=南方小土豆,2.0,slang_131_0_5e935096,,client
slang_051,student_slang,宿舍夜谈又提到南方小土豆，我躺着听,0,0,梗数据集_hot_speech_synth.txt,meme=南方小土豆,2.0,slang_131_0_f31b1f0c,,client
slang_051,student_slang,网上全是南方小土豆，感觉信息过载,0,0,梗数据集_hot_speech_synth.txt,meme=南方小土豆,2.0,slang_131_0_ff57212a,,client
slang_051,student_slang,刷到南方小土豆笑出猪叫，明天考试也不慌了,1,0,梗数据集_hot_speech_synth.txt,meme=南方小土豆,2.0,slang_131_1_e863d85b,,client
slang_051,student_slang,今天终于南方小土豆了，心情一下子好起来,1,0,梗数据集_hot_speech_synth.txt,meme=南方小土豆,2.0,slang_131_1_a7979bda,,client
slang_051,student_slang,和室友聊到南方小土豆，大家都笑疯了,1,0,梗数据集_hot_speech_synth.txt,meme=南方小土豆,2.0,slang_131_1_e2e6fbfd,,client
slang_051,student_slang,又被导师南方小土豆，我直接破防了,3,0,梗数据集_hot_speech_synth.txt,meme=南方小土豆,5.0,slang_131_3_c12bc872,,client
slang_051,student_slang,宿舍那事搞得我很南方小土豆，真的绷不住,3,0,梗数据集_hot_speech_synth.txt,meme=南方小土豆,5.0,slang_131_3_8a27be05,,client
slang_051,student_slang,秋招碰壁，刷到南方小土豆更焦虑了,3,0,梗数据集_hot_speech_synth.txt,meme=南方小土豆,5.0,slang_131_3_fc88429f,,client
slang_052,student_slang,网上全是古希腊掌管XX的神，感觉信息过载,0,0,梗数据集_hot_speech_synth.txt,meme=古希腊掌管XX的神,2.0,slang_132_0_0882d8de,,client
slang_052,student_slang,宿舍夜谈又提到古希腊掌管XX的神，我躺着听,0,0,梗数据集_hot_speech_synth.txt,meme=古希腊掌管XX的神,2.0,slang_132_0_762339dd,,client
slang_052,student_slang,朋友发了个古希腊掌管XX的神，我假装看懂了,0,0,梗数据集_hot_speech_synth.txt,meme=古希腊掌管XX的神,2.0,slang_132_0_081bca98,,client
slang_052,student_slang,今天终于古希腊掌管XX的神了，心情一下子好起来,1,0,梗数据集_hot_speech_synth.txt,meme=古希腊掌管XX的神,2.0,slang_132_1_2fb9e3bc,,client
slang_052,student_slang,朋友用古希腊掌管XX的神逗我，整个人都轻松了,1,0,梗数据集_hot_speech_synth.txt,meme=古希腊掌管XX的神,2.0,slang_132_1_bb5165c1,,client
slang_052,student_slang,小组作业做完，晚上靠古希腊掌管XX的神快乐一下,1,0,梗数据集_hot_speech_synth.txt,meme=古希腊掌管XX的神,2.0,slang_132_1_673a9a55,,client
slang_052,student_slang,期末周还遇到古希腊掌管XX的神，心态崩了,3,0,梗数据集_hot_speech_synth.txt,meme=古希腊掌管XX的神,5.0,slang_132_3_c155fade,,client
slang_052,student_slang,被同学阴阳古希腊掌管XX的神，内耗一整天,3,0,梗数据集_hot_speech_synth.txt,meme=古希腊掌管XX的神,5.0,slang_132_3_66092313,,client
slang_052,student_slang,又被导师古希腊掌管XX的神，我直接破防了,3,0,梗数据集_hot_speech_synth.txt,meme=古希腊掌管XX的神,5.0,slang_132_3_852e9359,,client
slang_053,student_slang,宿舍夜谈又提到还是PVP大佬，我躺着听,0,0,梗数据集_hot_speech_synth.txt,meme=还是PVP大佬,2.0,slang_133_0_43bf69bd,,client
slang_053,student_slang,朋友发了个还是PVP大佬，我假装看懂了,0,0,梗数据集_hot_speech_synth.txt,meme=还是PVP大佬,2.0,slang_133_0_0b721a1d,,client
slang_053,student_slang,课间大家聊还是PVP大佬，我插不上话,0,0,梗数据集_hot_speech_synth.txt,meme=还是PVP大佬,2.0,slang_133_0_d4a4b0f1,,client
slang_053,student_slang,小组作业做完，晚上靠还是PVP大佬快乐一下,1,0,梗数据集_hot_speech_synth.txt,meme=还是PVP大佬,2.0,slang_133_1_1c5eaa23,,client
slang_053,student_slang,朋友用还是PVP大佬逗我，整个人都轻松了,1,0,梗数据集_hot_speech_synth.txt,meme=还是PVP大佬,2.0,slang_133_1_9034a665,,client
slang_053,student_slang,刷到还是PVP大佬笑出猪叫，明天考试也不慌了,1,0,梗数据集_hot_speech_synth.txt,meme=还是PVP大佬,2.0,slang_133_1_40448377,,client
slang_053,student_slang,期末周还遇到还是PVP大佬，心态崩了,3,0,梗数据集_hot_speech_synth.txt,meme=还是PVP大佬,5.0,slang_133_3_e7da8dca,,client
slang_053,student_slang,又被导师还是PVP大佬，我直接破防了,3,0,梗数据集_hot_speech_synth.txt,meme=还是PVP大佬,5.0,slang_133_3_d1d2c719,,client
slang_053,student_slang,宿舍那事搞得我很还是PVP大佬，真的绷不住,3,0,梗数据集_hot_speech_synth.txt,meme=还是PVP大佬,5.0,slang_133_3_6a601771,,client
slang_054,student_slang,宿舍夜谈又提到农业大摸底，我躺着听,0,0,梗数据集_hot_speech_synth.txt,meme=农业大摸底,2.0,slang_134_0_6e43bd62,,client
slang_054,student_slang,群里又在玩农业大摸底，我只能回一个6,0,0,梗数据集_hot_speech_synth.txt,meme=农业大摸底,2.0,slang_134_0_b2fb92ee,,client
slang_054,student_slang,朋友发了个农业大摸底，我假装看懂了,0,0,梗数据集_hot_speech_synth.txt,meme=农业大摸底,2.0,slang_134_0_d9f90ee6,,client
slang_054,student_slang,小组作业做完，晚上靠农业大摸底快乐一下,1,0,梗数据集_hot_speech_synth.txt,meme=农业大摸底,2.0,slang_134_1_c640868c,,client
slang_054,student_slang,和室友聊到农业大摸底，大家都笑疯了,1,0,梗数据集_hot_speech_synth.txt,meme=农业大摸底,2.0,slang_134_1_bc26512d,,client
slang_054,student_slang,刷到农业大摸底笑出猪叫，明天考试也不慌了,1,0,梗数据集_hot_speech_synth.txt,meme=农业大摸底,2.0,slang_134_1_bdfacec2,,client
slang_054,student_slang,又被导师农业大摸底，我直接破防了,3,0,梗数据集_hot_speech_synth.txt,meme=农业大摸底,5.0,slang_134_3_ba881ca6,,client
slang_054,student_slang,秋招碰壁，刷到农业大摸底更焦虑了,3,0,梗数据集_hot_speech_synth.txt,meme=农业大摸底,5.0,slang_134_3_fb1e5afa,,client
slang_054,student_slang,看到农业大摸底突然emo了，不想社交,3,0,梗数据集_hot_speech_synth.txt,meme=农业大摸底,5.0,slang_134_3_48b1063a,,client
slang_055,student_slang,网上全是我爱说实话，感觉信息过载,0,0,梗数据集_hot_speech_synth.txt,meme=我爱说实话,2.0,slang_135_0_0620ce25,,client
slang_055,student_slang,朋友发了个我爱说实话，我假装看懂了,0,0,梗数据集_hot_speech_synth.txt,meme=我爱说实话,2.0,slang_135_0_11646eff,,client
slang_055,student_slang,宿舍夜谈又提到我爱说实话，我躺着听,0,0,梗数据集_hot_speech_synth.txt,meme=我爱说实话,2.0,slang_135_0_511f1296,,client
slang_055,student_slang,今天终于我爱说实话了，心情一下子好起来,1,0,梗数据集_hot_speech_synth.txt,meme=我爱说实话,2.0,slang_135_1_03591af0,,client
slang_055,student_slang,和室友聊到我爱说实话，大家都笑疯了,1,0,梗数据集_hot_speech_synth.txt,meme=我爱说实话,2.0,slang_135_1_cc0a21fb,,client
slang_055,student_slang,小组作业做完，晚上靠我爱说实话快乐一下,1,0,梗数据集_hot_speech_synth.txt,meme=我爱说实话,2.0,slang_135_1_d7175ba2,,client
slang_055,student_slang,又被导师我爱说实话，我直接破防了,3,0,梗数据集_hot_speech_synth.txt,meme=我爱说实话,5.0,slang_135_3_690384b6,,client
slang_055,student_slang,期末周还遇到我爱说实话，心态崩了,3,0,梗数据集_hot_speech_synth.txt,meme=我爱说实话,5.0,slang_135_3_29e4d421,,client
slang_055,student_slang,看到我爱说实话突然emo了，不想社交,3,0,梗数据集_hot_speech_synth.txt,meme=我爱说实话,5.0,slang_135_3_2cf3e3e9,,client
slang_056,student_slang,群里又在玩听泉猫，我只能回一个6,0,0,梗数据集_hot_speech_synth.txt,meme=听泉猫,2.0,slang_136_0_d4320d85,,client
slang_056,student_slang,网上全是听泉猫，感觉信息过载,0,0,梗数据集_hot_speech_synth.txt,meme=听泉猫,2.0,slang_136_0_ff4737cc,,client
slang_056,student_slang,同学整天听泉猫，我有点跟不上梗,0,0,梗数据集_hot_speech_synth.txt,meme=听泉猫,2.0,slang_136_0_8cacd1a9,,client
slang_056,student_slang,小组作业做完，晚上靠听泉猫快乐一下,1,0,梗数据集_hot_speech_synth.txt,meme=听泉猫,2.0,slang_136_1_4e90803b,,client
slang_056,student_slang,和室友聊到听泉猫，大家都笑疯了,1,0,梗数据集_hot_speech_synth.txt,meme=听泉猫,2.0,slang_136_1_80269b26,,client
slang_056,student_slang,朋友用听泉猫逗我，整个人都轻松了,1,0,梗数据集_hot_speech_synth.txt,meme=听泉猫,2.0,slang_136_1_544bc50d,,client
slang_056,student_slang,看到听泉猫突然emo了，不想社交,3,0,梗数据集_hot_speech_synth.txt,meme=听泉猫,5.0,slang_136_3_12cc91f8,,client
slang_056,student_slang,期末周还遇到听泉猫，心态崩了,3,0,梗数据集_hot_speech_synth.txt,meme=听泉猫,5.0,slang_136_3_6076b510,,client
slang_056,student_slang,被同学阴阳听泉猫，内耗一整天,3,0,梗数据集_hot_speech_synth.txt,meme=听泉猫,5.0,slang_136_3_bfabe2f1,,client
slang_056,student_slang,被听泉猫搞到撑不下去了，真的好累,7,1,梗数据集_hot_speech_synth.txt,meme=听泉猫,8.0,slang_136_7_909b4ad2,,client
slang_056,student_slang,最近满脑子都是听泉猫，感觉活着没意思,7,1,梗数据集_hot_speech_synth.txt,meme=听泉猫,8.0,slang_136_7_4e62a44d,,client
slang_056,student_slang,旁边人都在听泉猫，我却觉得自己很失败,7,1,梗数据集_hot_speech_synth.txt,meme=听泉猫,8.0,slang_136_7_c3842457,,client
slang_057,student_slang,网上全是无牙仔跳舞，感觉信息过载,0,0,梗数据集_hot_speech_synth.txt,meme=无牙仔跳舞,2.0,slang_137_0_9d06f742,,client
slang_057,student_slang,群里又在玩无牙仔跳舞，我只能回一个6,0,0,梗数据集_hot_speech_synth.txt,meme=无牙仔跳舞,2.0,slang_137_0_23514a47,,client
slang_057,student_slang,宿舍夜谈又提到无牙仔跳舞，我躺着听,0,0,梗数据集_hot_speech_synth.txt,meme=无牙仔跳舞,2.0,slang_137_0_1030ee87,,client
slang_057,student_slang,小组作业做完，晚上靠无牙仔跳舞快乐一下,1,0,梗数据集_hot_speech_synth.txt,meme=无牙仔跳舞,2.0,slang_137_1_5fdf95f2,,client
slang_057,student_slang,朋友用无牙仔跳舞逗我，整个人都轻松了,1,0,梗数据集_hot_speech_synth.txt,meme=无牙仔跳舞,2.0,slang_137_1_d0623727,,client
slang_057,student_slang,和室友聊到无牙仔跳舞，大家都笑疯了,1,0,梗数据集_hot_speech_synth.txt,meme=无牙仔跳舞,2.0,slang_137_1_abda9f9d,,client
slang_057,student_slang,又被导师无牙仔跳舞，我直接破防了,3,0,梗数据集_hot_speech_synth.txt,meme=无牙仔跳舞,5.0,slang_137_3_5a76f109,,client
slang_057,student_slang,秋招碰壁，刷到无牙仔跳舞更焦虑了,3,0,梗数据集_hot_speech_synth.txt,meme=无牙仔跳舞,5.0,slang_137_3_795336a9,,client
slang_057,student_slang,期末周还遇到无牙仔跳舞，心态崩了,3,0,梗数据集_hot_speech_synth.txt,meme=无牙仔跳舞,5.0,slang_137_3_23ced386,,client
slang_058,student_slang,同学整天你真是饿了，我有点跟不上梗,0,0,梗数据集_hot_speech_synth.txt,meme=你真是饿了,2.0,slang_138_0_c4564c25,,client
slang_058,student_slang,宿舍夜谈又提到你真是饿了，我躺着听,0,0,梗数据集_hot_speech_synth.txt,meme=你真是饿了,2.0,slang_138_0_2060e633,,client
slang_058,student_slang,课间大家聊你真是饿了，我插不上话,0,0,梗数据集_hot_speech_synth.txt,meme=你真是饿了,2.0,slang_138_0_74d00bbb,,client
slang_058,student_slang,和室友聊到你真是饿了，大家都笑疯了,1,0,梗数据集_hot_speech_synth.txt,meme=你真是饿了,2.0,slang_138_1_0532dd83,,client
slang_058,student_slang,刷到你真是饿了笑出猪叫，明天考试也不慌了,1,0,梗数据集_hot_speech_synth.txt,meme=你真是饿了,2.0,slang_138_1_676ad9dc,,client
slang_058,student_slang,今天终于你真是饿了了，心情一下子好起来,1,0,梗数据集_hot_speech_synth.txt,meme=你真是饿了,2.0,slang_138_1_be1fdc09,,client
slang_058,student_slang,秋招碰壁，刷到你真是饿了更焦虑了,3,0,梗数据集_hot_speech_synth.txt,meme=你真是饿了,5.0,slang_138_3_ddaac8ae,,client
slang_058,student_slang,期末周还遇到你真是饿了，心态崩了,3,0,梗数据集_hot_speech_synth.txt,meme=你真是饿了,5.0,slang_138_3_527523ee,,client
slang_058,student_slang,被同学阴阳你真是饿了，内耗一整天,3,0,梗数据集_hot_speech_synth.txt,meme=你真是饿了,5.0,slang_138_3_d22ae6bf,,client
slang_059,student_slang,网上全是里奥哟西，感觉信息过载,0,0,梗数据集_hot_speech_synth.txt,meme=里奥哟西,2.0,slang_139_0_4a86c925,,client
slang_059,student_slang,朋友发了个里奥哟西，我假装看懂了,0,0,梗数据集_hot_speech_synth.txt,meme=里奥哟西,2.0,slang_139_0_2efbb434,,client
slang_059,student_slang,群里又在玩里奥哟西，我只能回一个6,0,0,梗数据集_hot_speech_synth.txt,meme=里奥哟西,2.0,slang_139_0_106d4bd7,,client
slang_059,student_slang,朋友用里奥哟西逗我，整个人都轻松了,1,0,梗数据集_hot_speech_synth.txt,meme=里奥哟西,2.0,slang_139_1_7f118b60,,client
slang_059,student_slang,刷到里奥哟西笑出猪叫，明天考试也不慌了,1,0,梗数据集_hot_speech_synth.txt,meme=里奥哟西,2.0,slang_139_1_ed46fdb2,,client
slang_059,student_slang,今天终于里奥哟西了，心情一下子好起来,1,0,梗数据集_hot_speech_synth.txt,meme=里奥哟西,2.0,slang_139_1_17ce3549,,client
slang_059,student_slang,又被导师里奥哟西，我直接破防了,3,0,梗数据集_hot_speech_synth.txt,meme=里奥哟西,5.0,slang_139_3_ac6b6836,,client
slang_059,student_slang,看到里奥哟西突然emo了，不想社交,3,0,梗数据集_hot_speech_synth.txt,meme=里奥哟西,5.0,slang_139_3_2e4563ed,,client
slang_059,student_slang,挂科预警加上里奥哟西，今晚睡不着,3,0,梗数据集_hot_speech_synth.txt,meme=里奥哟西,5.0,slang_139_3_d2bf8efa,,client
slang_060,student_slang,网上全是兄弟你好香，感觉信息过载,0,0,梗数据集_hot_speech_synth.txt,meme=兄弟你好香,2.0,slang_140_0_d55d5903,,client
slang_060,student_slang,同学整天兄弟你好香，我有点跟不上梗,0,0,梗数据集_hot_speech_synth.txt,meme=兄弟你好香,2.0,slang_140_0_920c9588,,client
slang_060,student_slang,群里又在玩兄弟你好香，我只能回一个6,0,0,梗数据集_hot_speech_synth.txt,meme=兄弟你好香,2.0,slang_140_0_8bb7d51f,,client
slang_060,student_slang,今天终于兄弟你好香了，心情一下子好起来,1,0,梗数据集_hot_speech_synth.txt,meme=兄弟你好香,2.0,slang_140_1_649bb06e,,client
slang_060,student_slang,刷到兄弟你好香笑出猪叫，明天考试也不慌了,1,0,梗数据集_hot_speech_synth.txt,meme=兄弟你好香,2.0,slang_140_1_959b2a47,,client
slang_060,student_slang,小组作业做完，晚上靠兄弟你好香快乐一下,1,0,梗数据集_hot_speech_synth.txt,meme=兄弟你好香,2.0,slang_140_1_b8c6f50b,,client
slang_060,student_slang,宿舍那事搞得我很兄弟你好香，真的绷不住,3,0,梗数据集_hot_speech_synth.txt,meme=兄弟你好香,5.0,slang_140_3_9986352b,,client
slang_060,student_slang,被同学阴阳兄弟你好香，内耗一整天,3,0,梗数据集_hot_speech_synth.txt,meme=兄弟你好香,5.0,slang_140_3_db11569d,,client
slang_060,student_slang,挂科预警加上兄弟你好香，今晚睡不着,3,0,梗数据集_hot_speech_synth.txt,meme=兄弟你好香,5.0,slang_140_3_b7fbddce,,client
slang_061,student_slang,群里又在玩我有四不吃，我只能回一个6,0,0,梗数据集_hot_speech_synth.txt,meme=我有四不吃,2.0,slang_141_0_276410ff,,client
slang_061,student_slang,课间大家聊我有四不吃，我插不上话,0,0,梗数据集_hot_speech_synth.txt,meme=我有四不吃,2.0,slang_141_0_2c33821c,,client
slang_061,student_slang,同学整天我有四不吃，我有点跟不上梗,0,0,梗数据集_hot_speech_synth.txt,meme=我有四不吃,2.0,slang_141_0_7494a99f,,client
slang_061,student_slang,小组作业做完，晚上靠我有四不吃快乐一下,1,0,梗数据集_hot_speech_synth.txt,meme=我有四不吃,2.0,slang_141_1_b25009c2,,client
slang_061,student_slang,和室友聊到我有四不吃，大家都笑疯了,1,0,梗数据集_hot_speech_synth.txt,meme=我有四不吃,2.0,slang_141_1_e24022f7,,client
slang_061,student_slang,今天终于我有四不吃了，心情一下子好起来,1,0,梗数据集_hot_speech_synth.txt,meme=我有四不吃,2.0,slang_141_1_a9a90091,,client
slang_061,student_slang,期末周还遇到我有四不吃，心态崩了,3,0,梗数据集_hot_speech_synth.txt,meme=我有四不吃,5.0,slang_141_3_ac179daf,,client
slang_061,student_slang,宿舍那事搞得我很我有四不吃，真的绷不住,3,0,梗数据集_hot_speech_synth.txt,meme=我有四不吃,5.0,slang_141_3_af0f84f6,,client
slang_061,student_slang,被同学阴阳我有四不吃，内耗一整天,3,0,梗数据集_hot_speech_synth.txt,meme=我有四不吃,5.0,slang_141_3_9b26cefe,,client
slang_062,student_slang,群里又在玩高速运转的机械，我只能回一个6,0,0,梗数据集_hot_speech_synth.txt,meme=高速运转的机械,2.0,slang_142_0_135b52d2,,client
slang_062,student_slang,朋友发了个高速运转的机械，我假装看懂了,0,0,梗数据集_hot_speech_synth.txt,meme=高速运转的机械,2.0,slang_142_0_d2a26bc5,,client
slang_062,student_slang,同学整天高速运转的机械，我有点跟不上梗,0,0,梗数据集_hot_speech_synth.txt,meme=高速运转的机械,2.0,slang_142_0_9195ae8a,,client
slang_062,student_slang,和室友聊到高速运转的机械，大家都笑疯了,1,0,梗数据集_hot_speech_synth.txt,meme=高速运转的机械,2.0,slang_142_1_f42f2fb2,,client
slang_062,student_slang,刷到高速运转的机械笑出猪叫，明天考试也不慌了,1,0,梗数据集_hot_speech_synth.txt,meme=高速运转的机械,2.0,slang_142_1_c7ade25f,,client
slang_062,student_slang,今天终于高速运转的机械了，心情一下子好起来,1,0,梗数据集_hot_speech_synth.txt,meme=高速运转的机械,2.0,slang_142_1_831c33f8,,client
slang_062,student_slang,又被导师高速运转的机械，我直接破防了,3,0,梗数据集_hot_speech_synth.txt,meme=高速运转的机械,5.0,slang_142_3_bbc490e7,,client
slang_062,student_slang,秋招碰壁，刷到高速运转的机械更焦虑了,3,0,梗数据集_hot_speech_synth.txt,meme=高速运转的机械,5.0,slang_142_3_4d868b60,,client
slang_062,student_slang,挂科预警加上高速运转的机械，今晚睡不着,3,0,梗数据集_hot_speech_synth.txt,meme=高速运转的机械,5.0,slang_142_3_41a9da60,,client
slang_063,student_slang,同学整天应声虫，我有点跟不上梗,0,0,梗数据集_hot_speech_synth.txt,meme=应声虫,2.0,slang_143_0_e35c7bac,,client
slang_063,student_slang,群里又在玩应声虫，我只能回一个6,0,0,梗数据集_hot_speech_synth.txt,meme=应声虫,2.0,slang_143_0_15aada57,,client
slang_063,student_slang,朋友发了个应声虫，我假装看懂了,0,0,梗数据集_hot_speech_synth.txt,meme=应声虫,2.0,slang_143_0_e1eeba95,,client
slang_063,student_slang,和室友聊到应声虫，大家都笑疯了,1,0,梗数据集_hot_speech_synth.txt,meme=应声虫,2.0,slang_143_1_2a056f1d,,client
slang_063,student_slang,刷到应声虫笑出猪叫，明天考试也不慌了,1,0,梗数据集_hot_speech_synth.txt,meme=应声虫,2.0,slang_143_1_d1d348b5,,client
slang_063,student_slang,今天终于应声虫了，心情一下子好起来,1,0,梗数据集_hot_speech_synth.txt,meme=应声虫,2.0,slang_143_1_7fb16314,,client
slang_063,student_slang,宿舍那事搞得我很应声虫，真的绷不住,3,0,梗数据集_hot_speech_synth.txt,meme=应声虫,5.0,slang_143_3_5feecbc9,,client
slang_063,student_slang,期末周还遇到应声虫，心态崩了,3,0,梗数据集_hot_speech_synth.txt,meme=应声虫,5.0,slang_143_3_1675b36e,,client
slang_063,student_slang,又被导师应声虫，我直接破防了,3,0,梗数据集_hot_speech_synth.txt,meme=应声虫,5.0,slang_143_3_36fcfcff,,client
slang_064,student_slang,同学整天阎王点卯，我有点跟不上梗,0,0,梗数据集_hot_speech_synth.txt,meme=阎王点卯,2.0,slang_144_0_64ad6009,,client
slang_064,student_slang,宿舍夜谈又提到阎王点卯，我躺着听,0,0,梗数据集_hot_speech_synth.txt,meme=阎王点卯,2.0,slang_144_0_ec01941d,,client
slang_064,student_slang,群里又在玩阎王点卯，我只能回一个6,0,0,梗数据集_hot_speech_synth.txt,meme=阎王点卯,2.0,slang_144_0_dce9c9f6,,client
slang_064,student_slang,今天终于阎王点卯了，心情一下子好起来,1,0,梗数据集_hot_speech_synth.txt,meme=阎王点卯,2.0,slang_144_1_a450639a,,client
slang_064,student_slang,朋友用阎王点卯逗我，整个人都轻松了,1,0,梗数据集_hot_speech_synth.txt,meme=阎王点卯,2.0,slang_144_1_829b8120,,client
slang_064,student_slang,和室友聊到阎王点卯，大家都笑疯了,1,0,梗数据集_hot_speech_synth.txt,meme=阎王点卯,2.0,slang_144_1_f5250ee1,,client
slang_064,student_slang,挂科预警加上阎王点卯，今晚睡不着,3,0,梗数据集_hot_speech_synth.txt,meme=阎王点卯,5.0,slang_144_3_7e89fe31,,client
slang_064,student_slang,期末周还遇到阎王点卯，心态崩了,3,0,梗数据集_hot_speech_synth.txt,meme=阎王点卯,5.0,slang_144_3_ef52ac94,,client
slang_064,student_slang,被同学阴阳阎王点卯，内耗一整天,3,0,梗数据集_hot_speech_synth.txt,meme=阎王点卯,5.0,slang_144_3_7257d1d0,,client
slang_065,student_slang,课间大家聊小丑的小曲，我插不上话,0,0,梗数据集_hot_speech_synth.txt,meme=小丑的小曲,2.0,slang_145_0_48c0837e,,client
slang_065,student_slang,群里又在玩小丑的小曲，我只能回一个6,0,0,梗数据集_hot_speech_synth.txt,meme=小丑的小曲,2.0,slang_145_0_5b25385f,,client
slang_065,student_slang,宿舍夜谈又提到小丑的小曲，我躺着听,0,0,梗数据集_hot_speech_synth.txt,meme=小丑的小曲,2.0,slang_145_0_d255d2f2,,client
slang_065,student_slang,小组作业做完，晚上靠小丑的小曲快乐一下,1,0,梗数据集_hot_speech_synth.txt,meme=小丑的小曲,2.0,slang_145_1_77e42560,,client
slang_065,student_slang,和室友聊到小丑的小曲，大家都笑疯了,1,0,梗数据集_hot_speech_synth.txt,meme=小丑的小曲,2.0,slang_145_1_43a6a0ca,,client
slang_065,student_slang,刷到小丑的小曲笑出猪叫，明天考试也不慌了,1,0,梗数据集_hot_speech_synth.txt,meme=小丑的小曲,2.0,slang_145_1_d03b55bb,,client
slang_065,student_slang,又被导师小丑的小曲，我直接破防了,3,0,梗数据集_hot_speech_synth.txt,meme=小丑的小曲,5.0,slang_145_3_75c4050b,,client
slang_065,student_slang,秋招碰壁，刷到小丑的小曲更焦虑了,3,0,梗数据集_hot_speech_synth.txt,meme=小丑的小曲,5.0,slang_145_3_f777f83c,,client
slang_065,student_slang,被同学阴阳小丑的小曲，内耗一整天,3,0,梗数据集_hot_speech_synth.txt,meme=小丑的小曲,5.0,slang_145_3_6f0f96f9,,client
slang_066,student_slang,朋友发了个四处征兵的男人，我假装看懂了,0,0,梗数据集_hot_speech_synth.txt,meme=四处征兵的男人,2.0,slang_146_0_57f75c15,,client
slang_066,student_slang,宿舍夜谈又提到四处征兵的男人，我躺着听,0,0,梗数据集_hot_speech_synth.txt,meme=四处征兵的男人,2.0,slang_146_0_e27601af,,client
slang_066,student_slang,群里又在玩四处征兵的男人，我只能回一个6,0,0,梗数据集_hot_speech_synth.txt,meme=四处征兵的男人,2.0,slang_146_0_2111df98,,client
slang_066,student_slang,今天终于四处征兵的男人了，心情一下子好起来,1,0,梗数据集_hot_speech_synth.txt,meme=四处征兵的男人,2.0,slang_146_1_98fb1e82,,client
slang_066,student_slang,朋友用四处征兵的男人逗我，整个人都轻松了,1,0,梗数据集_hot_speech_synth.txt,meme=四处征兵的男人,2.0,slang_146_1_2a6719ef,,client
slang_066,student_slang,和室友聊到四处征兵的男人，大家都笑疯了,1,0,梗数据集_hot_speech_synth.txt,meme=四处征兵的男人,2.0,slang_146_1_fa7c80c8,,client
slang_066,student_slang,看到四处征兵的男人突然emo了，不想社交,3,0,梗数据集_hot_speech_synth.txt,meme=四处征兵的男人,5.0,slang_146_3_40cd035f,,client
slang_066,student_slang,秋招碰壁，刷到四处征兵的男人更焦虑了,3,0,梗数据集_hot_speech_synth.txt,meme=四处征兵的男人,5.0,slang_146_3_fa39fae9,,client
slang_066,student_slang,又被导师四处征兵的男人，我直接破防了,3,0,梗数据集_hot_speech_synth.txt,meme=四处征兵的男人,5.0,slang_146_3_ed6fcd25,,client
slang_067,student_slang,宿舍夜谈又提到扣税国王，我躺着听,0,0,梗数据集_hot_speech_synth.txt,meme=扣税国王,2.0,slang_147_0_a69195c7,,client
slang_067,student_slang,网上全是扣税国王，感觉信息过载,0,0,梗数据集_hot_speech_synth.txt,meme=扣税国王,2.0,slang_147_0_3a360200,,client
slang_067,student_slang,群里又在玩扣税国王，我只能回一个6,0,0,梗数据集_hot_speech_synth.txt,meme=扣税国王,2.0,slang_147_0_a3485c49,,client
slang_067,student_slang,今天终于扣税国王了，心情一下子好起来,1,0,梗数据集_hot_speech_synth.txt,meme=扣税国王,2.0,slang_147_1_8697eb5b,,client
slang_067,student_slang,刷到扣税国王笑出猪叫，明天考试也不慌了,1,0,梗数据集_hot_speech_synth.txt,meme=扣税国王,2.0,slang_147_1_87fcfce7,,client
slang_067,student_slang,朋友用扣税国王逗我，整个人都轻松了,1,0,梗数据集_hot_speech_synth.txt,meme=扣税国王,2.0,slang_147_1_5b755a59,,client
slang_067,student_slang,宿舍那事搞得我很扣税国王，真的绷不住,3,0,梗数据集_hot_speech_synth.txt,meme=扣税国王,5.0,slang_147_3_35beacc9,,client
slang_067,student_slang,又被导师扣税国王，我直接破防了,3,0,梗数据集_hot_speech_synth.txt,meme=扣税国王,5.0,slang_147_3_03f4ee20,,client
slang_067,student_slang,挂科预警加上扣税国王，今晚睡不着,3,0,梗数据集_hot_speech_synth.txt,meme=扣税国王,5.0,slang_147_3_7fd5f1f2,,client
slang_068,student_slang,朋友发了个二次元先玩马嘉祺的梗，我假装看懂了,0,0,梗数据集_hot_speech_synth.txt,meme=二次元先玩马嘉祺的梗,2.0,slang_148_0_5397d745,,client
slang_068,student_slang,课间大家聊二次元先玩马嘉祺的梗，我插不上话,0,0,梗数据集_hot_speech_synth.txt,meme=二次元先玩马嘉祺的梗,2.0,slang_148_0_3d934d85,,client
slang_068,student_slang,网上全是二次元先玩马嘉祺的梗，感觉信息过载,0,0,梗数据集_hot_speech_synth.txt,meme=二次元先玩马嘉祺的梗,2.0,slang_148_0_90b0b5b2,,client
slang_068,student_slang,朋友用二次元先玩马嘉祺的梗逗我，整个人都轻松了,1,0,梗数据集_hot_speech_synth.txt,meme=二次元先玩马嘉祺的梗,2.0,slang_148_1_502c7477,,client
slang_068,student_slang,刷到二次元先玩马嘉祺的梗笑出猪叫，明天考试也不慌了,1,0,梗数据集_hot_speech_synth.txt,meme=二次元先玩马嘉祺的梗,2.0,slang_148_1_fb5afaf6,,client
slang_068,student_slang,和室友聊到二次元先玩马嘉祺的梗，大家都笑疯了,1,0,梗数据集_hot_speech_synth.txt,meme=二次元先玩马嘉祺的梗,2.0,slang_148_1_adfa6cd8,,client
slang_068,student_slang,被同学阴阳二次元先玩马嘉祺的梗，内耗一整天,3,0,梗数据集_hot_speech_synth.txt,meme=二次元先玩马嘉祺的梗,5.0,slang_148_3_6a3564d6,,client
slang_068,student_slang,挂科预警加上二次元先玩马嘉祺的梗，今晚睡不着,3,0,梗数据集_hot_speech_synth.txt,meme=二次元先玩马嘉祺的梗,5.0,slang_148_3_b73ca117,,client
slang_068,student_slang,看到二次元先玩马嘉祺的梗突然emo了，不想社交,3,0,梗数据集_hot_speech_synth.txt,meme=二次元先玩马嘉祺的梗,5.0,slang_148_3_625fa51d,,client
slang_069,student_slang,群里又在玩姚安娜式搜点，我只能回一个6,0,0,梗数据集_hot_speech_synth.txt,meme=姚安娜式搜点,2.0,slang_149_0_f2277516,,client
slang_069,student_slang,网上全是姚安娜式搜点，感觉信息过载,0,0,梗数据集_hot_speech_synth.txt,meme=姚安娜式搜点,2.0,slang_149_0_2e39606d,,client
slang_069,student_slang,同学整天姚安娜式搜点，我有点跟不上梗,0,0,梗数据集_hot_speech_synth.txt,meme=姚安娜式搜点,2.0,slang_149_0_bda12de1,,client
slang_069,student_slang,朋友用姚安娜式搜点逗我，整个人都轻松了,1,0,梗数据集_hot_speech_synth.txt,meme=姚安娜式搜点,2.0,slang_149_1_6de2d490,,client
slang_069,student_slang,小组作业做完，晚上靠姚安娜式搜点快乐一下,1,0,梗数据集_hot_speech_synth.txt,meme=姚安娜式搜点,2.0,slang_149_1_6c0318fb,,client
slang_069,student_slang,今天终于姚安娜式搜点了，心情一下子好起来,1,0,梗数据集_hot_speech_synth.txt,meme=姚安娜式搜点,2.0,slang_149_1_1f45e519,,client
slang_069,student_slang,看到姚安娜式搜点突然emo了，不想社交,3,0,梗数据集_hot_speech_synth.txt,meme=姚安娜式搜点,5.0,slang_149_3_06d2183b,,client
slang_069,student_slang,期末周还遇到姚安娜式搜点，心态崩了,3,0,梗数据集_hot_speech_synth.txt,meme=姚安娜式搜点,5.0,slang_149_3_326e960c,,client
slang_069,student_slang,挂科预警加上姚安娜式搜点，今晚睡不着,3,0,梗数据集_hot_speech_synth.txt,meme=姚安娜式搜点,5.0,slang_149_3_494b1f11,,client
slang_070,student_slang,宿舍夜谈又提到翘到可以顶起XX，我躺着听,0,0,梗数据集_hot_speech_synth.txt,meme=翘到可以顶起XX,2.0,slang_150_0_128d5adf,,client
slang_070,student_slang,网上全是翘到可以顶起XX，感觉信息过载,0,0,梗数据集_hot_speech_synth.txt,meme=翘到可以顶起XX,2.0,slang_150_0_20550a51,,client
slang_070,student_slang,群里又在玩翘到可以顶起XX，我只能回一个6,0,0,梗数据集_hot_speech_synth.txt,meme=翘到可以顶起XX,2.0,slang_150_0_76a4d200,,client
slang_070,student_slang,刷到翘到可以顶起XX笑出猪叫，明天考试也不慌了,1,0,梗数据集_hot_speech_synth.txt,meme=翘到可以顶起XX,2.0,slang_150_1_d32150e1,,client
slang_070,student_slang,朋友用翘到可以顶起XX逗我，整个人都轻松了,1,0,梗数据集_hot_speech_synth.txt,meme=翘到可以顶起XX,2.0,slang_150_1_d8cca606,,client
slang_070,student_slang,和室友聊到翘到可以顶起XX，大家都笑疯了,1,0,梗数据集_hot_speech_synth.txt,meme=翘到可以顶起XX,2.0,slang_150_1_1295d3ff,,client
slang_070,student_slang,秋招碰壁，刷到翘到可以顶起XX更焦虑了,3,0,梗数据集_hot_speech_synth.txt,meme=翘到可以顶起XX,5.0,slang_150_3_d63d721a,,client
slang_070,student_slang,期末周还遇到翘到可以顶起XX，心态崩了,3,0,梗数据集_hot_speech_synth.txt,meme=翘到可以顶起XX,5.0,slang_150_3_6f45e310,,client
slang_070,student_slang,挂科预警加上翘到可以顶起XX，今晚睡不着,3,0,梗数据集_hot_speech_synth.txt,meme=翘到可以顶起XX,5.0,slang_150_3_3ea8a416,,client
slang_071,student_slang,同学整天杨颖霉霉，我有点跟不上梗,0,0,梗数据集_hot_speech_synth.txt,meme=杨颖霉霉,2.0,slang_151_0_7daecaea,,client
slang_071,student_slang,宿舍夜谈又提到杨颖霉霉，我躺着听,0,0,梗数据集_hot_speech_synth.txt,meme=杨颖霉霉,2.0,slang_151_0_a26f240f,,client
slang_071,student_slang,群里又在玩杨颖霉霉，我只能回一个6,0,0,梗数据集_hot_speech_synth.txt,meme=杨颖霉霉,2.0,slang_151_0_6e28e974,,client
slang_071,student_slang,今天终于杨颖霉霉了，心情一下子好起来,1,0,梗数据集_hot_speech_synth.txt,meme=杨颖霉霉,2.0,slang_151_1_22d11b2f,,client
slang_071,student_slang,小组作业做完，晚上靠杨颖霉霉快乐一下,1,0,梗数据集_hot_speech_synth.txt,meme=杨颖霉霉,2.0,slang_151_1_418ba18c,,client
slang_071,student_slang,朋友用杨颖霉霉逗我，整个人都轻松了,1,0,梗数据集_hot_speech_synth.txt,meme=杨颖霉霉,2.0,slang_151_1_0d8a83bd,,client
slang_071,student_slang,看到杨颖霉霉突然emo了，不想社交,3,0,梗数据集_hot_speech_synth.txt,meme=杨颖霉霉,5.0,slang_151_3_5f717b28,,client
slang_071,student_slang,又被导师杨颖霉霉，我直接破防了,3,0,梗数据集_hot_speech_synth.txt,meme=杨颖霉霉,5.0,slang_151_3_f6eea99f,,client
slang_071,student_slang,期末周还遇到杨颖霉霉，心态崩了,3,0,梗数据集_hot_speech_synth.txt,meme=杨颖霉霉,5.0,slang_151_3_1f4c3bae,,client
slang_072,student_slang,同学整天时间差不多咯，我有点跟不上梗,0,0,梗数据集_hot_speech_synth.txt,meme=时间差不多咯,2.0,slang_152_0_a232dc2c,,client
slang_072,student_slang,课间大家聊时间差不多咯，我插不上话,0,0,梗数据集_hot_speech_synth.txt,meme=时间差不多咯,2.0,slang_152_0_f18cc6b1,,client
slang_072,student_slang,群里又在玩时间差不多咯，我只能回一个6,0,0,梗数据集_hot_speech_synth.txt,meme=时间差不多咯,2.0,slang_152_0_9bceff9b,,client
slang_072,student_slang,小组作业做完，晚上靠时间差不多咯快乐一下,1,0,梗数据集_hot_speech_synth.txt,meme=时间差不多咯,2.0,slang_152_1_12bacfb7,,client
slang_072,student_slang,刷到时间差不多咯笑出猪叫，明天考试也不慌了,1,0,梗数据集_hot_speech_synth.txt,meme=时间差不多咯,2.0,slang_152_1_6947c7b4,,client
slang_072,student_slang,朋友用时间差不多咯逗我，整个人都轻松了,1,0,梗数据集_hot_speech_synth.txt,meme=时间差不多咯,2.0,slang_152_1_7e5486c0,,client
slang_072,student_slang,又被导师时间差不多咯，我直接破防了,3,0,梗数据集_hot_speech_synth.txt,meme=时间差不多咯,5.0,slang_152_3_bb651a87,,client
slang_072,student_slang,看到时间差不多咯突然emo了，不想社交,3,0,梗数据集_hot_speech_synth.txt,meme=时间差不多咯,5.0,slang_152_3_7166d3f4,,client
slang_072,student_slang,期末周还遇到时间差不多咯，心态崩了,3,0,梗数据集_hot_speech_synth.txt,meme=时间差不多咯,5.0,slang_152_3_ea76282a,,client
slang_073,student_slang,网上全是全球发音，感觉信息过载,0,0,梗数据集_hot_speech_synth.txt,meme=全球发音,2.0,slang_153_0_62d901b8,,client
slang_073,student_slang,宿舍夜谈又提到全球发音，我躺着听,0,0,梗数据集_hot_speech_synth.txt,meme=全球发音,2.0,slang_153_0_a71fa3bf,,client
slang_073,student_slang,群里又在玩全球发音，我只能回一个6,0,0,梗数据集_hot_speech_synth.txt,meme=全球发音,2.0,slang_153_0_325e6485,,client
slang_073,student_slang,刷到全球发音笑出猪叫，明天考试也不慌了,1,0,梗数据集_hot_speech_synth.txt,meme=全球发音,2.0,slang_153_1_e745c06b,,client
slang_073,student_slang,小组作业做完，晚上靠全球发音快乐一下,1,0,梗数据集_hot_speech_synth.txt,meme=全球发音,2.0,slang_153_1_d51cd3b8,,client
slang_073,student_slang,和室友聊到全球发音，大家都笑疯了,1,0,梗数据集_hot_speech_synth.txt,meme=全球发音,2.0,slang_153_1_8fc92af1,,client
slang_073,student_slang,又被导师全球发音，我直接破防了,3,0,梗数据集_hot_speech_synth.txt,meme=全球发音,5.0,slang_153_3_10bccdeb,,client
slang_073,student_slang,被同学阴阳全球发音，内耗一整天,3,0,梗数据集_hot_speech_synth.txt,meme=全球发音,5.0,slang_153_3_d320c743,,client
slang_073,student_slang,秋招碰壁，刷到全球发音更焦虑了,3,0,梗数据集_hot_speech_synth.txt,meme=全球发音,5.0,slang_153_3_82903639,,client
slang_073,student_slang,最近满脑子都是全球发音，感觉活着没意思,7,1,梗数据集_hot_speech_synth.txt,meme=全球发音,8.0,slang_153_7_122b5a03,,client
slang_073,student_slang,旁边人都在全球发音，我却觉得自己很失败,7,1,梗数据集_hot_speech_synth.txt,meme=全球发音,8.0,slang_153_7_da0367de,,client
slang_073,student_slang,被全球发音搞到撑不下去了，真的好累,7,1,梗数据集_hot_speech_synth.txt,meme=全球发音,8.0,slang_153_7_b83e2bf2,,client
slang_074,student_slang,同学整天骷髅打金服，我有点跟不上梗,0,0,梗数据集_hot_speech_synth.txt,meme=骷髅打金服,2.0,slang_154_0_c2877e97,,client
slang_074,student_slang,群里又在玩骷髅打金服，我只能回一个6,0,0,梗数据集_hot_speech_synth.txt,meme=骷髅打金服,2.0,slang_154_0_8cea3bd2,,client
slang_074,student_slang,朋友发了个骷髅打金服，我假装看懂了,0,0,梗数据集_hot_speech_synth.txt,meme=骷髅打金服,2.0,slang_154_0_3909cfdf,,client
slang_074,student_slang,小组作业做完，晚上靠骷髅打金服快乐一下,1,0,梗数据集_hot_speech_synth.txt,meme=骷髅打金服,2.0,slang_154_1_71f89b97,,client
slang_074,student_slang,刷到骷髅打金服笑出猪叫，明天考试也不慌了,1,0,梗数据集_hot_speech_synth.txt,meme=骷髅打金服,2.0,slang_154_1_eb33b9c9,,client
slang_074,student_slang,今天终于骷髅打金服了，心情一下子好起来,1,0,梗数据集_hot_speech_synth.txt,meme=骷髅打金服,2.0,slang_154_1_81924e71,,client
slang_074,student_slang,挂科预警加上骷髅打金服，今晚睡不着,3,0,梗数据集_hot_speech_synth.txt,meme=骷髅打金服,5.0,slang_154_3_3bd9effb,,client
slang_074,student_slang,期末周还遇到骷髅打金服，心态崩了,3,0,梗数据集_hot_speech_synth.txt,meme=骷髅打金服,5.0,slang_154_3_5c83e73e,,client
slang_074,student_slang,被同学阴阳骷髅打金服，内耗一整天,3,0,梗数据集_hot_speech_synth.txt,meme=骷髅打金服,5.0,slang_154_3_0601071c,,client
slang_075,student_slang,同学整天你的钢门比较松弛，我有点跟不上梗,0,0,梗数据集_hot_speech_synth.txt,meme=你的钢门比较松弛,2.0,slang_155_0_ddf4d45e,,client
slang_075,student_slang,宿舍夜谈又提到你的钢门比较松弛，我躺着听,0,0,梗数据集_hot_speech_synth.txt,meme=你的钢门比较松弛,2.0,slang_155_0_6bd4b383,,client
slang_075,student_slang,群里又在玩你的钢门比较松弛，我只能回一个6,0,0,梗数据集_hot_speech_synth.txt,meme=你的钢门比较松弛,2.0,slang_155_0_ce3641ac,,client
slang_075,student_slang,小组作业做完，晚上靠你的钢门比较松弛快乐一下,1,0,梗数据集_hot_speech_synth.txt,meme=你的钢门比较松弛,2.0,slang_155_1_463ad5e9,,client
slang_075,student_slang,刷到你的钢门比较松弛笑出猪叫，明天考试也不慌了,1,0,梗数据集_hot_speech_synth.txt,meme=你的钢门比较松弛,2.0,slang_155_1_cc5c26ea,,client
slang_075,student_slang,今天终于你的钢门比较松弛了，心情一下子好起来,1,0,梗数据集_hot_speech_synth.txt,meme=你的钢门比较松弛,2.0,slang_155_1_abc83bb9,,client
slang_075,student_slang,宿舍那事搞得我很你的钢门比较松弛，真的绷不住,3,0,梗数据集_hot_speech_synth.txt,meme=你的钢门比较松弛,5.0,slang_155_3_f05b7e06,,client
slang_075,student_slang,期末周还遇到你的钢门比较松弛，心态崩了,3,0,梗数据集_hot_speech_synth.txt,meme=你的钢门比较松弛,5.0,slang_155_3_1ed12045,,client
slang_075,student_slang,秋招碰壁，刷到你的钢门比较松弛更焦虑了,3,0,梗数据集_hot_speech_synth.txt,meme=你的钢门比较松弛,5.0,slang_155_3_fe723423,,client
slang_076,student_slang,朋友发了个生气猫、委屈猫，我假装看懂了,0,0,梗数据集_hot_speech_synth.txt,meme=生气猫、委屈猫,2.0,slang_156_0_b12518ef,,client
slang_076,student_slang,网上全是生气猫、委屈猫，感觉信息过载,0,0,梗数据集_hot_speech_synth.txt,meme=生气猫、委屈猫,2.0,slang_156_0_c8d6a184,,client
slang_076,student_slang,群里又在玩生气猫、委屈猫，我只能回一个6,0,0,梗数据集_hot_speech_synth.txt,meme=生气猫、委屈猫,2.0,slang_156_0_11241d84,,client
slang_076,student_slang,和室友聊到生气猫、委屈猫，大家都笑疯了,1,0,梗数据集_hot_speech_synth.txt,meme=生气猫、委屈猫,2.0,slang_156_1_15fb715a,,client
slang_076,student_slang,小组作业做完，晚上靠生气猫、委屈猫快乐一下,1,0,梗数据集_hot_speech_synth.txt,meme=生气猫、委屈猫,2.0,slang_156_1_3a6ade06,,client
slang_076,student_slang,刷到生气猫、委屈猫笑出猪叫，明天考试也不慌了,1,0,梗数据集_hot_speech_synth.txt,meme=生气猫、委屈猫,2.0,slang_156_1_44fc28ab,,client
slang_076,student_slang,秋招碰壁，刷到生气猫、委屈猫更焦虑了,3,0,梗数据集_hot_speech_synth.txt,meme=生气猫、委屈猫,5.0,slang_156_3_f65f88e3,,client
slang_076,student_slang,看到生气猫、委屈猫突然emo了，不想社交,3,0,梗数据集_hot_speech_synth.txt,meme=生气猫、委屈猫,5.0,slang_156_3_a95b1f59,,client
slang_076,student_slang,又被导师生气猫、委屈猫，我直接破防了,3,0,梗数据集_hot_speech_synth.txt,meme=生气猫、委屈猫,5.0,slang_156_3_06f9a3fa,,client
slang_077,student_slang,同学整天打歌，我有点跟不上梗,0,0,梗数据集_hot_speech_synth.txt,meme=打歌,2.0,slang_157_0_a2510a64,,client
slang_077,student_slang,群里又在玩打歌，我只能回一个6,0,0,梗数据集_hot_speech_synth.txt,meme=打歌,2.0,slang_157_0_c6ff044b,,client
slang_077,student_slang,课间大家聊打歌，我插不上话,0,0,梗数据集_hot_speech_synth.txt,meme=打歌,2.0,slang_157_0_03b516b0,,client
slang_077,student_slang,小组作业做完，晚上靠打歌快乐一下,1,0,梗数据集_hot_speech_synth.txt,meme=打歌,2.0,slang_157_1_f6d095cc,,client
slang_077,student_slang,和室友聊到打歌，大家都笑疯了,1,0,梗数据集_hot_speech_synth.txt,meme=打歌,2.0,slang_157_1_be0e792d,,client
slang_077,student_slang,朋友用打歌逗我，整个人都轻松了,1,0,梗数据集_hot_speech_synth.txt,meme=打歌,2.0,slang_157_1_2df7d1ab,,client
slang_077,student_slang,看到打歌突然emo了，不想社交,3,0,梗数据集_hot_speech_synth.txt,meme=打歌,5.0,slang_157_3_085a50d0,,client
slang_077,student_slang,挂科预警加上打歌，今晚睡不着,3,0,梗数据集_hot_speech_synth.txt,meme=打歌,5.0,slang_157_3_322f202c,,client
slang_077,student_slang,期末周还遇到打歌，心态崩了,3,0,梗数据集_hot_speech_synth.txt,meme=打歌,5.0,slang_157_3_cc6db886,,client
slang_078,student_slang,同学整天超yue自我，我有点跟不上梗,0,0,梗数据集_hot_speech_synth.txt,meme=超yue自我,2.0,slang_158_0_07935ec6,,client
slang_078,student_slang,朋友发了个超yue自我，我假装看懂了,0,0,梗数据集_hot_speech_synth.txt,meme=超yue自我,2.0,slang_158_0_6b915ee1,,client
slang_078,student_slang,课间大家聊超yue自我，我插不上话,0,0,梗数据集_hot_speech_synth.txt,meme=超yue自我,2.0,slang_158_0_b9c204cd,,client
slang_078,student_slang,刷到超yue自我笑出猪叫，明天考试也不慌了,1,0,梗数据集_hot_speech_synth.txt,meme=超yue自我,2.0,slang_158_1_569fb7e4,,client
slang_078,student_slang,今天终于超yue自我了，心情一下子好起来,1,0,梗数据集_hot_speech_synth.txt,meme=超yue自我,2.0,slang_158_1_6e43d5a8,,client
slang_078,student_slang,朋友用超yue自我逗我，整个人都轻松了,1,0,梗数据集_hot_speech_synth.txt,meme=超yue自我,2.0,slang_158_1_b82c2e56,,client
slang_078,student_slang,宿舍那事搞得我很超yue自我，真的绷不住,3,0,梗数据集_hot_speech_synth.txt,meme=超yue自我,5.0,slang_158_3_5189508d,,client
slang_078,student_slang,挂科预警加上超yue自我，今晚睡不着,3,0,梗数据集_hot_speech_synth.txt,meme=超yue自我,5.0,slang_158_3_497db749,,client
slang_078,student_slang,被同学阴阳超yue自我，内耗一整天,3,0,梗数据集_hot_speech_synth.txt,meme=超yue自我,5.0,slang_158_3_319f06d2,,client
slang_079,student_slang,群里又在玩奎桑提的神秘商店，我只能回一个6,0,0,梗数据集_hot_speech_synth.txt,meme=奎桑提的神秘商店,2.0,slang_159_0_274158d4,,client
slang_079,student_slang,网上全是奎桑提的神秘商店，感觉信息过载,0,0,梗数据集_hot_speech_synth.txt,meme=奎桑提的神秘商店,2.0,slang_159_0_1a8d9652,,client
slang_079,student_slang,朋友发了个奎桑提的神秘商店，我假装看懂了,0,0,梗数据集_hot_speech_synth.txt,meme=奎桑提的神秘商店,2.0,slang_159_0_6f08484f,,client
slang_079,student_slang,朋友用奎桑提的神秘商店逗我，整个人都轻松了,1,0,梗数据集_hot_speech_synth.txt,meme=奎桑提的神秘商店,2.0,slang_159_1_5bfae1b4,,client
slang_079,student_slang,小组作业做完，晚上靠奎桑提的神秘商店快乐一下,1,0,梗数据集_hot_speech_synth.txt,meme=奎桑提的神秘商店,2.0,slang_159_1_530be3ce,,client
slang_079,student_slang,和室友聊到奎桑提的神秘商店，大家都笑疯了,1,0,梗数据集_hot_speech_synth.txt,meme=奎桑提的神秘商店,2.0,slang_159_1_9ddcf4bb,,client
slang_079,student_slang,被同学阴阳奎桑提的神秘商店，内耗一整天,3,0,梗数据集_hot_speech_synth.txt,meme=奎桑提的神秘商店,5.0,slang_159_3_577e4b31,,client
slang_079,student_slang,看到奎桑提的神秘商店突然emo了，不想社交,3,0,梗数据集_hot_speech_synth.txt,meme=奎桑提的神秘商店,5.0,slang_159_3_183f84cf,,client
slang_079,student_slang,秋招碰壁，刷到奎桑提的神秘商店更焦虑了,3,0,梗数据集_hot_speech_synth.txt,meme=奎桑提的神秘商店,5.0,slang_159_3_9441fdc4,,client
slang_000,student_slang,朋友发了个†升天†，我假装看懂了,0,0,梗数据集_hot_speech_synth.txt,meme=†升天†,2.0,slang_160_0_abedf3a8,,client
slang_000,student_slang,同学整天†升天†，我有点跟不上梗,0,0,梗数据集_hot_speech_synth.txt,meme=†升天†,2.0,slang_160_0_d1d4e101,,client
slang_000,student_slang,群里又在玩†升天†，我只能回一个6,0,0,梗数据集_hot_speech_synth.txt,meme=†升天†,2.0,slang_160_0_838ed96d,,client
slang_000,student_slang,刷到†升天†笑出猪叫，明天考试也不慌了,1,0,梗数据集_hot_speech_synth.txt,meme=†升天†,2.0,slang_160_1_9aed37ff,,client
slang_000,student_slang,朋友用†升天†逗我，整个人都轻松了,1,0,梗数据集_hot_speech_synth.txt,meme=†升天†,2.0,slang_160_1_3e74b16a,,client
slang_000,student_slang,今天终于†升天†了，心情一下子好起来,1,0,梗数据集_hot_speech_synth.txt,meme=†升天†,2.0,slang_160_1_a3f2206a,,client
slang_000,student_slang,期末周还遇到†升天†，心态崩了,3,0,梗数据集_hot_speech_synth.txt,meme=†升天†,5.0,slang_160_3_3695f805,,client
slang_000,student_slang,秋招碰壁，刷到†升天†更焦虑了,3,0,梗数据集_hot_speech_synth.txt,meme=†升天†,5.0,slang_160_3_dd8d1137,,client
slang_000,student_slang,被同学阴阳†升天†，内耗一整天,3,0,梗数据集_hot_speech_synth.txt,meme=†升天†,5.0,slang_160_3_455e3359,,client
slang_001,student_slang,宿舍夜谈又提到麦地教父，我躺着听,0,0,梗数据集_hot_speech_synth.txt,meme=麦地教父,2.0,slang_161_0_ef0f268e,,client
slang_001,student_slang,课间大家聊麦地教父，我插不上话,0,0,梗数据集_hot_speech_synth.txt,meme=麦地教父,2.0,slang_161_0_2e024db1,,client
slang_001,student_slang,朋友发了个麦地教父，我假装看懂了,0,0,梗数据集_hot_speech_synth.txt,meme=麦地教父,2.0,slang_161_0_05ef2e2c,,client
slang_001,student_slang,今天终于麦地教父了，心情一下子好起来,1,0,梗数据集_hot_speech_synth.txt,meme=麦地教父,2.0,slang_161_1_2042603b,,client
slang_001,student_slang,和室友聊到麦地教父，大家都笑疯了,1,0,梗数据集_hot_speech_synth.txt,meme=麦地教父,2.0,slang_161_1_896b340e,,client
slang_001,student_slang,朋友用麦地教父逗我，整个人都轻松了,1,0,梗数据集_hot_speech_synth.txt,meme=麦地教父,2.0,slang_161_1_0b9b5518,,client
slang_001,student_slang,被同学阴阳麦地教父，内耗一整天,3,0,梗数据集_hot_speech_synth.txt,meme=麦地教父,5.0,slang_161_3_04bbffcf,,client
slang_001,student_slang,又被导师麦地教父，我直接破防了,3,0,梗数据集_hot_speech_synth.txt,meme=麦地教父,5.0,slang_161_3_486fcd98,,client
slang_001,student_slang,秋招碰壁，刷到麦地教父更焦虑了,3,0,梗数据集_hot_speech_synth.txt,meme=麦地教父,5.0,slang_161_3_07c00776,,client
slang_002,student_slang,同学整天宇宙国，我有点跟不上梗,0,0,梗数据集_hot_speech_synth.txt,meme=宇宙国,2.0,slang_162_0_3c1960ea,,client
slang_002,student_slang,朋友发了个宇宙国，我假装看懂了,0,0,梗数据集_hot_speech_synth.txt,meme=宇宙国,2.0,slang_162_0_b9d6cbdd,,client
slang_002,student_slang,网上全是宇宙国，感觉信息过载,0,0,梗数据集_hot_speech_synth.txt,meme=宇宙国,2.0,slang_162_0_5ea882c7,,client
slang_002,student_slang,和室友聊到宇宙国，大家都笑疯了,1,0,梗数据集_hot_speech_synth.txt,meme=宇宙国,2.0,slang_162_1_80f9e139,,client
slang_002,student_slang,刷到宇宙国笑出猪叫，明天考试也不慌了,1,0,梗数据集_hot_speech_synth.txt,meme=宇宙国,2.0,slang_162_1_03ddae52,,client
slang_002,student_slang,小组作业做完，晚上靠宇宙国快乐一下,1,0,梗数据集_hot_speech_synth.txt,meme=宇宙国,2.0,slang_162_1_07fab976,,client
slang_002,student_slang,期末周还遇到宇宙国，心态崩了,3,0,梗数据集_hot_speech_synth.txt,meme=宇宙国,5.0,slang_162_3_b8460676,,client
slang_002,student_slang,又被导师宇宙国，我直接破防了,3,0,梗数据集_hot_speech_synth.txt,meme=宇宙国,5.0,slang_162_3_849e1295,,client
slang_002,student_slang,秋招碰壁，刷到宇宙国更焦虑了,3,0,梗数据集_hot_speech_synth.txt,meme=宇宙国,5.0,slang_162_3_89fc4c7c,,client
slang_003,student_slang,宿舍夜谈又提到美式霸凌，我躺着听,0,0,梗数据集_hot_speech_synth.txt,meme=美式霸凌,2.0,slang_163_0_49ea9a34,,client
slang_003,student_slang,网上全是美式霸凌，感觉信息过载,0,0,梗数据集_hot_speech_synth.txt,meme=美式霸凌,2.0,slang_163_0_c5d2569f,,client
slang_003,student_slang,同学整天美式霸凌，我有点跟不上梗,0,0,梗数据集_hot_speech_synth.txt,meme=美式霸凌,2.0,slang_163_0_c65b1e9d,,client
slang_003,student_slang,和室友聊到美式霸凌，大家都笑疯了,1,0,梗数据集_hot_speech_synth.txt,meme=美式霸凌,2.0,slang_163_1_9ac0eff5,,client
slang_003,student_slang,朋友用美式霸凌逗我，整个人都轻松了,1,0,梗数据集_hot_speech_synth.txt,meme=美式霸凌,2.0,slang_163_1_09805fb3,,client
slang_003,student_slang,刷到美式霸凌笑出猪叫，明天考试也不慌了,1,0,梗数据集_hot_speech_synth.txt,meme=美式霸凌,2.0,slang_163_1_7f388252,,client
slang_003,student_slang,秋招碰壁，刷到美式霸凌更焦虑了,3,0,梗数据集_hot_speech_synth.txt,meme=美式霸凌,5.0,slang_163_3_266a01ab,,client
slang_003,student_slang,宿舍那事搞得我很美式霸凌，真的绷不住,3,0,梗数据集_hot_speech_synth.txt,meme=美式霸凌,5.0,slang_163_3_c4f29e6a,,client
slang_003,student_slang,被同学阴阳美式霸凌，内耗一整天,3,0,梗数据集_hot_speech_synth.txt,meme=美式霸凌,5.0,slang_163_3_23c06a9d,,client
slang_004,student_slang,课间大家聊超能先生逐渐XX，我插不上话,0,0,梗数据集_hot_speech_synth.txt,meme=超能先生逐渐XX,2.0,slang_164_0_ebe965c0,,client
slang_004,student_slang,朋友发了个超能先生逐渐XX，我假装看懂了,0,0,梗数据集_hot_speech_synth.txt,meme=超能先生逐渐XX,2.0,slang_164_0_0f52a0fe,,client
slang_004,student_slang,群里又在玩超能先生逐渐XX，我只能回一个6,0,0,梗数据集_hot_speech_synth.txt,meme=超能先生逐渐XX,2.0,slang_164_0_a894e07c,,client
slang_004,student_slang,朋友用超能先生逐渐XX逗我，整个人都轻松了,1,0,梗数据集_hot_speech_synth.txt,meme=超能先生逐渐XX,2.0,slang_164_1_cc566395,,client
slang_004,student_slang,今天终于超能先生逐渐XX了，心情一下子好起来,1,0,梗数据集_hot_speech_synth.txt,meme=超能先生逐渐XX,2.0,slang_164_1_b991462f,,client
slang_004,student_slang,和室友聊到超能先生逐渐XX，大家都笑疯了,1,0,梗数据集_hot_speech_synth.txt,meme=超能先生逐渐XX,2.0,slang_164_1_622cab48,,client
slang_004,student_slang,又被导师超能先生逐渐XX，我直接破防了,3,0,梗数据集_hot_speech_synth.txt,meme=超能先生逐渐XX,5.0,slang_164_3_5154b6cc,,client
slang_004,student_slang,看到超能先生逐渐XX突然emo了，不想社交,3,0,梗数据集_hot_speech_synth.txt,meme=超能先生逐渐XX,5.0,slang_164_3_809b5f90,,client
slang_004,student_slang,挂科预警加上超能先生逐渐XX，今晚睡不着,3,0,梗数据集_hot_speech_synth.txt,meme=超能先生逐渐XX,5.0,slang_164_3_38596b97,,client
slang_005,student_slang,朋友发了个谢谢猎豹，我假装看懂了,0,0,梗数据集_hot_speech_synth.txt,meme=谢谢猎豹,2.0,slang_165_0_94662fc5,,client
slang_005,student_slang,课间大家聊谢谢猎豹，我插不上话,0,0,梗数据集_hot_speech_synth.txt,meme=谢谢猎豹,2.0,slang_165_0_deed11d1,,client
slang_005,student_slang,宿舍夜谈又提到谢谢猎豹，我躺着听,0,0,梗数据集_hot_speech_synth.txt,meme=谢谢猎豹,2.0,slang_165_0_84da9f49,,client
slang_005,student_slang,小组作业做完，晚上靠谢谢猎豹快乐一下,1,0,梗数据集_hot_speech_synth.txt,meme=谢谢猎豹,2.0,slang_165_1_cd252c48,,client
slang_005,student_slang,朋友用谢谢猎豹逗我，整个人都轻松了,1,0,梗数据集_hot_speech_synth.txt,meme=谢谢猎豹,2.0,slang_165_1_a1aeca19,,client
slang_005,student_slang,刷到谢谢猎豹笑出猪叫，明天考试也不慌了,1,0,梗数据集_hot_speech_synth.txt,meme=谢谢猎豹,2.0,slang_165_1_eaf3e948,,client
slang_005,student_slang,秋招碰壁，刷到谢谢猎豹更焦虑了,3,0,梗数据集_hot_speech_synth.txt,meme=谢谢猎豹,5.0,slang_165_3_93ce4219,,client
slang_005,student_slang,看到谢谢猎豹突然emo了，不想社交,3,0,梗数据集_hot_speech_synth.txt,meme=谢谢猎豹,5.0,slang_165_3_60c67332,,client
slang_005,student_slang,期末周还遇到谢谢猎豹，心态崩了,3,0,梗数据集_hot_speech_synth.txt,meme=谢谢猎豹,5.0,slang_165_3_88cd58e0,,client
slang_006,student_slang,群里又在玩葬天帝，我只能回一个6,0,0,梗数据集_hot_speech_synth.txt,meme=葬天帝,2.0,slang_166_0_1ec1f239,,client
slang_006,student_slang,宿舍夜谈又提到葬天帝，我躺着听,0,0,梗数据集_hot_speech_synth.txt,meme=葬天帝,2.0,slang_166_0_5bf0294f,,client
slang_006,student_slang,网上全是葬天帝，感觉信息过载,0,0,梗数据集_hot_speech_synth.txt,meme=葬天帝,2.0,slang_166_0_f4060ac8,,client
slang_006,student_slang,刷到葬天帝笑出猪叫，明天考试也不慌了,1,0,梗数据集_hot_speech_synth.txt,meme=葬天帝,2.0,slang_166_1_18f6387c,,client
slang_006,student_slang,和室友聊到葬天帝，大家都笑疯了,1,0,梗数据集_hot_speech_synth.txt,meme=葬天帝,2.0,slang_166_1_a91b080c,,client
slang_006,student_slang,小组作业做完，晚上靠葬天帝快乐一下,1,0,梗数据集_hot_speech_synth.txt,meme=葬天帝,2.0,slang_166_1_6eccdff0,,client
slang_006,student_slang,看到葬天帝突然emo了，不想社交,3,0,梗数据集_hot_speech_synth.txt,meme=葬天帝,5.0,slang_166_3_10d99a0c,,client
slang_006,student_slang,秋招碰壁，刷到葬天帝更焦虑了,3,0,梗数据集_hot_speech_synth.txt,meme=葬天帝,5.0,slang_166_3_18b704a6,,client
slang_006,student_slang,期末周还遇到葬天帝，心态崩了,3,0,梗数据集_hot_speech_synth.txt,meme=葬天帝,5.0,slang_166_3_d513c4f5,,client
slang_007,student_slang,群里又在玩我能受这委屈吗，我只能回一个6,0,0,梗数据集_hot_speech_synth.txt,meme=我能受这委屈吗,2.0,slang_167_0_f60d1ce3,,client
slang_007,student_slang,宿舍夜谈又提到我能受这委屈吗，我躺着听,0,0,梗数据集_hot_speech_synth.txt,meme=我能受这委屈吗,2.0,slang_167_0_52294eb0,,client
slang_007,student_slang,网上全是我能受这委屈吗，感觉信息过载,0,0,梗数据集_hot_speech_synth.txt,meme=我能受这委屈吗,2.0,slang_167_0_8dcec219,,client
slang_007,student_slang,和室友聊到我能受这委屈吗，大家都笑疯了,1,0,梗数据集_hot_speech_synth.txt,meme=我能受这委屈吗,2.0,slang_167_1_1ea1530a,,client
slang_007,student_slang,朋友用我能受这委屈吗逗我，整个人都轻松了,1,0,梗数据集_hot_speech_synth.txt,meme=我能受这委屈吗,2.0,slang_167_1_9880ad96,,client
slang_007,student_slang,刷到我能受这委屈吗笑出猪叫，明天考试也不慌了,1,0,梗数据集_hot_speech_synth.txt,meme=我能受这委屈吗,2.0,slang_167_1_ea5d29a0,,client
slang_007,student_slang,看到我能受这委屈吗突然emo了，不想社交,3,0,梗数据集_hot_speech_synth.txt,meme=我能受这委屈吗,5.0,slang_167_3_6f9c6318,,client
slang_007,student_slang,被同学阴阳我能受这委屈吗，内耗一整天,3,0,梗数据集_hot_speech_synth.txt,meme=我能受这委屈吗,5.0,slang_167_3_1beffc11,,client
slang_007,student_slang,又被导师我能受这委屈吗，我直接破防了,3,0,梗数据集_hot_speech_synth.txt,meme=我能受这委屈吗,5.0,slang_167_3_75bb35ef,,client
slang_008,student_slang,宿舍夜谈又提到铁憨憨，我躺着听,0,0,梗数据集_hot_speech_synth.txt,meme=铁憨憨,2.0,slang_168_0_6da5a5a3,,client
slang_008,student_slang,朋友发了个铁憨憨，我假装看懂了,0,0,梗数据集_hot_speech_synth.txt,meme=铁憨憨,2.0,slang_168_0_32ad08c9,,client
slang_008,student_slang,课间大家聊铁憨憨，我插不上话,0,0,梗数据集_hot_speech_synth.txt,meme=铁憨憨,2.0,slang_168_0_ef46a155,,client
slang_008,student_slang,和室友聊到铁憨憨，大家都笑疯了,1,0,梗数据集_hot_speech_synth.txt,meme=铁憨憨,2.0,slang_168_1_6d5c44f5,,client
slang_008,student_slang,刷到铁憨憨笑出猪叫，明天考试也不慌了,1,0,梗数据集_hot_speech_synth.txt,meme=铁憨憨,2.0,slang_168_1_d4ede78c,,client
slang_008,student_slang,今天终于铁憨憨了，心情一下子好起来,1,0,梗数据集_hot_speech_synth.txt,meme=铁憨憨,2.0,slang_168_1_eca545d8,,client
slang_008,student_slang,又被导师铁憨憨，我直接破防了,3,0,梗数据集_hot_speech_synth.txt,meme=铁憨憨,5.0,slang_168_3_80110794,,client
slang_008,student_slang,被同学阴阳铁憨憨，内耗一整天,3,0,梗数据集_hot_speech_synth.txt,meme=铁憨憨,5.0,slang_168_3_fa2cda32,,client
slang_008,student_slang,挂科预警加上铁憨憨，今晚睡不着,3,0,梗数据集_hot_speech_synth.txt,meme=铁憨憨,5.0,slang_168_3_67f540a3,,client
slang_009,student_slang,课间大家聊脸都不要了，我插不上话,0,0,梗数据集_hot_speech_synth.txt,meme=脸都不要了,2.0,slang_169_0_3fb90044,,client
slang_009,student_slang,网上全是脸都不要了，感觉信息过载,0,0,梗数据集_hot_speech_synth.txt,meme=脸都不要了,2.0,slang_169_0_1261a557,,client
slang_009,student_slang,同学整天脸都不要了，我有点跟不上梗,0,0,梗数据集_hot_speech_synth.txt,meme=脸都不要了,2.0,slang_169_0_aeb71a77,,client
slang_009,student_slang,刷到脸都不要了笑出猪叫，明天考试也不慌了,1,0,梗数据集_hot_speech_synth.txt,meme=脸都不要了,2.0,slang_169_1_78533022,,client
slang_009,student_slang,小组作业做完，晚上靠脸都不要了快乐一下,1,0,梗数据集_hot_speech_synth.txt,meme=脸都不要了,2.0,slang_169_1_f664868b,,client
slang_009,student_slang,朋友用脸都不要了逗我，整个人都轻松了,1,0,梗数据集_hot_speech_synth.txt,meme=脸都不要了,2.0,slang_169_1_3ab922d7,,client
slang_009,student_slang,挂科预警加上脸都不要了，今晚睡不着,3,0,梗数据集_hot_speech_synth.txt,meme=脸都不要了,5.0,slang_169_3_288844b6,,client
slang_009,student_slang,秋招碰壁，刷到脸都不要了更焦虑了,3,0,梗数据集_hot_speech_synth.txt,meme=脸都不要了,5.0,slang_169_3_1ac4cab0,,client
slang_009,student_slang,宿舍那事搞得我很脸都不要了，真的绷不住,3,0,梗数据集_hot_speech_synth.txt,meme=脸都不要了,5.0,slang_169_3_1497ecd2,,client
slang_010,student_slang,同学整天芭比Q，我有点跟不上梗,0,0,梗数据集_hot_speech_synth.txt,meme=芭比Q,2.0,slang_170_0_bfe61a10,,client
slang_010,student_slang,群里又在玩芭比Q，我只能回一个6,0,0,梗数据集_hot_speech_synth.txt,meme=芭比Q,2.0,slang_170_0_fc294c1e,,client
slang_010,student_slang,网上全是芭比Q，感觉信息过载,0,0,梗数据集_hot_speech_synth.txt,meme=芭比Q,2.0,slang_170_0_a84a2fd4,,client
slang_010,student_slang,刷到芭比Q笑出猪叫，明天考试也不慌了,1,0,梗数据集_hot_speech_synth.txt,meme=芭比Q,2.0,slang_170_1_c44fc08f,,client
slang_010,student_slang,和室友聊到芭比Q，大家都笑疯了,1,0,梗数据集_hot_speech_synth.txt,meme=芭比Q,2.0,slang_170_1_f8dd5f74,,client
slang_010,student_slang,今天终于芭比Q了，心情一下子好起来,1,0,梗数据集_hot_speech_synth.txt,meme=芭比Q,2.0,slang_170_1_095b8d72,,client
slang_010,student_slang,被同学阴阳芭比Q，内耗一整天,3,0,梗数据集_hot_speech_synth.txt,meme=芭比Q,5.0,slang_170_3_b7161697,,client
slang_010,student_slang,宿舍那事搞得我很芭比Q，真的绷不住,3,0,梗数据集_hot_speech_synth.txt,meme=芭比Q,5.0,slang_170_3_e57d1802,,client
slang_010,student_slang,又被导师芭比Q，我直接破防了,3,0,梗数据集_hot_speech_synth.txt,meme=芭比Q,5.0,slang_170_3_bbedc753,,client
slang_010,student_slang,最近满脑子都是芭比Q，感觉活着没意思,7,1,梗数据集_hot_speech_synth.txt,meme=芭比Q,8.0,slang_170_7_c6c04d9e,,client
slang_010,student_slang,被芭比Q搞到撑不下去了，真的好累,7,1,梗数据集_hot_speech_synth.txt,meme=芭比Q,8.0,slang_170_7_221cd5d6,,client
slang_010,student_slang,旁边人都在芭比Q，我却觉得自己很失败,7,1,梗数据集_hot_speech_synth.txt,meme=芭比Q,8.0,slang_170_7_f137d492,,client
slang_011,student_slang,课间大家聊炫沙糖桔，我插不上话,0,0,梗数据集_hot_speech_synth.txt,meme=炫沙糖桔,2.0,slang_171_0_ab5c3f75,,client
slang_011,student_slang,网上全是炫沙糖桔，感觉信息过载,0,0,梗数据集_hot_speech_synth.txt,meme=炫沙糖桔,2.0,slang_171_0_2cb9807d,,client
slang_011,student_slang,宿舍夜谈又提到炫沙糖桔，我躺着听,0,0,梗数据集_hot_speech_synth.txt,meme=炫沙糖桔,2.0,slang_171_0_b84bba26,,client
slang_011,student_slang,小组作业做完，晚上靠炫沙糖桔快乐一下,1,0,梗数据集_hot_speech_synth.txt,meme=炫沙糖桔,2.0,slang_171_1_38267eca,,client
slang_011,student_slang,刷到炫沙糖桔笑出猪叫，明天考试也不慌了,1,0,梗数据集_hot_speech_synth.txt,meme=炫沙糖桔,2.0,slang_171_1_8ee41724,,client
slang_011,student_slang,朋友用炫沙糖桔逗我，整个人都轻松了,1,0,梗数据集_hot_speech_synth.txt,meme=炫沙糖桔,2.0,slang_171_1_49d36c2a,,client
slang_011,student_slang,期末周还遇到炫沙糖桔，心态崩了,3,0,梗数据集_hot_speech_synth.txt,meme=炫沙糖桔,5.0,slang_171_3_2624145e,,client
slang_011,student_slang,宿舍那事搞得我很炫沙糖桔，真的绷不住,3,0,梗数据集_hot_speech_synth.txt,meme=炫沙糖桔,5.0,slang_171_3_a8d7f745,,client
slang_011,student_slang,看到炫沙糖桔突然emo了，不想社交,3,0,梗数据集_hot_speech_synth.txt,meme=炫沙糖桔,5.0,slang_171_3_662507e0,,client
slang_012,student_slang,群里又在玩妹说就是零卡，我只能回一个6,0,0,梗数据集_hot_speech_synth.txt,meme=妹说就是零卡,2.0,slang_172_0_eb12f45b,,client
slang_012,student_slang,宿舍夜谈又提到妹说就是零卡，我躺着听,0,0,梗数据集_hot_speech_synth.txt,meme=妹说就是零卡,2.0,slang_172_0_67075a87,,client
slang_012,student_slang,课间大家聊妹说就是零卡，我插不上话,0,0,梗数据集_hot_speech_synth.txt,meme=妹说就是零卡,2.0,slang_172_0_c7a19a1e,,client
slang_012,student_slang,刷到妹说就是零卡笑出猪叫，明天考试也不慌了,1,0,梗数据集_hot_speech_synth.txt,meme=妹说就是零卡,2.0,slang_172_1_1b036aa2,,client
slang_012,student_slang,小组作业做完，晚上靠妹说就是零卡快乐一下,1,0,梗数据集_hot_speech_synth.txt,meme=妹说就是零卡,2.0,slang_172_1_7327153e,,client
slang_012,student_slang,朋友用妹说就是零卡逗我，整个人都轻松了,1,0,梗数据集_hot_speech_synth.txt,meme=妹说就是零卡,2.0,slang_172_1_44e9bd79,,client
slang_012,student_slang,又被导师妹说就是零卡，我直接破防了,3,0,梗数据集_hot_speech_synth.txt,meme=妹说就是零卡,5.0,slang_172_3_a37246cc,,client
slang_012,student_slang,期末周还遇到妹说就是零卡，心态崩了,3,0,梗数据集_hot_speech_synth.txt,meme=妹说就是零卡,5.0,slang_172_3_86a2eb7e,,client
slang_012,student_slang,被同学阴阳妹说就是零卡，内耗一整天,3,0,梗数据集_hot_speech_synth.txt,meme=妹说就是零卡,5.0,slang_172_3_901133fc,,client
slang_013,student_slang,群里又在玩摇摆联盟，我只能回一个6,0,0,梗数据集_hot_speech_synth.txt,meme=摇摆联盟,2.0,slang_173_0_9307e04a,,client
slang_013,student_slang,朋友发了个摇摆联盟，我假装看懂了,0,0,梗数据集_hot_speech_synth.txt,meme=摇摆联盟,2.0,slang_173_0_ca618898,,client
slang_013,student_slang,宿舍夜谈又提到摇摆联盟，我躺着听,0,0,梗数据集_hot_speech_synth.txt,meme=摇摆联盟,2.0,slang_173_0_d4633fc2,,client
slang_013,student_slang,朋友用摇摆联盟逗我，整个人都轻松了,1,0,梗数据集_hot_speech_synth.txt,meme=摇摆联盟,2.0,slang_173_1_78317d97,,client
slang_013,student_slang,今天终于摇摆联盟了，心情一下子好起来,1,0,梗数据集_hot_speech_synth.txt,meme=摇摆联盟,2.0,slang_173_1_16882223,,client
slang_013,student_slang,小组作业做完，晚上靠摇摆联盟快乐一下,1,0,梗数据集_hot_speech_synth.txt,meme=摇摆联盟,2.0,slang_173_1_d0c852f8,,client
slang_013,student_slang,期末周还遇到摇摆联盟，心态崩了,3,0,梗数据集_hot_speech_synth.txt,meme=摇摆联盟,5.0,slang_173_3_296e209d,,client
slang_013,student_slang,挂科预警加上摇摆联盟，今晚睡不着,3,0,梗数据集_hot_speech_synth.txt,meme=摇摆联盟,5.0,slang_173_3_f97679d7,,client
slang_013,student_slang,又被导师摇摆联盟，我直接破防了,3,0,梗数据集_hot_speech_synth.txt,meme=摇摆联盟,5.0,slang_173_3_c856453b,,client
slang_014,student_slang,网上全是人类的悲欢并不相通，感觉信息过载,0,0,梗数据集_hot_speech_synth.txt,meme=人类的悲欢并不相通,2.0,slang_174_0_11037f21,,client
slang_014,student_slang,群里又在玩人类的悲欢并不相通，我只能回一个6,0,0,梗数据集_hot_speech_synth.txt,meme=人类的悲欢并不相通,2.0,slang_174_0_933b3a28,,client
slang_014,student_slang,宿舍夜谈又提到人类的悲欢并不相通，我躺着听,0,0,梗数据集_hot_speech_synth.txt,meme=人类的悲欢并不相通,2.0,slang_174_0_7464e4d7,,client
slang_014,student_slang,朋友用人类的悲欢并不相通逗我，整个人都轻松了,1,0,梗数据集_hot_speech_synth.txt,meme=人类的悲欢并不相通,2.0,slang_174_1_a1923e75,,client
slang_014,student_slang,今天终于人类的悲欢并不相通了，心情一下子好起来,1,0,梗数据集_hot_speech_synth.txt,meme=人类的悲欢并不相通,2.0,slang_174_1_adf74181,,client
slang_014,student_slang,和室友聊到人类的悲欢并不相通，大家都笑疯了,1,0,梗数据集_hot_speech_synth.txt,meme=人类的悲欢并不相通,2.0,slang_174_1_c42bfac1,,client
slang_014,student_slang,挂科预警加上人类的悲欢并不相通，今晚睡不着,3,0,梗数据集_hot_speech_synth.txt,meme=人类的悲欢并不相通,5.0,slang_174_3_626e2291,,client
slang_014,student_slang,被同学阴阳人类的悲欢并不相通，内耗一整天,3,0,梗数据集_hot_speech_synth.txt,meme=人类的悲欢并不相通,5.0,slang_174_3_efd418ec,,client
slang_014,student_slang,宿舍那事搞得我很人类的悲欢并不相通，真的绷不住,3,0,梗数据集_hot_speech_synth.txt,meme=人类的悲欢并不相通,5.0,slang_174_3_f4776003,,client
slang_015,student_slang,朋友发了个卡农后遗症，我假装看懂了,0,0,梗数据集_hot_speech_synth.txt,meme=卡农后遗症,2.0,slang_175_0_5d73fffd,,client
slang_015,student_slang,课间大家聊卡农后遗症，我插不上话,0,0,梗数据集_hot_speech_synth.txt,meme=卡农后遗症,2.0,slang_175_0_ca0d3989,,client
slang_015,student_slang,宿舍夜谈又提到卡农后遗症，我躺着听,0,0,梗数据集_hot_speech_synth.txt,meme=卡农后遗症,2.0,slang_175_0_f780cb72,,client
slang_015,student_slang,小组作业做完，晚上靠卡农后遗症快乐一下,1,0,梗数据集_hot_speech_synth.txt,meme=卡农后遗症,2.0,slang_175_1_e86db34e,,client
slang_015,student_slang,和室友聊到卡农后遗症，大家都笑疯了,1,0,梗数据集_hot_speech_synth.txt,meme=卡农后遗症,2.0,slang_175_1_57beeffe,,client
slang_015,student_slang,今天终于卡农后遗症了，心情一下子好起来,1,0,梗数据集_hot_speech_synth.txt,meme=卡农后遗症,2.0,slang_175_1_58ee8768,,client
slang_015,student_slang,看到卡农后遗症突然emo了，不想社交,3,0,梗数据集_hot_speech_synth.txt,meme=卡农后遗症,5.0,slang_175_3_6dcd989c,,client
slang_015,student_slang,又被导师卡农后遗症，我直接破防了,3,0,梗数据集_hot_speech_synth.txt,meme=卡农后遗症,5.0,slang_175_3_55840e09,,client
slang_015,student_slang,期末周还遇到卡农后遗症，心态崩了,3,0,梗数据集_hot_speech_synth.txt,meme=卡农后遗症,5.0,slang_175_3_3edc7b26,,client
slang_016,student_slang,网上全是fake run！跑男，感觉信息过载,0,0,梗数据集_hot_speech_synth.txt,meme=fake run！跑男,2.0,slang_176_0_3d185777,,client
slang_016,student_slang,群里又在玩fake run！跑男，我只能回一个6,0,0,梗数据集_hot_speech_synth.txt,meme=fake run！跑男,2.0,slang_176_0_6130e7ba,,client
slang_016,student_slang,同学整天fake run！跑男，我有点跟不上梗,0,0,梗数据集_hot_speech_synth.txt,meme=fake run！跑男,2.0,slang_176_0_76abd445,,client
slang_016,student_slang,今天终于fake run！跑男了，心情一下子好起来,1,0,梗数据集_hot_speech_synth.txt,meme=fake run！跑男,2.0,slang_176_1_f28b835c,,client
slang_016,student_slang,和室友聊到fake run！跑男，大家都笑疯了,1,0,梗数据集_hot_speech_synth.txt,meme=fake run！跑男,2.0,slang_176_1_a568a94e,,client
slang_016,student_slang,刷到fake run！跑男笑出猪叫，明天考试也不慌了,1,0,梗数据集_hot_speech_synth.txt,meme=fake run！跑男,2.0,slang_176_1_6464b29d,,client
slang_016,student_slang,看到fake run！跑男突然emo了，不想社交,3,0,梗数据集_hot_speech_synth.txt,meme=fake run！跑男,5.0,slang_176_3_8673cb5e,,client
slang_016,student_slang,挂科预警加上fake run！跑男，今晚睡不着,3,0,梗数据集_hot_speech_synth.txt,meme=fake run！跑男,5.0,slang_176_3_d41ec6a7,,client
slang_016,student_slang,被同学阴阳fake run！跑男，内耗一整天,3,0,梗数据集_hot_speech_synth.txt,meme=fake run！跑男,5.0,slang_176_3_18c008ff,,client
slang_017,student_slang,课间大家聊快住手，这根本就不是二创，我插不上话,0,0,梗数据集_hot_speech_synth.txt,meme=快住手，这根本就不是二创,2.0,slang_177_0_e912d259,,client
slang_017,student_slang,网上全是快住手，这根本就不是二创，感觉信息过载,0,0,梗数据集_hot_speech_synth.txt,meme=快住手，这根本就不是二创,2.0,slang_177_0_0d8ce1e6,,client
slang_017,student_slang,同学整天快住手，这根本就不是二创，我有点跟不上梗,0,0,梗数据集_hot_speech_synth.txt,meme=快住手，这根本就不是二创,2.0,slang_177_0_3bbc5f3b,,client
slang_017,student_slang,刷到快住手，这根本就不是二创笑出猪叫，明天考试也不慌了,1,0,梗数据集_hot_speech_synth.txt,meme=快住手，这根本就不是二创,2.0,slang_177_1_fe811cec,,client
slang_017,student_slang,小组作业做完，晚上靠快住手，这根本就不是二创快乐一下,1,0,梗数据集_hot_speech_synth.txt,meme=快住手，这根本就不是二创,2.0,slang_177_1_d69ff7f3,,client
slang_017,student_slang,和室友聊到快住手，这根本就不是二创，大家都笑疯了,1,0,梗数据集_hot_speech_synth.txt,meme=快住手，这根本就不是二创,2.0,slang_177_1_a30dc493,,client
slang_017,student_slang,看到快住手，这根本就不是二创突然emo了，不想社交,3,0,梗数据集_hot_speech_synth.txt,meme=快住手，这根本就不是二创,5.0,slang_177_3_91c6ba9a,,client
slang_017,student_slang,挂科预警加上快住手，这根本就不是二创，今晚睡不着,3,0,梗数据集_hot_speech_synth.txt,meme=快住手，这根本就不是二创,5.0,slang_177_3_ec546fd4,,client
slang_017,student_slang,期末周还遇到快住手，这根本就不是二创，心态崩了,3,0,梗数据集_hot_speech_synth.txt,meme=快住手，这根本就不是二创,5.0,slang_177_3_a5d465d7,,client
slang_018,student_slang,网上全是朝你大胯捏一把，感觉信息过载,0,0,梗数据集_hot_speech_synth.txt,meme=朝你大胯捏一把,2.0,slang_178_0_c3e70e23,,client
slang_018,student_slang,课间大家聊朝你大胯捏一把，我插不上话,0,0,梗数据集_hot_speech_synth.txt,meme=朝你大胯捏一把,2.0,slang_178_0_9f2997db,,client
slang_018,student_slang,群里又在玩朝你大胯捏一把，我只能回一个6,0,0,梗数据集_hot_speech_synth.txt,meme=朝你大胯捏一把,2.0,slang_178_0_859f06e4,,client
slang_018,student_slang,刷到朝你大胯捏一把笑出猪叫，明天考试也不慌了,1,0,梗数据集_hot_speech_synth.txt,meme=朝你大胯捏一把,2.0,slang_178_1_d067a720,,client
slang_018,student_slang,今天终于朝你大胯捏一把了，心情一下子好起来,1,0,梗数据集_hot_speech_synth.txt,meme=朝你大胯捏一把,2.0,slang_178_1_cdb873a7,,client
slang_018,student_slang,和室友聊到朝你大胯捏一把，大家都笑疯了,1,0,梗数据集_hot_speech_synth.txt,meme=朝你大胯捏一把,2.0,slang_178_1_cd665858,,client
slang_018,student_slang,又被导师朝你大胯捏一把，我直接破防了,3,0,梗数据集_hot_speech_synth.txt,meme=朝你大胯捏一把,5.0,slang_178_3_3bb3fdbf,,client
slang_018,student_slang,被同学阴阳朝你大胯捏一把，内耗一整天,3,0,梗数据集_hot_speech_synth.txt,meme=朝你大胯捏一把,5.0,slang_178_3_d6804014,,client
slang_018,student_slang,看到朝你大胯捏一把突然emo了，不想社交,3,0,梗数据集_hot_speech_synth.txt,meme=朝你大胯捏一把,5.0,slang_178_3_b932f503,,client
slang_019,student_slang,朋友发了个我用xx摆烂我的AE作业，我假装看懂了,0,0,梗数据集_hot_speech_synth.txt,meme=我用xx摆烂我的AE作业,2.0,slang_179_0_aae1b289,,client
slang_019,student_slang,网上全是我用xx摆烂我的AE作业，感觉信息过载,0,0,梗数据集_hot_speech_synth.txt,meme=我用xx摆烂我的AE作业,2.0,slang_179_0_1f0bf942,,client
slang_019,student_slang,同学整天我用xx摆烂我的AE作业，我有点跟不上梗,0,0,梗数据集_hot_speech_synth.txt,meme=我用xx摆烂我的AE作业,2.0,slang_179_0_9d9f94f0,,client
slang_019,student_slang,刷到我用xx摆烂我的AE作业笑出猪叫，明天考试也不慌了,1,0,梗数据集_hot_speech_synth.txt,meme=我用xx摆烂我的AE作业,2.0,slang_179_1_eb8dfeca,,client
slang_019,student_slang,今天终于我用xx摆烂我的AE作业了，心情一下子好起来,1,0,梗数据集_hot_speech_synth.txt,meme=我用xx摆烂我的AE作业,2.0,slang_179_1_eff91b5b,,client
slang_019,student_slang,小组作业做完，晚上靠我用xx摆烂我的AE作业快乐一下,1,0,梗数据集_hot_speech_synth.txt,meme=我用xx摆烂我的AE作业,2.0,slang_179_1_41545e2f,,client
slang_019,student_slang,秋招碰壁，刷到我用xx摆烂我的AE作业更焦虑了,3,0,梗数据集_hot_speech_synth.txt,meme=我用xx摆烂我的AE作业,5.0,slang_179_3_20b76854,,client
slang_019,student_slang,宿舍那事搞得我很我用xx摆烂我的AE作业，真的绷不住,3,0,梗数据集_hot_speech_synth.txt,meme=我用xx摆烂我的AE作业,5.0,slang_179_3_edf27056,,client
slang_019,student_slang,期末周还遇到我用xx摆烂我的AE作业，心态崩了,3,0,梗数据集_hot_speech_synth.txt,meme=我用xx摆烂我的AE作业,5.0,slang_179_3_2f909411,,client
slang_020,student_slang,朋友发了个AEBD，我假装看懂了,0,0,梗数据集_hot_speech_synth.txt,meme=AEBD,2.0,slang_180_0_1b201e60,,client
slang_020,student_slang,宿舍夜谈又提到AEBD，我躺着听,0,0,梗数据集_hot_speech_synth.txt,meme=AEBD,2.0,slang_180_0_65591b0f,,client
slang_020,student_slang,同学整天AEBD，我有点跟不上梗,0,0,梗数据集_hot_speech_synth.txt,meme=AEBD,2.0,slang_180_0_2e3cd608,,client
slang_020,student_slang,小组作业做完，晚上靠AEBD快乐一下,1,0,梗数据集_hot_speech_synth.txt,meme=AEBD,2.0,slang_180_1_e0dcafbe,,client
slang_020,student_slang,今天终于AEBD了，心情一下子好起来,1,0,梗数据集_hot_speech_synth.txt,meme=AEBD,2.0,slang_180_1_0d3dce64,,client
slang_020,student_slang,和室友聊到AEBD，大家都笑疯了,1,0,梗数据集_hot_speech_synth.txt,meme=AEBD,2.0,slang_180_1_f196f587,,client
slang_020,student_slang,被同学阴阳AEBD，内耗一整天,3,0,梗数据集_hot_speech_synth.txt,meme=AEBD,5.0,slang_180_3_9f25b5ab,,client
slang_020,student_slang,看到AEBD突然emo了，不想社交,3,0,梗数据集_hot_speech_synth.txt,meme=AEBD,5.0,slang_180_3_ced8a9eb,,client
slang_020,student_slang,期末周还遇到AEBD，心态崩了,3,0,梗数据集_hot_speech_synth.txt,meme=AEBD,5.0,slang_180_3_ca0c1911,,client
slang_021,student_slang,同学整天防止小孩误食，我有点跟不上梗,0,0,梗数据集_hot_speech_synth.txt,meme=防止小孩误食,2.0,slang_181_0_cfa787b2,,client
slang_021,student_slang,课间大家聊防止小孩误食，我插不上话,0,0,梗数据集_hot_speech_synth.txt,meme=防止小孩误食,2.0,slang_181_0_48b7ae81,,client
slang_021,student_slang,群里又在玩防止小孩误食，我只能回一个6,0,0,梗数据集_hot_speech_synth.txt,meme=防止小孩误食,2.0,slang_181_0_99f5a130,,client
slang_021,student_slang,朋友用防止小孩误食逗我，整个人都轻松了,1,0,梗数据集_hot_speech_synth.txt,meme=防止小孩误食,2.0,slang_181_1_48c7e526,,client
slang_021,student_slang,刷到防止小孩误食笑出猪叫，明天考试也不慌了,1,0,梗数据集_hot_speech_synth.txt,meme=防止小孩误食,2.0,slang_181_1_9bdabeb3,,client
slang_021,student_slang,今天终于防止小孩误食了，心情一下子好起来,1,0,梗数据集_hot_speech_synth.txt,meme=防止小孩误食,2.0,slang_181_1_578fe954,,client
slang_021,student_slang,期末周还遇到防止小孩误食，心态崩了,3,0,梗数据集_hot_speech_synth.txt,meme=防止小孩误食,5.0,slang_181_3_25aeaa1b,,client
slang_021,student_slang,挂科预警加上防止小孩误食，今晚睡不着,3,0,梗数据集_hot_speech_synth.txt,meme=防止小孩误食,5.0,slang_181_3_4acabb48,,client
slang_021,student_slang,宿舍那事搞得我很防止小孩误食，真的绷不住,3,0,梗数据集_hot_speech_synth.txt,meme=防止小孩误食,5.0,slang_181_3_2861bf37,,client
slang_022,student_slang,同学整天X女士说得对，我有点跟不上梗,0,0,梗数据集_hot_speech_synth.txt,meme=X女士说得对,2.0,slang_182_0_e8c57853,,client
slang_022,student_slang,朋友发了个X女士说得对，我假装看懂了,0,0,梗数据集_hot_speech_synth.txt,meme=X女士说得对,2.0,slang_182_0_9d3b2be1,,client
slang_022,student_slang,宿舍夜谈又提到X女士说得对，我躺着听,0,0,梗数据集_hot_speech_synth.txt,meme=X女士说得对,2.0,slang_182_0_3d021409,,client
slang_022,student_slang,和室友聊到X女士说得对，大家都笑疯了,1,0,梗数据集_hot_speech_synth.txt,meme=X女士说得对,2.0,slang_182_1_f32d91ef,,client
slang_022,student_slang,小组作业做完，晚上靠X女士说得对快乐一下,1,0,梗数据集_hot_speech_synth.txt,meme=X女士说得对,2.0,slang_182_1_c29f64b7,,client
slang_022,student_slang,今天终于X女士说得对了，心情一下子好起来,1,0,梗数据集_hot_speech_synth.txt,meme=X女士说得对,2.0,slang_182_1_aa937c4c,,client
slang_022,student_slang,宿舍那事搞得我很X女士说得对，真的绷不住,3,0,梗数据集_hot_speech_synth.txt,meme=X女士说得对,5.0,slang_182_3_6f188e13,,client
slang_022,student_slang,又被导师X女士说得对，我直接破防了,3,0,梗数据集_hot_speech_synth.txt,meme=X女士说得对,5.0,slang_182_3_8f3986df,,client
slang_022,student_slang,期末周还遇到X女士说得对，心态崩了,3,0,梗数据集_hot_speech_synth.txt,meme=X女士说得对,5.0,slang_182_3_f692606c,,client
slang_023,student_slang,群里又在玩的地得警察，我只能回一个6,0,0,梗数据集_hot_speech_synth.txt,meme=的地得警察,2.0,slang_183_0_454e4843,,client
slang_023,student_slang,课间大家聊的地得警察，我插不上话,0,0,梗数据集_hot_speech_synth.txt,meme=的地得警察,2.0,slang_183_0_2ce0bdfb,,client
slang_023,student_slang,网上全是的地得警察，感觉信息过载,0,0,梗数据集_hot_speech_synth.txt,meme=的地得警察,2.0,slang_183_0_32ddcb4b,,client
slang_023,student_slang,刷到的地得警察笑出猪叫，明天考试也不慌了,1,0,梗数据集_hot_speech_synth.txt,meme=的地得警察,2.0,slang_183_1_90a77bc3,,client
slang_023,student_slang,和室友聊到的地得警察，大家都笑疯了,1,0,梗数据集_hot_speech_synth.txt,meme=的地得警察,2.0,slang_183_1_33a32bb0,,client
slang_023,student_slang,小组作业做完，晚上靠的地得警察快乐一下,1,0,梗数据集_hot_speech_synth.txt,meme=的地得警察,2.0,slang_183_1_db65d154,,client
slang_023,student_slang,看到的地得警察突然emo了，不想社交,3,0,梗数据集_hot_speech_synth.txt,meme=的地得警察,5.0,slang_183_3_f7a50a3c,,client
slang_023,student_slang,宿舍那事搞得我很的地得警察，真的绷不住,3,0,梗数据集_hot_speech_synth.txt,meme=的地得警察,5.0,slang_183_3_398f6f10,,client
slang_023,student_slang,秋招碰壁，刷到的地得警察更焦虑了,3,0,梗数据集_hot_speech_synth.txt,meme=的地得警察,5.0,slang_183_3_3825f8c8,,client
slang_024,student_slang,同学整天剑魔区up主，我有点跟不上梗,0,0,梗数据集_hot_speech_synth.txt,meme=剑魔区up主,2.0,slang_184_0_382b4730,,client
slang_024,student_slang,课间大家聊剑魔区up主，我插不上话,0,0,梗数据集_hot_speech_synth.txt,meme=剑魔区up主,2.0,slang_184_0_b35cf282,,client
slang_024,student_slang,网上全是剑魔区up主，感觉信息过载,0,0,梗数据集_hot_speech_synth.txt,meme=剑魔区up主,2.0,slang_184_0_4c50bf68,,client
slang_024,student_slang,朋友用剑魔区up主逗我，整个人都轻松了,1,0,梗数据集_hot_speech_synth.txt,meme=剑魔区up主,2.0,slang_184_1_73ff08e8,,client
slang_024,student_slang,今天终于剑魔区up主了，心情一下子好起来,1,0,梗数据集_hot_speech_synth.txt,meme=剑魔区up主,2.0,slang_184_1_28de2b6f,,client
slang_024,student_slang,和室友聊到剑魔区up主，大家都笑疯了,1,0,梗数据集_hot_speech_synth.txt,meme=剑魔区up主,2.0,slang_184_1_feb78ace,,client
slang_024,student_slang,期末周还遇到剑魔区up主，心态崩了,3,0,梗数据集_hot_speech_synth.txt,meme=剑魔区up主,5.0,slang_184_3_36f1f7c7,,client
slang_024,student_slang,秋招碰壁，刷到剑魔区up主更焦虑了,3,0,梗数据集_hot_speech_synth.txt,meme=剑魔区up主,5.0,slang_184_3_73a14251,,client
slang_024,student_slang,宿舍那事搞得我很剑魔区up主，真的绷不住,3,0,梗数据集_hot_speech_synth.txt,meme=剑魔区up主,5.0,slang_184_3_6bbb5c32,,client
slang_025,student_slang,宿舍夜谈又提到谢帝我要迪士尼，我躺着听,0,0,梗数据集_hot_speech_synth.txt,meme=谢帝我要迪士尼,2.0,slang_185_0_23d65a46,,client
slang_025,student_slang,课间大家聊谢帝我要迪士尼，我插不上话,0,0,梗数据集_hot_speech_synth.txt,meme=谢帝我要迪士尼,2.0,slang_185_0_a9ecf1db,,client
slang_025,student_slang,朋友发了个谢帝我要迪士尼，我假装看懂了,0,0,梗数据集_hot_speech_synth.txt,meme=谢帝我要迪士尼,2.0,slang_185_0_97d39a62,,client
slang_025,student_slang,朋友用谢帝我要迪士尼逗我，整个人都轻松了,1,0,梗数据集_hot_speech_synth.txt,meme=谢帝我要迪士尼,2.0,slang_185_1_ff466548,,client
slang_025,student_slang,和室友聊到谢帝我要迪士尼，大家都笑疯了,1,0,梗数据集_hot_speech_synth.txt,meme=谢帝我要迪士尼,2.0,slang_185_1_2b5196de,,client
slang_025,student_slang,刷到谢帝我要迪士尼笑出猪叫，明天考试也不慌了,1,0,梗数据集_hot_speech_synth.txt,meme=谢帝我要迪士尼,2.0,slang_185_1_5bda5a34,,client
slang_025,student_slang,宿舍那事搞得我很谢帝我要迪士尼，真的绷不住,3,0,梗数据集_hot_speech_synth.txt,meme=谢帝我要迪士尼,5.0,slang_185_3_240b7b82,,client
slang_025,student_slang,期末周还遇到谢帝我要迪士尼，心态崩了,3,0,梗数据集_hot_speech_synth.txt,meme=谢帝我要迪士尼,5.0,slang_185_3_69a6f719,,client
slang_025,student_slang,看到谢帝我要迪士尼突然emo了，不想社交,3,0,梗数据集_hot_speech_synth.txt,meme=谢帝我要迪士尼,5.0,slang_185_3_929732c5,,client
slang_026,student_slang,同学整天寄！GG，我有点跟不上梗,0,0,梗数据集_hot_speech_synth.txt,meme=寄！GG,2.0,slang_186_0_bfaf23d6,,client
slang_026,student_slang,朋友发了个寄！GG，我假装看懂了,0,0,梗数据集_hot_speech_synth.txt,meme=寄！GG,2.0,slang_186_0_68312bed,,client
slang_026,student_slang,宿舍夜谈又提到寄！GG，我躺着听,0,0,梗数据集_hot_speech_synth.txt,meme=寄！GG,2.0,slang_186_0_ec189318,,client
slang_026,student_slang,朋友用寄！GG逗我，整个人都轻松了,1,0,梗数据集_hot_speech_synth.txt,meme=寄！GG,2.0,slang_186_1_00eb9a20,,client
slang_026,student_slang,刷到寄！GG笑出猪叫，明天考试也不慌了,1,0,梗数据集_hot_speech_synth.txt,meme=寄！GG,2.0,slang_186_1_7166bb1d,,client
slang_026,student_slang,和室友聊到寄！GG，大家都笑疯了,1,0,梗数据集_hot_speech_synth.txt,meme=寄！GG,2.0,slang_186_1_ec4eb9a1,,client
slang_026,student_slang,被同学阴阳寄！GG，内耗一整天,3,0,梗数据集_hot_speech_synth.txt,meme=寄！GG,5.0,slang_186_3_5327e193,,client
slang_026,student_slang,挂科预警加上寄！GG，今晚睡不着,3,0,梗数据集_hot_speech_synth.txt,meme=寄！GG,5.0,slang_186_3_3778af0a,,client
slang_026,student_slang,看到寄！GG突然emo了，不想社交,3,0,梗数据集_hot_speech_synth.txt,meme=寄！GG,5.0,slang_186_3_4ebbcd9e,,client
slang_027,student_slang,同学整天我与曹贼何异，我有点跟不上梗,0,0,梗数据集_hot_speech_synth.txt,meme=我与曹贼何异,2.0,slang_187_0_de57c1f2,,client
slang_027,student_slang,网上全是我与曹贼何异，感觉信息过载,0,0,梗数据集_hot_speech_synth.txt,meme=我与曹贼何异,2.0,slang_187_0_2677bd82,,client
slang_027,student_slang,课间大家聊我与曹贼何异，我插不上话,0,0,梗数据集_hot_speech_synth.txt,meme=我与曹贼何异,2.0,slang_187_0_5126743f,,client
slang_027,student_slang,刷到我与曹贼何异笑出猪叫，明天考试也不慌了,1,0,梗数据集_hot_speech_synth.txt,meme=我与曹贼何异,2.0,slang_187_1_61faccb7,,client
slang_027,student_slang,今天终于我与曹贼何异了，心情一下子好起来,1,0,梗数据集_hot_speech_synth.txt,meme=我与曹贼何异,2.0,slang_187_1_f3fe3710,,client
slang_027,student_slang,小组作业做完，晚上靠我与曹贼何异快乐一下,1,0,梗数据集_hot_speech_synth.txt,meme=我与曹贼何异,2.0,slang_187_1_b530431f,,client
slang_027,student_slang,看到我与曹贼何异突然emo了，不想社交,3,0,梗数据集_hot_speech_synth.txt,meme=我与曹贼何异,5.0,slang_187_3_28bd4626,,client
slang_027,student_slang,期末周还遇到我与曹贼何异，心态崩了,3,0,梗数据集_hot_speech_synth.txt,meme=我与曹贼何异,5.0,slang_187_3_e53c3aa8,,client
slang_027,student_slang,被同学阴阳我与曹贼何异，内耗一整天,3,0,梗数据集_hot_speech_synth.txt,meme=我与曹贼何异,5.0,slang_187_3_8a22f83e,,client
slang_027,student_slang,最近满脑子都是我与曹贼何异，感觉活着没意思,7,1,梗数据集_hot_speech_synth.txt,meme=我与曹贼何异,8.0,slang_187_7_37a31dce,,client
slang_027,student_slang,旁边人都在我与曹贼何异，我却觉得自己很失败,7,1,梗数据集_hot_speech_synth.txt,meme=我与曹贼何异,8.0,slang_187_7_54f2fd66,,client
slang_027,student_slang,被我与曹贼何异搞到撑不下去了，真的好累,7,1,梗数据集_hot_speech_synth.txt,meme=我与曹贼何异,8.0,slang_187_7_4d9de164,,client
slang_028,student_slang,群里又在玩控告律师，我只能回一个6,0,0,梗数据集_hot_speech_synth.txt,meme=控告律师,2.0,slang_188_0_5552e45b,,client
slang_028,student_slang,同学整天控告律师，我有点跟不上梗,0,0,梗数据集_hot_speech_synth.txt,meme=控告律师,2.0,slang_188_0_3029e0a3,,client
slang_028,student_slang,朋友发了个控告律师，我假装看懂了,0,0,梗数据集_hot_speech_synth.txt,meme=控告律师,2.0,slang_188_0_b0815354,,client
slang_028,student_slang,朋友用控告律师逗我，整个人都轻松了,1,0,梗数据集_hot_speech_synth.txt,meme=控告律师,2.0,slang_188_1_01416f33,,client
slang_028,student_slang,和室友聊到控告律师，大家都笑疯了,1,0,梗数据集_hot_speech_synth.txt,meme=控告律师,2.0,slang_188_1_4fe40c5d,,client
slang_028,student_slang,小组作业做完，晚上靠控告律师快乐一下,1,0,梗数据集_hot_speech_synth.txt,meme=控告律师,2.0,slang_188_1_375a77f6,,client
slang_028,student_slang,又被导师控告律师，我直接破防了,3,0,梗数据集_hot_speech_synth.txt,meme=控告律师,5.0,slang_188_3_9611208d,,client
slang_028,student_slang,宿舍那事搞得我很控告律师，真的绷不住,3,0,梗数据集_hot_speech_synth.txt,meme=控告律师,5.0,slang_188_3_6c47f8c5,,client
slang_028,student_slang,看到控告律师突然emo了，不想社交,3,0,梗数据集_hot_speech_synth.txt,meme=控告律师,5.0,slang_188_3_7023e7e2,,client
slang_029,student_slang,朋友发了个紫微星，我假装看懂了,0,0,梗数据集_hot_speech_synth.txt,meme=紫微星,2.0,slang_189_0_fbf03a01,,client
slang_029,student_slang,群里又在玩紫微星，我只能回一个6,0,0,梗数据集_hot_speech_synth.txt,meme=紫微星,2.0,slang_189_0_6a54678b,,client
slang_029,student_slang,宿舍夜谈又提到紫微星，我躺着听,0,0,梗数据集_hot_speech_synth.txt,meme=紫微星,2.0,slang_189_0_4badcbfb,,client
slang_029,student_slang,今天终于紫微星了，心情一下子好起来,1,0,梗数据集_hot_speech_synth.txt,meme=紫微星,2.0,slang_189_1_ee79d546,,client
slang_029,student_slang,朋友用紫微星逗我，整个人都轻松了,1,0,梗数据集_hot_speech_synth.txt,meme=紫微星,2.0,slang_189_1_d8b70e84,,client
slang_029,student_slang,刷到紫微星笑出猪叫，明天考试也不慌了,1,0,梗数据集_hot_speech_synth.txt,meme=紫微星,2.0,slang_189_1_7b482772,,client
slang_029,student_slang,期末周还遇到紫微星，心态崩了,3,0,梗数据集_hot_speech_synth.txt,meme=紫微星,5.0,slang_189_3_8eb6d530,,client
slang_029,student_slang,宿舍那事搞得我很紫微星，真的绷不住,3,0,梗数据集_hot_speech_synth.txt,meme=紫微星,5.0,slang_189_3_3daf4a21,,client
slang_029,student_slang,看到紫微星突然emo了，不想社交,3,0,梗数据集_hot_speech_synth.txt,meme=紫微星,5.0,slang_189_3_067ebf5e,,client
slang_fixed_000,student_slang,今天又摆烂了，根本不想学习,3,0,campus_hot_speech_fixed.txt,fixed_hot,4.0,fixed_0,,client
slang_fixed_001,student_slang,绩点太难看，我直接破防,5,0,campus_hot_speech_fixed.txt,fixed_hot,6.0,fixed_1,,client
slang_fixed_002,student_slang,室友内卷到凌晨，我也焦虑了,5,0,campus_hot_speech_fixed.txt,fixed_hot,5.0,fixed_2,,client
slang_fixed_003,student_slang,秋招挂了一堆，心态崩了,3,0,campus_hot_speech_fixed.txt,fixed_hot,6.0,fixed_3,,client
slang_fixed_004,student_slang,导师已读不回，我emo了一下午,3,0,campus_hot_speech_fixed.txt,fixed_hot,4.0,fixed_4,,client
slang_fixed_005,student_slang,宿舍矛盾升级，真的社恐发作,5,0,campus_hot_speech_fixed.txt,fixed_hot,5.0,fixed_5,,client
slang_fixed_006,student_slang,期末周靠咖啡续命，人麻了,0,0,campus_hot_speech_fixed.txt,fixed_hot,3.0,fixed_6,,client
slang_fixed_007,student_slang,考证失败，有点绝望,7,1,campus_hot_speech_fixed.txt,fixed_hot,7.0,fixed_7,,client
slang_fixed_008,student_slang,被辅导员约谈，压力好大,5,0,campus_hot_speech_fixed.txt,fixed_hot,5.0,fixed_8,,client
slang_fixed_009,student_slang,奖学金没拿到，有点丧,3,0,campus_hot_speech_fixed.txt,fixed_hot,3.0,fixed_9,,client
slang_fixed_010,student_slang,网课挂机被点名，社死,2,0,campus_hot_speech_fixed.txt,fixed_hot,3.0,fixed_10,,client
slang_fixed_011,student_slang,答辩被问懵了，当场破防,5,0,campus_hot_speech_fixed.txt,fixed_hot,6.0,fixed_11,,client
slang_fixed_012,student_slang,恋爱被分手，宿舍哭了一晚,3,0,campus_hot_speech_fixed.txt,fixed_hot,6.0,fixed_12,,client
slang_fixed_013,student_slang,家教被放鸽子，烦死了,4,0,campus_hot_speech_fixed.txt,fixed_hot,3.0,fixed_13,,client
slang_fixed_014,student_slang,社团拉新好累，只想躺平,0,0,campus_hot_speech_fixed.txt,fixed_hot,2.0,fixed_14,,client
slang_fixed_015,student_slang,yyds！这科终于过了,1,0,campus_hot_speech_fixed.txt,fixed_hot,2.0,fixed_15,,client
slang_fixed_016,student_slang,awsl 这只小猫太可爱了,1,0,campus_hot_speech_fixed.txt,fixed_hot,1.0,fixed_16,,client
slang_fixed_017,student_slang,这操作我直接6,0,0,campus_hot_speech_fixed.txt,fixed_hot,1.0,fixed_17,,client
slang_fixed_018,student_slang,又被PUA了，好无语,4,0,campus_hot_speech_fixed.txt,fixed_hot,5.0,fixed_18,,client
slang_fixed_019,student_slang,别鸡娃了，我真的累,3,0,campus_hot_speech_fixed.txt,fixed_hot,4.0,fixed_19,,client
